"../../../Engine/Plugins/Animation/ACLPlugin/Content/ACLAnimBoneCompressionSettings.uasset" 0
"../../../Engine/Plugins/Animation/ACLPlugin/Content/ACLAnimBoneCompressionSettings.uexp" 1
"../../../Engine/Plugins/2D/Paper2D/Content/PlaceholderTextures/DummySpriteTexture.ubulk" 2
"../../../Engine/Plugins/2D/Paper2D/Content/PlaceholderTextures/DummySpriteTexture.uasset" 3
"../../../Engine/Plugins/2D/Paper2D/Content/PlaceholderTextures/DummySpriteTexture.uexp" 4
"../../../Engine/Plugins/2D/Paper2D/Content/DummySprite.uasset" 5
"../../../Engine/Plugins/2D/Paper2D/Content/DummySprite.uexp" 6
"../../../Engine/Plugins/2D/Paper2D/Content/DefaultPaperTerrainMaterial.uasset" 7
"../../../Engine/Plugins/2D/Paper2D/Content/DefaultPaperTerrainMaterial.uexp" 8
"../../../Engine/Content/EngineFonts/Faces/DroidSansFallback.uexp" 9
"../../../Engine/Content/EngineFonts/Faces/DroidSansFallback.uasset" 10
"../../../Engine/Content/EngineFonts/Faces/DroidSansFallback.ufont" 11
"../../../Engine/Content/EngineFonts/Faces/RobotoRegular.uexp" 12
"../../../Engine/Content/EngineFonts/Faces/RobotoRegular.uasset" 13
"../../../Engine/Content/EngineFonts/Faces/RobotoRegular.ufont" 14
"../../../Engine/Content/EngineFonts/Faces/RobotoLight.uexp" 15
"../../../Engine/Content/EngineFonts/Faces/RobotoLight.uasset" 16
"../../../Engine/Content/EngineFonts/Faces/RobotoLight.ufont" 17
"../../../Engine/Content/EngineFonts/Faces/RobotoItalic.uexp" 18
"../../../Engine/Content/EngineFonts/Faces/RobotoItalic.uasset" 19
"../../../Engine/Content/EngineFonts/Faces/RobotoItalic.ufont" 20
"../../../Engine/Content/EngineFonts/Faces/RobotoBoldItalic.uexp" 21
"../../../Engine/Content/EngineFonts/Faces/RobotoBoldItalic.uasset" 22
"../../../Engine/Content/EngineFonts/Faces/RobotoBoldItalic.ufont" 23
"../../../Engine/Content/EngineFonts/Faces/RobotoBold.uexp" 24
"../../../Engine/Content/EngineFonts/Faces/RobotoBold.uasset" 25
"../../../Engine/Content/EngineFonts/Faces/RobotoBold.ufont" 26
"../../../Engine/Content/EngineFonts/Roboto.uasset" 27
"../../../Engine/Content/EngineFonts/Roboto.uexp" 28
"../../../Engine/Content/EngineFonts/Faces/DroidSansMono.uexp" 29
"../../../Engine/Content/EngineFonts/Faces/DroidSansMono.uasset" 30
"../../../Engine/Content/EngineFonts/Faces/DroidSansMono.ufont" 31
"../../../Engine/Content/EngineFonts/DroidSansMono.uasset" 32
"../../../Engine/Content/EngineFonts/DroidSansMono.uexp" 33
"../../../Engine/Plugins/Interchange/Runtime/Content/Pipelines/DefaultTexturePipeline.uasset" 34
"../../../Engine/Plugins/Interchange/Runtime/Content/Pipelines/DefaultTexturePipeline.uexp" 35
"../../../Engine/Plugins/Interchange/Runtime/Content/Pipelines/DefaultSceneLevelPipeline.uasset" 36
"../../../Engine/Plugins/Interchange/Runtime/Content/Pipelines/DefaultSceneLevelPipeline.uexp" 37
"../../../Engine/Plugins/Interchange/Runtime/Content/Pipelines/DefaultSceneAssetsPipeline.uasset" 38
"../../../Engine/Plugins/Interchange/Runtime/Content/Pipelines/DefaultSceneAssetsPipeline.uexp" 39
"../../../Engine/Plugins/Interchange/Runtime/Content/Pipelines/DefaultMaterialXPipeline.uasset" 40
"../../../Engine/Plugins/Interchange/Runtime/Content/Pipelines/DefaultMaterialXPipeline.uexp" 41
"../../../Engine/Plugins/Interchange/Runtime/Content/Pipelines/DefaultMaterialPipeline.uasset" 42
"../../../Engine/Plugins/Interchange/Runtime/Content/Pipelines/DefaultMaterialPipeline.uexp" 43
"../../../Engine/Plugins/Interchange/Runtime/Content/Pipelines/DefaultGLTFSceneAssetsPipeline.uasset" 44
"../../../Engine/Plugins/Interchange/Runtime/Content/Pipelines/DefaultGLTFSceneAssetsPipeline.uexp" 45
"../../../Engine/Plugins/Interchange/Runtime/Content/Pipelines/DefaultGLTFPipeline.uasset" 46
"../../../Engine/Plugins/Interchange/Runtime/Content/Pipelines/DefaultGLTFPipeline.uexp" 47
"../../../Engine/Plugins/Interchange/Runtime/Content/Pipelines/DefaultGLTFAssetsPipeline.uasset" 48
"../../../Engine/Plugins/Interchange/Runtime/Content/Pipelines/DefaultGLTFAssetsPipeline.uexp" 49
"../../../Engine/Plugins/Interchange/Runtime/Content/Pipelines/DefaultAssetsPipeline.uasset" 50
"../../../Engine/Plugins/Interchange/Runtime/Content/Pipelines/DefaultAssetsPipeline.uexp" 51
"../../../Engine/Content/EngineSounds/Master.uasset" 52
"../../../Engine/Content/EngineSounds/Master.uexp" 53
"../../../Engine/Content/EngineMaterials/DefaultPhysicalMaterial.uasset" 54
"../../../Engine/Content/EngineMaterials/DefaultPhysicalMaterial.uexp" 55
"../../../Engine/Content/EngineMaterials/DefaultDestructiblePhysicalMaterial.uasset" 56
"../../../Engine/Content/EngineMaterials/DefaultDestructiblePhysicalMaterial.uexp" 57
"../../../Engine/Content/EngineResources/GradientTexture0.uasset" 58
"../../../Engine/Content/EngineResources/GradientTexture0.uexp" 59
"../../../Engine/Content/EngineResources/Black.uasset" 60
"../../../Engine/Content/EngineResources/Black.uexp" 61
"../../../Engine/Content/EditorResources/S_Actor.ubulk" 62
"../../../Engine/Content/EditorResources/S_Actor.uasset" 63
"../../../Engine/Content/EditorResources/S_Actor.uexp" 64
"../../../Engine/Plugins/NNE/NNEDenoiser/Content/NNEDTOM_Output_Default.uasset" 65
"../../../Engine/Plugins/NNE/NNEDenoiser/Content/NNEDTOM_Output_Default.uexp" 66
"../../../Engine/Plugins/NNE/NNEDenoiser/Content/NNEDTOM_Output_Alpha.uasset" 67
"../../../Engine/Plugins/NNE/NNEDenoiser/Content/NNEDTOM_Output_Alpha.uexp" 68
"../../../Engine/Plugins/NNE/NNEDenoiser/Content/NNEDTIM_ColorAlbedoNormal_Default.uasset" 69
"../../../Engine/Plugins/NNE/NNEDenoiser/Content/NNEDTIM_ColorAlbedoNormal_Default.uexp" 70
"../../../Engine/Plugins/NNE/NNEDenoiser/Content/NNEDTIM_ColorAlbedoNormal_Alpha.uasset" 71
"../../../Engine/Plugins/NNE/NNEDenoiser/Content/NNEDTIM_ColorAlbedoNormal_Alpha.uexp" 72
"../../../Engine/Plugins/NNE/NNEDenoiser/Content/NNEDOM_Output_Default.uasset" 73
"../../../Engine/Plugins/NNE/NNEDenoiser/Content/NNEDOM_Output_Default.uexp" 74
"../../../Engine/Plugins/NNE/NNEDenoiser/Content/NNEDOM_Output_Alpha.uasset" 75
"../../../Engine/Plugins/NNE/NNEDenoiser/Content/NNEDOM_Output_Alpha.uexp" 76
"../../../Engine/Plugins/NNE/NNEDenoiser/Content/NNEDIM_HighQuality_Default.uasset" 77
"../../../Engine/Plugins/NNE/NNEDenoiser/Content/NNEDIM_HighQuality_Default.uexp" 78
"../../../Engine/Plugins/NNE/NNEDenoiser/Content/NNEDIM_HighQuality_Alpha.uasset" 79
"../../../Engine/Plugins/NNE/NNEDenoiser/Content/NNEDIM_HighQuality_Alpha.uexp" 80
"../../../Engine/Plugins/NNE/NNEDenoiser/Content/NNEDIM_ColorAlbedoNormal_Default.uasset" 81
"../../../Engine/Plugins/NNE/NNEDenoiser/Content/NNEDIM_ColorAlbedoNormal_Default.uexp" 82
"../../../Engine/Plugins/NNE/NNEDenoiser/Content/NNEDIM_ColorAlbedoNormal_Alpha.uasset" 83
"../../../Engine/Plugins/NNE/NNEDenoiser/Content/NNEDIM_ColorAlbedoNormal_Alpha.uexp" 84
"../../../Engine/Content/EngineDamageTypes/DmgTypeBP_Environmental.uasset" 85
"../../../Engine/Content/EngineDamageTypes/DmgTypeBP_Environmental.uexp" 86
"../../../Engine/Content/EditorResources/S_TriggerSphere.uasset" 87
"../../../Engine/Content/EditorResources/S_TriggerSphere.uexp" 88
"../../../Engine/Content/EditorResources/S_TriggerCapsule.uasset" 89
"../../../Engine/Content/EditorResources/S_TriggerCapsule.uexp" 90
"../../../Engine/Content/EditorResources/S_TriggerBox.uasset" 91
"../../../Engine/Content/EditorResources/S_TriggerBox.uexp" 92
"../../../Engine/Content/EditorResources/S_Trigger.ubulk" 93
"../../../Engine/Content/EditorResources/S_Trigger.uasset" 94
"../../../Engine/Content/EditorResources/S_Trigger.uexp" 95
"../../../Engine/Content/EditorResources/S_Terrain.ubulk" 96
"../../../Engine/Content/EditorResources/S_Terrain.uasset" 97
"../../../Engine/Content/EditorResources/S_Terrain.uexp" 98
"../../../Engine/Content/EditorResources/S_Solver.ubulk" 99
"../../../Engine/Content/EditorResources/S_Solver.uasset" 100
"../../../Engine/Content/EditorResources/S_Solver.uexp" 101
"../../../Engine/Content/EditorResources/S_BoxReflectionCapture.uasset" 102
"../../../Engine/Content/EditorResources/S_BoxReflectionCapture.uexp" 103
"../../../Engine/Content/EditorResources/BSPVertex.uasset" 104
"../../../Engine/Content/EditorResources/BSPVertex.uexp" 105
"../../../Engine/Plugins/Runtime/AudioWidgets/Content/Resources/ScrubHandleDown_Clamped.uasset" 106
"../../../Engine/Plugins/Runtime/AudioWidgets/Content/Resources/ScrubHandleDown_Clamped.uexp" 107
"../../../Engine/Plugins/Interchange/Assets/Content/Functions/MX_UsdPreviewSurface.uasset" 108
"../../../Engine/Plugins/Interchange/Assets/Content/Functions/MX_UsdPreviewSurface.uexp" 109
"../../../Engine/Plugins/Interchange/Assets/Content/Functions/MX_UniformEDF.uasset" 110
"../../../Engine/Plugins/Interchange/Assets/Content/Functions/MX_UniformEDF.uexp" 111
"../../../Engine/Plugins/Interchange/Assets/Content/Functions/MX_TranslucentBSDF.uasset" 112
"../../../Engine/Plugins/Interchange/Assets/Content/Functions/MX_TranslucentBSDF.uexp" 113
"../../../Engine/Plugins/Interchange/Assets/Content/Functions/MX_ThinFilmBSDF.uasset" 114
"../../../Engine/Plugins/Interchange/Assets/Content/Functions/MX_ThinFilmBSDF.uexp" 115
"../../../Engine/Plugins/Interchange/Assets/Content/Functions/MX_SurfaceUnlit.uasset" 116
"../../../Engine/Plugins/Interchange/Assets/Content/Functions/MX_SurfaceUnlit.uexp" 117
"../../../Engine/Plugins/Interchange/Assets/Content/Functions/MX_Surface.uasset" 118
"../../../Engine/Plugins/Interchange/Assets/Content/Functions/MX_Surface.uexp" 119
"../../../Engine/Plugins/Interchange/Assets/Content/Functions/MX_SubsurfaceBSDF.uasset" 120
"../../../Engine/Plugins/Interchange/Assets/Content/Functions/MX_SubsurfaceBSDF.uexp" 121
"../../../Engine/Plugins/Interchange/Assets/Content/Functions/MX_SheenBSDF.uasset" 122
"../../../Engine/Plugins/Interchange/Assets/Content/Functions/MX_SheenBSDF.uexp" 123
"../../../Engine/Plugins/Interchange/Assets/Content/Functions/MX_OrenNayarBSDF.uasset" 124
"../../../Engine/Plugins/Interchange/Assets/Content/Functions/MX_OrenNayarBSDF.uexp" 125
"../../../Engine/Plugins/Interchange/Assets/Content/Functions/MF_IridescenceNoLUT.uasset" 126
"../../../Engine/Plugins/Interchange/Assets/Content/Functions/MF_IridescenceNoLUT.uexp" 127
"../../../Engine/Plugins/Interchange/Assets/Content/Functions/MX_StandardSurface.uasset" 128
"../../../Engine/Plugins/Interchange/Assets/Content/Functions/MX_StandardSurface.uexp" 129
"../../../Engine/Plugins/Interchange/Assets/Content/Functions/MX_TransmissionSurface.uasset" 130
"../../../Engine/Plugins/Interchange/Assets/Content/Functions/MX_TransmissionSurface.uexp" 131
"../../../Engine/Plugins/Interchange/Assets/Content/Functions/MX_OpenPBR_Translucent.uasset" 132
"../../../Engine/Plugins/Interchange/Assets/Content/Functions/MX_OpenPBR_Translucent.uexp" 133
"../../../Engine/Plugins/Interchange/Assets/Content/Functions/MX_OpenPBR_Opaque.uasset" 134
"../../../Engine/Plugins/Interchange/Assets/Content/Functions/MX_OpenPBR_Opaque.uexp" 135
"../../../Engine/Plugins/Interchange/Assets/Content/Functions/MX_MeasuredEDF.uasset" 136
"../../../Engine/Plugins/Interchange/Assets/Content/Functions/MX_MeasuredEDF.uexp" 137
"../../../Engine/Plugins/Interchange/Assets/Content/Functions/MX_GeneralizedSchlickBSDF.uasset" 138
"../../../Engine/Plugins/Interchange/Assets/Content/Functions/MX_GeneralizedSchlickBSDF.uexp" 139
"../../../Engine/Plugins/Interchange/Assets/Content/Functions/MX_Displacement.uasset" 140
"../../../Engine/Plugins/Interchange/Assets/Content/Functions/MX_Displacement.uexp" 141
"../../../Engine/Plugins/Interchange/Assets/Content/Functions/MX_DielectricBSDF.uasset" 142
"../../../Engine/Plugins/Interchange/Assets/Content/Functions/MX_DielectricBSDF.uexp" 143
"../../../Engine/Plugins/Interchange/Assets/Content/Functions/MX_ConicalEDF.uasset" 144
"../../../Engine/Plugins/Interchange/Assets/Content/Functions/MX_ConicalEDF.uexp" 145
"../../../Engine/Plugins/Interchange/Assets/Content/Functions/MX_ConductorBSDF.uasset" 146
"../../../Engine/Plugins/Interchange/Assets/Content/Functions/MX_ConductorBSDF.uexp" 147
"../../../Engine/Plugins/Interchange/Assets/Content/Functions/MX_BurleyDiffuseBSDF.uasset" 148
"../../../Engine/Plugins/Interchange/Assets/Content/Functions/MX_BurleyDiffuseBSDF.uexp" 149
"../../../Engine/Plugins/Interchange/Assets/Content/Functions/MX_AnisotropicVDF.uasset" 150
"../../../Engine/Plugins/Interchange/Assets/Content/Functions/MX_AnisotropicVDF.uexp" 151
"../../../Engine/Plugins/Interchange/Assets/Content/Functions/MX_AbsorptionVDF.uasset" 152
"../../../Engine/Plugins/Interchange/Assets/Content/Functions/MX_AbsorptionVDF.uexp" 153
"../../../Engine/Content/Functions/Engine_MaterialFunctions02/Utility/BreakOutFloat3Components.uasset" 154
"../../../Engine/Content/Functions/Engine_MaterialFunctions02/Utility/BreakOutFloat3Components.uexp" 155
"../../../Engine/Content/Functions/Engine_MaterialFunctions02/Utility/VectorLength.uasset" 156
"../../../Engine/Content/Functions/Engine_MaterialFunctions02/Utility/VectorLength.uexp" 157
"../../../Engine/Content/Functions/Engine_MaterialFunctions02/SafeNormalize.uasset" 158
"../../../Engine/Content/Functions/Engine_MaterialFunctions02/SafeNormalize.uexp" 159
"../../../Engine/Plugins/Editor/SpeedTreeImporter/Content/SpeedTree9/UnpackInteger3.uasset" 160
"../../../Engine/Plugins/Editor/SpeedTreeImporter/Content/SpeedTree9/UnpackInteger3.uexp" 161
"../../../Engine/Plugins/Editor/SpeedTreeImporter/Content/SpeedTree9/UnpackDirection.uasset" 162
"../../../Engine/Plugins/Editor/SpeedTreeImporter/Content/SpeedTree9/UnpackDirection.uexp" 163
"../../../Engine/Plugins/Editor/SpeedTreeImporter/Content/SpeedTree9/game_wind_noise.ubulk" 164
"../../../Engine/Plugins/Editor/SpeedTreeImporter/Content/SpeedTree9/game_wind_noise.uasset" 165
"../../../Engine/Plugins/Editor/SpeedTreeImporter/Content/SpeedTree9/game_wind_noise.uexp" 166
"../../../Engine/Plugins/Editor/SpeedTreeImporter/Content/SpeedTree9/SpeedTreeWindMotion.uasset" 167
"../../../Engine/Plugins/Editor/SpeedTreeImporter/Content/SpeedTree9/SpeedTreeWindMotion.uexp" 168
"../../../Engine/Content/Functions/Engine_MaterialFunctions02/WorldPositionOffset/ObjectScale.uasset" 169
"../../../Engine/Content/Functions/Engine_MaterialFunctions02/WorldPositionOffset/ObjectScale.uexp" 170
"../../../Engine/Plugins/Editor/SpeedTreeImporter/Content/SpeedTree9/SpeedTreeBranchMotion.uasset" 171
"../../../Engine/Plugins/Editor/SpeedTreeImporter/Content/SpeedTree9/SpeedTreeBranchMotion.uexp" 172
"../../../Engine/Content/Functions/Engine_MaterialFunctions02/ObjectLocalBounds.uasset" 173
"../../../Engine/Content/Functions/Engine_MaterialFunctions02/ObjectLocalBounds.uexp" 174
"../../../Engine/Content/Functions/Engine_MaterialFunctions02/UVs/BoundingBoxBased_0-1_UVW.uasset" 175
"../../../Engine/Content/Functions/Engine_MaterialFunctions02/UVs/BoundingBoxBased_0-1_UVW.uexp" 176
"../../../Engine/Plugins/Editor/SpeedTreeImporter/Content/SpeedTree9/SpeedTreeWind.uasset" 177
"../../../Engine/Plugins/Editor/SpeedTreeImporter/Content/SpeedTree9/SpeedTreeWind.uexp" 178
"../../../Engine/Plugins/Editor/SpeedTreeImporter/Content/SpeedTree9/SpeedTreeCameraFacing.uasset" 179
"../../../Engine/Plugins/Editor/SpeedTreeImporter/Content/SpeedTree9/SpeedTreeCameraFacing.uexp" 180
"../../../Engine/Plugins/Editor/SpeedTreeImporter/Content/SpeedTree9/EmptyNormal.uasset" 181
"../../../Engine/Plugins/Editor/SpeedTreeImporter/Content/SpeedTree9/EmptyNormal.uexp" 182
"../../../Engine/Plugins/Editor/SpeedTreeImporter/Content/SpeedTree9/Empty.uasset" 183
"../../../Engine/Plugins/Editor/SpeedTreeImporter/Content/SpeedTree9/Empty.uexp" 184
"../../../Engine/Plugins/Editor/SpeedTreeImporter/Content/SpeedTree9/SpeedTreeMaster.uasset" 185
"../../../Engine/Plugins/Editor/SpeedTreeImporter/Content/SpeedTree9/SpeedTreeMaster.uexp" 186
"../../../Engine/Plugins/Editor/SpeedTreeImporter/Content/SpeedTree9/SpeedTreeBillboard.uasset" 187
"../../../Engine/Plugins/Editor/SpeedTreeImporter/Content/SpeedTree9/SpeedTreeBillboard.uexp" 188
"../../../Engine/Plugins/Editor/SpeedTreeImporter/Content/SpeedTree9/SpeedTreeBillboardMaster.uasset" 189
"../../../Engine/Plugins/Editor/SpeedTreeImporter/Content/SpeedTree9/SpeedTreeBillboardMaster.uexp" 190
"../../../Engine/Plugins/Animation/ControlRig/Content/Controls/ControlRigXRayMaterial.uasset" 191
"../../../Engine/Plugins/Animation/ControlRig/Content/Controls/ControlRigXRayMaterial.uexp" 192
"../../../Engine/Plugins/Animation/ControlRig/Content/Controls/ControlRigGizmoMaterial.uasset" 193
"../../../Engine/Plugins/Animation/ControlRig/Content/Controls/ControlRigGizmoMaterial.uexp" 194
"../../../Engine/Content/EngineSky/M_SimpleSkyDome.uasset" 195
"../../../Engine/Content/EngineSky/M_SimpleSkyDome.uexp" 196
"../../../Engine/Content/EngineResources/DefaultTexture.ubulk" 197
"../../../Engine/Content/EngineResources/DefaultTexture.uasset" 198
"../../../Engine/Content/EngineResources/DefaultTexture.uexp" 199
"../../../Engine/Content/EngineMaterials/RemoveSurfaceMaterial.uasset" 200
"../../../Engine/Content/EngineMaterials/RemoveSurfaceMaterial.uexp" 201
"../../../Engine/Content/EngineMaterials/PreintegratedSkinBRDF.uasset" 202
"../../../Engine/Content/EngineMaterials/PreintegratedSkinBRDF.uexp" 203
"../../../Engine/Content/EngineMaterials/DefaultCalibrationGrayscale.uasset" 204
"../../../Engine/Content/EngineMaterials/DefaultCalibrationGrayscale.uexp" 205
"../../../Engine/Content/EngineMaterials/PPM_DefaultCalibrationGrayscale.uasset" 206
"../../../Engine/Content/EngineMaterials/PPM_DefaultCalibrationGrayscale.uexp" 207
"../../../Engine/Content/EngineMaterials/DefaultCalibrationColor.uasset" 208
"../../../Engine/Content/EngineMaterials/DefaultCalibrationColor.uexp" 209
"../../../Engine/Content/EngineMaterials/PPM_DefaultCalibrationColor.uasset" 210
"../../../Engine/Content/EngineMaterials/PPM_DefaultCalibrationColor.uexp" 211
"../../../Engine/Content/Functions/Engine_MaterialFunctions02/WorldPositionOffset/CameraOffset.uasset" 212
"../../../Engine/Content/Functions/Engine_MaterialFunctions02/WorldPositionOffset/CameraOffset.uexp" 213
"../../../Engine/Content/EngineMaterials/PhAT_JointLimitMaterial.uasset" 214
"../../../Engine/Content/EngineMaterials/PhAT_JointLimitMaterial.uexp" 215
"../../../Engine/Content/EngineMaterials/NaniteHiddenSectionMaterial.uasset" 216
"../../../Engine/Content/EngineMaterials/NaniteHiddenSectionMaterial.uexp" 217
"../../../Engine/Content/EngineMaterials/InvalidLightmapSettings.ubulk" 218
"../../../Engine/Content/EngineMaterials/InvalidLightmapSettings.uasset" 219
"../../../Engine/Content/EngineMaterials/InvalidLightmapSettings.uexp" 220
"../../../Engine/Content/EngineMaterials/M_InvalidLightmapSettings.uasset" 221
"../../../Engine/Content/EngineMaterials/M_InvalidLightmapSettings.uexp" 222
"../../../Engine/Content/EngineMaterials/MiniFont.uasset" 223
"../../../Engine/Content/EngineMaterials/MiniFont.uexp" 224
"../../../Engine/Content/EngineMaterials/GizmoMaterial.uasset" 225
"../../../Engine/Content/EngineMaterials/GizmoMaterial.uexp" 226
"../../../Engine/Content/EngineMaterials/BaseFlattenDiffuseMap_VT.ubulk" 227
"../../../Engine/Content/EngineMaterials/BaseFlattenDiffuseMap_VT.uasset" 228
"../../../Engine/Content/EngineMaterials/BaseFlattenDiffuseMap_VT.uexp" 229
"../../../Engine/Content/EngineMaterials/BaseFlattenEmissiveMap_VT.ubulk" 230
"../../../Engine/Content/EngineMaterials/BaseFlattenEmissiveMap_VT.uasset" 231
"../../../Engine/Content/EngineMaterials/BaseFlattenEmissiveMap_VT.uexp" 232
"../../../Engine/Content/EngineMaterials/BaseFlattenGrayscaleMap_VT.ubulk" 233
"../../../Engine/Content/EngineMaterials/BaseFlattenGrayscaleMap_VT.uasset" 234
"../../../Engine/Content/EngineMaterials/BaseFlattenGrayscaleMap_VT.uexp" 235
"../../../Engine/Content/EngineMaterials/BaseFlattenLinearColor_VT.ubulk" 236
"../../../Engine/Content/EngineMaterials/BaseFlattenLinearColor_VT.uasset" 237
"../../../Engine/Content/EngineMaterials/BaseFlattenLinearColor_VT.uexp" 238
"../../../Engine/Content/EngineMaterials/BaseFlattenNormalMap_VT.ubulk" 239
"../../../Engine/Content/EngineMaterials/BaseFlattenNormalMap_VT.uasset" 240
"../../../Engine/Content/EngineMaterials/BaseFlattenNormalMap_VT.uexp" 241
"../../../Engine/Content/EngineMaterials/Black_1x1_EXR_Texture_VT.ubulk" 242
"../../../Engine/Content/EngineMaterials/Black_1x1_EXR_Texture_VT.uasset" 243
"../../../Engine/Content/EngineMaterials/Black_1x1_EXR_Texture_VT.uexp" 244
"../../../Engine/Content/EngineMaterials/FlattenMaterial_WS_Normal_VT.uasset" 245
"../../../Engine/Content/EngineMaterials/FlattenMaterial_WS_Normal_VT.uexp" 246
"../../../Engine/Content/EngineMaterials/FlattenMaterial_VT.uasset" 247
"../../../Engine/Content/EngineMaterials/FlattenMaterial_VT.uexp" 248
"../../../Engine/Content/EngineMaterials/BaseFlattenLinearColor.uasset" 249
"../../../Engine/Content/EngineMaterials/BaseFlattenLinearColor.uexp" 250
"../../../Engine/Content/EngineMaterials/BaseFlattenNormalMap.uasset" 251
"../../../Engine/Content/EngineMaterials/BaseFlattenNormalMap.uexp" 252
"../../../Engine/Content/EngineMaterials/BaseFlattenDiffuseMap.uasset" 253
"../../../Engine/Content/EngineMaterials/BaseFlattenDiffuseMap.uexp" 254
"../../../Engine/Content/EngineMaterials/BaseFlattenEmissiveMap.uasset" 255
"../../../Engine/Content/EngineMaterials/BaseFlattenEmissiveMap.uexp" 256
"../../../Engine/Content/EngineMaterials/BaseFlattenGrayscaleMap.uasset" 257
"../../../Engine/Content/EngineMaterials/BaseFlattenGrayscaleMap.uexp" 258
"../../../Engine/Content/Functions/Engine_MaterialFunctions02/PivotPainter2/Black_1x1_EXR_Texture.uasset" 259
"../../../Engine/Content/Functions/Engine_MaterialFunctions02/PivotPainter2/Black_1x1_EXR_Texture.uexp" 260
"../../../Engine/Content/EngineMaterials/FlattenMaterial.uasset" 261
"../../../Engine/Content/EngineMaterials/FlattenMaterial.uexp" 262
"../../../Engine/Content/EngineMaterials/FastBlueNoise_vec2_128x128x64.uasset" 263
"../../../Engine/Content/EngineMaterials/FastBlueNoise_vec2_128x128x64.uexp" 264
"../../../Engine/Content/EngineMaterials/FastBlueNoise_scalar_128x128x8.uasset" 265
"../../../Engine/Content/EngineMaterials/FastBlueNoise_scalar_128x128x8.uexp" 266
"../../../Engine/Content/EngineMaterials/FastBlueNoise_scalar_128x128x64.uasset" 267
"../../../Engine/Content/EngineMaterials/FastBlueNoise_scalar_128x128x64.uexp" 268
"../../../Engine/Content/EngineMaterials/DefaultWhiteGrid_Low.uasset" 269
"../../../Engine/Content/EngineMaterials/DefaultWhiteGrid_Low.uexp" 270
"../../../Engine/Content/EngineMaterials/EmissiveMeshMaterial.uasset" 271
"../../../Engine/Content/EngineMaterials/EmissiveMeshMaterial.uexp" 272
"../../../Engine/Content/EngineMaterials/DefaultWhiteGrid.ubulk" 273
"../../../Engine/Content/EngineMaterials/DefaultWhiteGrid.uasset" 274
"../../../Engine/Content/EngineMaterials/DefaultWhiteGrid.uexp" 275
"../../../Engine/Content/EngineFonts/RobotoDistanceField.uasset" 276
"../../../Engine/Content/EngineFonts/RobotoDistanceField.uexp" 277
"../../../Engine/Content/EngineMaterials/DefaultTextMaterialOpaque.uasset" 278
"../../../Engine/Content/EngineMaterials/DefaultTextMaterialOpaque.uexp" 279
"../../../Engine/Content/Functions/Engine_MaterialFunctions02/Utility/BreakOutFloat2Components.uasset" 280
"../../../Engine/Content/Functions/Engine_MaterialFunctions02/Utility/BreakOutFloat2Components.uexp" 281
"../../../Engine/Content/EngineMaterials/DefaultDiffuse.ubulk" 282
"../../../Engine/Content/EngineMaterials/DefaultDiffuse.uasset" 283
"../../../Engine/Content/EngineMaterials/DefaultDiffuse.uexp" 284
"../../../Engine/Content/EngineMaterials/DefaultPostProcessMaterial.uasset" 285
"../../../Engine/Content/EngineMaterials/DefaultPostProcessMaterial.uexp" 286
"../../../Engine/Content/EngineMaterials/DefaultLightFunctionMaterial.uasset" 287
"../../../Engine/Content/EngineMaterials/DefaultLightFunctionMaterial.uexp" 288
"../../../Engine/Content/EngineMaterials/DefaultDeferredDecalMaterial.uasset" 289
"../../../Engine/Content/EngineMaterials/DefaultDeferredDecalMaterial.uexp" 290
"../../../Engine/Content/EngineMaterials/DefaultBokeh.uasset" 291
"../../../Engine/Content/EngineMaterials/DefaultBokeh.uexp" 292
"../../../Engine/Content/EngineMaterials/DefaultBloomKernel.uasset" 293
"../../../Engine/Content/EngineMaterials/DefaultBloomKernel.uexp" 294
"../../../Engine/Plugins/VirtualProduction/CameraCalibrationCore/Content/Materials/M_DefaultOddSquare.uasset" 295
"../../../Engine/Plugins/VirtualProduction/CameraCalibrationCore/Content/Materials/M_DefaultOddSquare.uexp" 296
"../../../Engine/Plugins/VirtualProduction/CameraCalibrationCore/Content/Materials/M_DefaultEvenSquare.uasset" 297
"../../../Engine/Plugins/VirtualProduction/CameraCalibrationCore/Content/Materials/M_DefaultEvenSquare.uexp" 298
"C:/Users/finle/Documents/GitHub/CI536_Integrated_Group_Project/CI536_Group_Project/Content/Input/Actions/IA_MouseLook.uasset" 299
"C:/Users/finle/Documents/GitHub/CI536_Integrated_Group_Project/CI536_Group_Project/Content/Input/Actions/IA_MouseLook.uexp" 300
"C:/Users/finle/Documents/GitHub/CI536_Integrated_Group_Project/CI536_Group_Project/Content/Input/IMC_MouseLook.uasset" 301
"C:/Users/finle/Documents/GitHub/CI536_Integrated_Group_Project/CI536_Group_Project/Content/Input/IMC_MouseLook.uexp" 302
"C:/Users/finle/Documents/GitHub/CI536_Integrated_Group_Project/CI536_Group_Project/Content/Input/Actions/IA_Move.uasset" 303
"C:/Users/finle/Documents/GitHub/CI536_Integrated_Group_Project/CI536_Group_Project/Content/Input/Actions/IA_Move.uexp" 304
"C:/Users/finle/Documents/GitHub/CI536_Integrated_Group_Project/CI536_Group_Project/Content/Input/Actions/IA_Jump.uasset" 305
"C:/Users/finle/Documents/GitHub/CI536_Integrated_Group_Project/CI536_Group_Project/Content/Input/Actions/IA_Jump.uexp" 306
"C:/Users/finle/Documents/GitHub/CI536_Integrated_Group_Project/CI536_Group_Project/Content/Input/Actions/IA_Look.uasset" 307
"C:/Users/finle/Documents/GitHub/CI536_Integrated_Group_Project/CI536_Group_Project/Content/Input/Actions/IA_Look.uexp" 308
"C:/Users/finle/Documents/GitHub/CI536_Integrated_Group_Project/CI536_Group_Project/Content/Input/Actions/IA_Interact.uasset" 309
"C:/Users/finle/Documents/GitHub/CI536_Integrated_Group_Project/CI536_Group_Project/Content/Input/Actions/IA_Interact.uexp" 310
"C:/Users/finle/Documents/GitHub/CI536_Integrated_Group_Project/CI536_Group_Project/Content/Input/Actions/IA_Float.uasset" 311
"C:/Users/finle/Documents/GitHub/CI536_Integrated_Group_Project/CI536_Group_Project/Content/Input/Actions/IA_Float.uexp" 312
"C:/Users/finle/Documents/GitHub/CI536_Integrated_Group_Project/CI536_Group_Project/Content/Input/IMC_Default.uasset" 313
"C:/Users/finle/Documents/GitHub/CI536_Integrated_Group_Project/CI536_Group_Project/Content/Input/IMC_Default.uexp" 314
"C:/Users/finle/Documents/GitHub/CI536_Integrated_Group_Project/CI536_Group_Project/Content/Input/Touch/BPI_TouchInterface.uasset" 315
"C:/Users/finle/Documents/GitHub/CI536_Integrated_Group_Project/CI536_Group_Project/Content/Input/Touch/BPI_TouchInterface.uexp" 316
"../../../Engine/Content/MobileResources/HUD/VirtualJoystick_Thumb.uasset" 317
"../../../Engine/Content/MobileResources/HUD/VirtualJoystick_Thumb.uexp" 318
"../../../Engine/Content/MobileResources/HUD/VirtualJoystick_Background.uasset" 319
"../../../Engine/Content/MobileResources/HUD/VirtualJoystick_Background.uexp" 320
"C:/Users/finle/Documents/GitHub/CI536_Integrated_Group_Project/CI536_Group_Project/Content/Input/Touch/UI_Thumbstick.uasset" 321
"C:/Users/finle/Documents/GitHub/CI536_Integrated_Group_Project/CI536_Group_Project/Content/Input/Touch/UI_Thumbstick.uexp" 322
"C:/Users/finle/Documents/GitHub/CI536_Integrated_Group_Project/CI536_Group_Project/Content/Input/Touch/UI_TouchSimple.uasset" 323
"C:/Users/finle/Documents/GitHub/CI536_Integrated_Group_Project/CI536_Group_Project/Content/Input/Touch/UI_TouchSimple.uexp" 324
"C:/Users/finle/Documents/GitHub/CI536_Integrated_Group_Project/CI536_Group_Project/Content/ThirdPerson/Blueprints/BP_ThirdPersonPlayerController.uasset" 325
"C:/Users/finle/Documents/GitHub/CI536_Integrated_Group_Project/CI536_Group_Project/Content/ThirdPerson/Blueprints/BP_ThirdPersonPlayerController.uexp" 326
"C:/Users/finle/Documents/GitHub/CI536_Integrated_Group_Project/CI536_Group_Project/Content/Characters/Mannequins/Rigs/PA_Mannequin.uasset" 327
"C:/Users/finle/Documents/GitHub/CI536_Integrated_Group_Project/CI536_Group_Project/Content/Characters/Mannequins/Rigs/PA_Mannequin.uexp" 328
"C:/Users/finle/Documents/GitHub/CI536_Integrated_Group_Project/CI536_Group_Project/Content/Characters/Mannequins/Meshes/SK_Mannequin.uasset" 329
"C:/Users/finle/Documents/GitHub/CI536_Integrated_Group_Project/CI536_Group_Project/Content/Characters/Mannequins/Meshes/SK_Mannequin.uexp" 330
"../../../Engine/Content/Functions/Engine_MaterialFunctions01/Texturing/ScaleUVsByCenter.uasset" 331
"../../../Engine/Content/Functions/Engine_MaterialFunctions01/Texturing/ScaleUVsByCenter.uexp" 332
"../../../Engine/Content/Functions/Engine_MaterialFunctions01/Opacity/CameraDepthFade.uasset" 333
"../../../Engine/Content/Functions/Engine_MaterialFunctions01/Opacity/CameraDepthFade.uexp" 334
"C:/Users/finle/Documents/GitHub/CI536_Integrated_Group_Project/CI536_Group_Project/Content/Characters/Mannequins/Textures/Shared/T_UE_Logo_M.uasset" 335
"C:/Users/finle/Documents/GitHub/CI536_Integrated_Group_Project/CI536_Group_Project/Content/Characters/Mannequins/Textures/Shared/T_UE_Logo_M.uexp" 336
"C:/Users/finle/Documents/GitHub/CI536_Integrated_Group_Project/CI536_Group_Project/Content/Characters/Mannequins/Textures/Manny/T_Manny_01_MRA.ubulk" 337
"C:/Users/finle/Documents/GitHub/CI536_Integrated_Group_Project/CI536_Group_Project/Content/Characters/Mannequins/Textures/Manny/T_Manny_01_MRA.uasset" 338
"C:/Users/finle/Documents/GitHub/CI536_Integrated_Group_Project/CI536_Group_Project/Content/Characters/Mannequins/Textures/Manny/T_Manny_01_MRA.uexp" 339
"C:/Users/finle/Documents/GitHub/CI536_Integrated_Group_Project/CI536_Group_Project/Content/Characters/Mannequins/Textures/Manny/T_Manny_01_D.ubulk" 340
"C:/Users/finle/Documents/GitHub/CI536_Integrated_Group_Project/CI536_Group_Project/Content/Characters/Mannequins/Textures/Manny/T_Manny_01_D.uasset" 341
"C:/Users/finle/Documents/GitHub/CI536_Integrated_Group_Project/CI536_Group_Project/Content/Characters/Mannequins/Textures/Manny/T_Manny_01_D.uexp" 342
"C:/Users/finle/Documents/GitHub/CI536_Integrated_Group_Project/CI536_Group_Project/Content/Characters/Mannequins/Textures/Manny/T_Manny_01_BN.ubulk" 343
"C:/Users/finle/Documents/GitHub/CI536_Integrated_Group_Project/CI536_Group_Project/Content/Characters/Mannequins/Textures/Manny/T_Manny_01_BN.uasset" 344
"C:/Users/finle/Documents/GitHub/CI536_Integrated_Group_Project/CI536_Group_Project/Content/Characters/Mannequins/Textures/Manny/T_Manny_01_BN.uexp" 345
"C:/Users/finle/Documents/GitHub/CI536_Integrated_Group_Project/CI536_Group_Project/Content/Characters/Mannequins/Materials/M_Mannequin.uasset" 346
"C:/Users/finle/Documents/GitHub/CI536_Integrated_Group_Project/CI536_Group_Project/Content/Characters/Mannequins/Materials/M_Mannequin.uexp" 347
"C:/Users/finle/Documents/GitHub/CI536_Integrated_Group_Project/CI536_Group_Project/Content/Characters/Mannequins/Textures/Quinn/T_Quinn_01_N.ubulk" 348
"C:/Users/finle/Documents/GitHub/CI536_Integrated_Group_Project/CI536_Group_Project/Content/Characters/Mannequins/Textures/Quinn/T_Quinn_01_N.uasset" 349
"C:/Users/finle/Documents/GitHub/CI536_Integrated_Group_Project/CI536_Group_Project/Content/Characters/Mannequins/Textures/Quinn/T_Quinn_01_N.uexp" 350
"C:/Users/finle/Documents/GitHub/CI536_Integrated_Group_Project/CI536_Group_Project/Content/Characters/Mannequins/Textures/Quinn/T_Quinn_01_MRA.ubulk" 351
"C:/Users/finle/Documents/GitHub/CI536_Integrated_Group_Project/CI536_Group_Project/Content/Characters/Mannequins/Textures/Quinn/T_Quinn_01_MRA.uasset" 352
"C:/Users/finle/Documents/GitHub/CI536_Integrated_Group_Project/CI536_Group_Project/Content/Characters/Mannequins/Textures/Quinn/T_Quinn_01_MRA.uexp" 353
"C:/Users/finle/Documents/GitHub/CI536_Integrated_Group_Project/CI536_Group_Project/Content/Characters/Mannequins/Textures/Quinn/T_Quinn_01_D.ubulk" 354
"C:/Users/finle/Documents/GitHub/CI536_Integrated_Group_Project/CI536_Group_Project/Content/Characters/Mannequins/Textures/Quinn/T_Quinn_01_D.uasset" 355
"C:/Users/finle/Documents/GitHub/CI536_Integrated_Group_Project/CI536_Group_Project/Content/Characters/Mannequins/Textures/Quinn/T_Quinn_01_D.uexp" 356
"C:/Users/finle/Documents/GitHub/CI536_Integrated_Group_Project/CI536_Group_Project/Content/Characters/Mannequins/Materials/Quinn/MI_Quinn_01.uasset" 357
"C:/Users/finle/Documents/GitHub/CI536_Integrated_Group_Project/CI536_Group_Project/Content/Characters/Mannequins/Materials/Quinn/MI_Quinn_01.uexp" 358
"C:/Users/finle/Documents/GitHub/CI536_Integrated_Group_Project/CI536_Group_Project/Content/Characters/Mannequins/Textures/Quinn/T_Quinn_02_N.ubulk" 359
"C:/Users/finle/Documents/GitHub/CI536_Integrated_Group_Project/CI536_Group_Project/Content/Characters/Mannequins/Textures/Quinn/T_Quinn_02_N.uasset" 360
"C:/Users/finle/Documents/GitHub/CI536_Integrated_Group_Project/CI536_Group_Project/Content/Characters/Mannequins/Textures/Quinn/T_Quinn_02_N.uexp" 361
"C:/Users/finle/Documents/GitHub/CI536_Integrated_Group_Project/CI536_Group_Project/Content/Characters/Mannequins/Textures/Quinn/T_Quinn_02_MRA.ubulk" 362
"C:/Users/finle/Documents/GitHub/CI536_Integrated_Group_Project/CI536_Group_Project/Content/Characters/Mannequins/Textures/Quinn/T_Quinn_02_MRA.uasset" 363
"C:/Users/finle/Documents/GitHub/CI536_Integrated_Group_Project/CI536_Group_Project/Content/Characters/Mannequins/Textures/Quinn/T_Quinn_02_MRA.uexp" 364
"C:/Users/finle/Documents/GitHub/CI536_Integrated_Group_Project/CI536_Group_Project/Content/Characters/Mannequins/Textures/Quinn/T_Quinn_02_D.ubulk" 365
"C:/Users/finle/Documents/GitHub/CI536_Integrated_Group_Project/CI536_Group_Project/Content/Characters/Mannequins/Textures/Quinn/T_Quinn_02_D.uasset" 366
"C:/Users/finle/Documents/GitHub/CI536_Integrated_Group_Project/CI536_Group_Project/Content/Characters/Mannequins/Textures/Quinn/T_Quinn_02_D.uexp" 367
"C:/Users/finle/Documents/GitHub/CI536_Integrated_Group_Project/CI536_Group_Project/Content/Characters/Mannequins/Materials/Quinn/MI_Quinn_02.uasset" 368
"C:/Users/finle/Documents/GitHub/CI536_Integrated_Group_Project/CI536_Group_Project/Content/Characters/Mannequins/Materials/Quinn/MI_Quinn_02.uexp" 369
"C:/Users/finle/Documents/GitHub/CI536_Integrated_Group_Project/CI536_Group_Project/Content/Characters/Mannequins/Meshes/SKM_Quinn_Simple.uasset" 370
"C:/Users/finle/Documents/GitHub/CI536_Integrated_Group_Project/CI536_Group_Project/Content/Characters/Mannequins/Meshes/SKM_Quinn_Simple.uexp" 371
"../../../Engine/Plugins/Animation/ControlRig/Content/Controls/DefaultGizmoLibraryNormalized.uasset" 372
"../../../Engine/Plugins/Animation/ControlRig/Content/Controls/DefaultGizmoLibraryNormalized.uexp" 373
"C:/Users/finle/Documents/GitHub/CI536_Integrated_Group_Project/CI536_Group_Project/Content/Characters/Mannequins/Rigs/CR_Mannequin_FootIK.uasset" 374
"C:/Users/finle/Documents/GitHub/CI536_Integrated_Group_Project/CI536_Group_Project/Content/Characters/Mannequins/Rigs/CR_Mannequin_FootIK.uexp" 375
"../../../Engine/Content/Animation/DefaultVariableFrameStrippingSettings.uasset" 376
"../../../Engine/Content/Animation/DefaultVariableFrameStrippingSettings.uexp" 377
"../../../Engine/Content/Animation/DefaultAnimCurveCompressionSettings.uasset" 378
"../../../Engine/Content/Animation/DefaultAnimCurveCompressionSettings.uexp" 379
"../../../Engine/Content/Animation/DefaultAnimBoneCompressionSettings.uasset" 380
"../../../Engine/Content/Animation/DefaultAnimBoneCompressionSettings.uexp" 381
"C:/Users/finle/Documents/GitHub/CI536_Integrated_Group_Project/CI536_Group_Project/Content/Characters/Mannequins/Anims/Unarmed/MM_Idle.uasset" 382
"C:/Users/finle/Documents/GitHub/CI536_Integrated_Group_Project/CI536_Group_Project/Content/Characters/Mannequins/Anims/Unarmed/MM_Idle.uexp" 383
"../../../Engine/Plugins/Animation/ACLPlugin/Content/ACLAnimCurveCompressionSettings.uasset" 384
"../../../Engine/Plugins/Animation/ACLPlugin/Content/ACLAnimCurveCompressionSettings.uexp" 385
"C:/Users/finle/Documents/GitHub/CI536_Integrated_Group_Project/CI536_Group_Project/Content/Characters/Mannequins/Anims/Unarmed/Walk/MF_Unarmed_Walk_Right.uasset" 386
"C:/Users/finle/Documents/GitHub/CI536_Integrated_Group_Project/CI536_Group_Project/Content/Characters/Mannequins/Anims/Unarmed/Walk/MF_Unarmed_Walk_Right.uexp" 387
"C:/Users/finle/Documents/GitHub/CI536_Integrated_Group_Project/CI536_Group_Project/Content/Characters/Mannequins/Anims/Unarmed/Walk/MF_Unarmed_Walk_Left.uasset" 388
"C:/Users/finle/Documents/GitHub/CI536_Integrated_Group_Project/CI536_Group_Project/Content/Characters/Mannequins/Anims/Unarmed/Walk/MF_Unarmed_Walk_Left.uexp" 389
"../../../Engine/Content/Animation/DefaultRecorderBoneCompression.uasset" 390
"../../../Engine/Content/Animation/DefaultRecorderBoneCompression.uexp" 391
"C:/Users/finle/Documents/GitHub/CI536_Integrated_Group_Project/CI536_Group_Project/Content/Characters/Mannequins/Anims/Unarmed/Walk/MF_Unarmed_Walk_Fwd_Right.uasset" 392
"C:/Users/finle/Documents/GitHub/CI536_Integrated_Group_Project/CI536_Group_Project/Content/Characters/Mannequins/Anims/Unarmed/Walk/MF_Unarmed_Walk_Fwd_Right.uexp" 393
"C:/Users/finle/Documents/GitHub/CI536_Integrated_Group_Project/CI536_Group_Project/Content/Characters/Mannequins/Anims/Unarmed/Walk/MF_Unarmed_Walk_Fwd_Left.uasset" 394
"C:/Users/finle/Documents/GitHub/CI536_Integrated_Group_Project/CI536_Group_Project/Content/Characters/Mannequins/Anims/Unarmed/Walk/MF_Unarmed_Walk_Fwd_Left.uexp" 395
"C:/Users/finle/Documents/GitHub/CI536_Integrated_Group_Project/CI536_Group_Project/Content/Characters/Mannequins/Anims/Unarmed/Walk/MF_Unarmed_Walk_Fwd.uasset" 396
"C:/Users/finle/Documents/GitHub/CI536_Integrated_Group_Project/CI536_Group_Project/Content/Characters/Mannequins/Anims/Unarmed/Walk/MF_Unarmed_Walk_Fwd.uexp" 397
"C:/Users/finle/Documents/GitHub/CI536_Integrated_Group_Project/CI536_Group_Project/Content/Characters/Mannequins/Anims/Unarmed/Walk/MF_Unarmed_Walk_Bwd_Right.uasset" 398
"C:/Users/finle/Documents/GitHub/CI536_Integrated_Group_Project/CI536_Group_Project/Content/Characters/Mannequins/Anims/Unarmed/Walk/MF_Unarmed_Walk_Bwd_Right.uexp" 399
"C:/Users/finle/Documents/GitHub/CI536_Integrated_Group_Project/CI536_Group_Project/Content/Characters/Mannequins/Anims/Unarmed/Walk/MF_Unarmed_Walk_Bwd_Left.uasset" 400
"C:/Users/finle/Documents/GitHub/CI536_Integrated_Group_Project/CI536_Group_Project/Content/Characters/Mannequins/Anims/Unarmed/Walk/MF_Unarmed_Walk_Bwd_Left.uexp" 401
"C:/Users/finle/Documents/GitHub/CI536_Integrated_Group_Project/CI536_Group_Project/Content/Characters/Mannequins/Anims/Unarmed/Walk/MF_Unarmed_Walk_Bwd.uasset" 402
"C:/Users/finle/Documents/GitHub/CI536_Integrated_Group_Project/CI536_Group_Project/Content/Characters/Mannequins/Anims/Unarmed/Walk/MF_Unarmed_Walk_Bwd.uexp" 403
"C:/Users/finle/Documents/GitHub/CI536_Integrated_Group_Project/CI536_Group_Project/Content/Characters/Mannequins/Anims/Unarmed/Jog/MF_Unarmed_Jog_Right.uasset" 404
"C:/Users/finle/Documents/GitHub/CI536_Integrated_Group_Project/CI536_Group_Project/Content/Characters/Mannequins/Anims/Unarmed/Jog/MF_Unarmed_Jog_Right.uexp" 405
"C:/Users/finle/Documents/GitHub/CI536_Integrated_Group_Project/CI536_Group_Project/Content/Characters/Mannequins/Anims/Unarmed/Jog/MF_Unarmed_Jog_Left.uasset" 406
"C:/Users/finle/Documents/GitHub/CI536_Integrated_Group_Project/CI536_Group_Project/Content/Characters/Mannequins/Anims/Unarmed/Jog/MF_Unarmed_Jog_Left.uexp" 407
"C:/Users/finle/Documents/GitHub/CI536_Integrated_Group_Project/CI536_Group_Project/Content/Characters/Mannequins/Anims/Unarmed/Jog/MF_Unarmed_Jog_Fwd_Right.uasset" 408
"C:/Users/finle/Documents/GitHub/CI536_Integrated_Group_Project/CI536_Group_Project/Content/Characters/Mannequins/Anims/Unarmed/Jog/MF_Unarmed_Jog_Fwd_Right.uexp" 409
"C:/Users/finle/Documents/GitHub/CI536_Integrated_Group_Project/CI536_Group_Project/Content/Characters/Mannequins/Anims/Unarmed/Jog/MF_Unarmed_Jog_Fwd_Left.uasset" 410
"C:/Users/finle/Documents/GitHub/CI536_Integrated_Group_Project/CI536_Group_Project/Content/Characters/Mannequins/Anims/Unarmed/Jog/MF_Unarmed_Jog_Fwd_Left.uexp" 411
"C:/Users/finle/Documents/GitHub/CI536_Integrated_Group_Project/CI536_Group_Project/Content/Characters/Mannequins/Anims/Unarmed/Jog/MF_Unarmed_Jog_Fwd.uasset" 412
"C:/Users/finle/Documents/GitHub/CI536_Integrated_Group_Project/CI536_Group_Project/Content/Characters/Mannequins/Anims/Unarmed/Jog/MF_Unarmed_Jog_Fwd.uexp" 413
"C:/Users/finle/Documents/GitHub/CI536_Integrated_Group_Project/CI536_Group_Project/Content/Characters/Mannequins/Anims/Unarmed/Jog/MF_Unarmed_Jog_Bwd_Right.uasset" 414
"C:/Users/finle/Documents/GitHub/CI536_Integrated_Group_Project/CI536_Group_Project/Content/Characters/Mannequins/Anims/Unarmed/Jog/MF_Unarmed_Jog_Bwd_Right.uexp" 415
"C:/Users/finle/Documents/GitHub/CI536_Integrated_Group_Project/CI536_Group_Project/Content/Characters/Mannequins/Anims/Unarmed/Jog/MF_Unarmed_Jog_Bwd.uasset" 416
"C:/Users/finle/Documents/GitHub/CI536_Integrated_Group_Project/CI536_Group_Project/Content/Characters/Mannequins/Anims/Unarmed/Jog/MF_Unarmed_Jog_Bwd.uexp" 417
"C:/Users/finle/Documents/GitHub/CI536_Integrated_Group_Project/CI536_Group_Project/Content/Characters/Mannequins/Anims/Unarmed/Jog/MF_Unarmed_Jog_Bwd_Left.uasset" 418
"C:/Users/finle/Documents/GitHub/CI536_Integrated_Group_Project/CI536_Group_Project/Content/Characters/Mannequins/Anims/Unarmed/Jog/MF_Unarmed_Jog_Bwd_Left.uexp" 419
"C:/Users/finle/Documents/GitHub/CI536_Integrated_Group_Project/CI536_Group_Project/Content/Characters/Mannequins/Anims/Unarmed/BS_Idle_Walk_Run.uasset" 420
"C:/Users/finle/Documents/GitHub/CI536_Integrated_Group_Project/CI536_Group_Project/Content/Characters/Mannequins/Anims/Unarmed/BS_Idle_Walk_Run.uexp" 421
"C:/Users/finle/Documents/GitHub/CI536_Integrated_Group_Project/CI536_Group_Project/Content/Characters/Mannequins/Anims/Unarmed/Jump/MM_Land.uasset" 422
"C:/Users/finle/Documents/GitHub/CI536_Integrated_Group_Project/CI536_Group_Project/Content/Characters/Mannequins/Anims/Unarmed/Jump/MM_Land.uexp" 423
"C:/Users/finle/Documents/GitHub/CI536_Integrated_Group_Project/CI536_Group_Project/Content/Characters/Mannequins/Anims/Unarmed/Jump/MM_Jump.uasset" 424
"C:/Users/finle/Documents/GitHub/CI536_Integrated_Group_Project/CI536_Group_Project/Content/Characters/Mannequins/Anims/Unarmed/Jump/MM_Jump.uexp" 425
"C:/Users/finle/Documents/GitHub/CI536_Integrated_Group_Project/CI536_Group_Project/Content/Characters/Mannequins/Anims/Unarmed/Jump/MM_Fall_Loop.uasset" 426
"C:/Users/finle/Documents/GitHub/CI536_Integrated_Group_Project/CI536_Group_Project/Content/Characters/Mannequins/Anims/Unarmed/Jump/MM_Fall_Loop.uexp" 427
"C:/Users/finle/Documents/GitHub/CI536_Integrated_Group_Project/CI536_Group_Project/Content/Characters/Mannequins/Anims/Unarmed/ABP_Unarmed.uasset" 428
"C:/Users/finle/Documents/GitHub/CI536_Integrated_Group_Project/CI536_Group_Project/Content/Characters/Mannequins/Anims/Unarmed/ABP_Unarmed.uexp" 429
"C:/Users/finle/Documents/GitHub/CI536_Integrated_Group_Project/CI536_Group_Project/Content/ThirdPerson/Blueprints/Interface/BPI_Interaction.uasset" 430
"C:/Users/finle/Documents/GitHub/CI536_Integrated_Group_Project/CI536_Group_Project/Content/ThirdPerson/Blueprints/Interface/BPI_Interaction.uexp" 431
"C:/Users/finle/Documents/GitHub/CI536_Integrated_Group_Project/CI536_Group_Project/Content/ThirdPerson/Blueprints/Interface/BPI_Damage.uasset" 432
"C:/Users/finle/Documents/GitHub/CI536_Integrated_Group_Project/CI536_Group_Project/Content/ThirdPerson/Blueprints/Interface/BPI_Damage.uexp" 433
"C:/Users/finle/Documents/GitHub/CI536_Integrated_Group_Project/CI536_Group_Project/Content/ThirdPerson/Blueprints/Characters/Legs/BP_Legs.uasset" 434
"C:/Users/finle/Documents/GitHub/CI536_Integrated_Group_Project/CI536_Group_Project/Content/ThirdPerson/Blueprints/Characters/Legs/BP_Legs.uexp" 435
"C:/Users/finle/Documents/GitHub/CI536_Integrated_Group_Project/CI536_Group_Project/Content/ThirdPerson/Blueprints/Widgets/WBP_Health_Bar.uasset" 436
"C:/Users/finle/Documents/GitHub/CI536_Integrated_Group_Project/CI536_Group_Project/Content/ThirdPerson/Blueprints/Widgets/WBP_Health_Bar.uexp" 437
"C:/Users/finle/Documents/GitHub/CI536_Integrated_Group_Project/CI536_Group_Project/Content/ThirdPerson/Blueprints/Characters/BP_ThirdPersonCharacter.uasset" 438
"C:/Users/finle/Documents/GitHub/CI536_Integrated_Group_Project/CI536_Group_Project/Content/ThirdPerson/Blueprints/Characters/BP_ThirdPersonCharacter.uexp" 439
"C:/Users/finle/Documents/GitHub/CI536_Integrated_Group_Project/CI536_Group_Project/Content/ThirdPerson/Blueprints/BP_ThirdPersonGameMode.uasset" 440
"C:/Users/finle/Documents/GitHub/CI536_Integrated_Group_Project/CI536_Group_Project/Content/ThirdPerson/Blueprints/BP_ThirdPersonGameMode.uexp" 441
"../../../Engine/Content/EngineResources/FilmGrains/Marcie_Grain_v3_128_M2_000.uasset" 442
"../../../Engine/Content/EngineResources/FilmGrains/Marcie_Grain_v3_128_M2_000.uexp" 443
"../../../Engine/Content/EngineResources/Development/ZenLogo_64.uasset" 444
"../../../Engine/Content/EngineResources/Development/ZenLogo_64.uexp" 445
"../../../Engine/Content/EngineMaterials/LTC/Sheen_LTC.uasset" 446
"../../../Engine/Content/EngineMaterials/LTC/Sheen_LTC.uexp" 447
"../../../Engine/Content/EngineMaterials/LTC/GGX_LTCMat.uasset" 448
"../../../Engine/Content/EngineMaterials/LTC/GGX_LTCMat.uexp" 449
"../../../Engine/Content/EngineMaterials/LTC/GGX_LTCAmp.uasset" 450
"../../../Engine/Content/EngineMaterials/LTC/GGX_LTCAmp.uexp" 451
"../../../Engine/Content/EngineMaterials/EnergyConservation/Sheen_Energy.uasset" 452
"../../../Engine/Content/EngineMaterials/EnergyConservation/Sheen_Energy.uexp" 453
"../../../Engine/Content/EngineMaterials/EnergyConservation/SheenLegacy_Energy.uasset" 454
"../../../Engine/Content/EngineMaterials/EnergyConservation/SheenLegacy_Energy.uexp" 455
"../../../Engine/Content/EngineMaterials/EnergyConservation/GGX_TransmissionEnergyArray.uasset" 456
"../../../Engine/Content/EngineMaterials/EnergyConservation/GGX_TransmissionEnergyArray.uexp" 457
"../../../Engine/Content/EngineMaterials/EnergyConservation/GGX_ReflectionEnergy.uasset" 458
"../../../Engine/Content/EngineMaterials/EnergyConservation/GGX_ReflectionEnergy.uexp" 459
"../../../Engine/Content/EngineMaterials/EnergyConservation/Diffuse_Energy.uasset" 460
"../../../Engine/Content/EngineMaterials/EnergyConservation/Diffuse_Energy.uexp" 461
"../../../Engine/Content/EditorResources/SequenceRecorder/RecordingIndicator.uasset" 462
"../../../Engine/Content/EditorResources/SequenceRecorder/RecordingIndicator.uexp" 463
"../../../Engine/Content/EditorResources/SequenceRecorder/Countdown.uasset" 464
"../../../Engine/Content/EditorResources/SequenceRecorder/Countdown.uexp" 465
"../../../Engine/Content/EditorMaterials/ParticleSystems/PSysThumbnail_OOD.ubulk" 466
"../../../Engine/Content/EditorMaterials/ParticleSystems/PSysThumbnail_OOD.uasset" 467
"../../../Engine/Content/EditorMaterials/ParticleSystems/PSysThumbnail_OOD.uexp" 468
"../../../Engine/Content/EditorMaterials/ParticleSystems/PSysThumbnail_NoImage.ubulk" 469
"../../../Engine/Content/EditorMaterials/ParticleSystems/PSysThumbnail_NoImage.uasset" 470
"../../../Engine/Content/EditorMaterials/ParticleSystems/PSysThumbnail_NoImage.uexp" 471
"../../../Engine/Content/EditorMaterials/Dataflow/DataflowVertexMaterial.uasset" 472
"../../../Engine/Content/EditorMaterials/Dataflow/DataflowVertexMaterial.uexp" 473
"../../../Engine/Content/EditorMaterials/Dataflow/DataflowTwoSidedVertexMaterial.uasset" 474
"../../../Engine/Content/EditorMaterials/Dataflow/DataflowTwoSidedVertexMaterial.uexp" 475
"../../../Engine/Content/EngineMaterials/T_Default_Material_Grid_M.ubulk" 476
"../../../Engine/Content/EngineMaterials/T_Default_Material_Grid_M.uasset" 477
"../../../Engine/Content/EngineMaterials/T_Default_Material_Grid_M.uexp" 478
"../../../Engine/Content/EngineMaterials/T_Default_Material_Grid_N.ubulk" 479
"../../../Engine/Content/EngineMaterials/T_Default_Material_Grid_N.uasset" 480
"../../../Engine/Content/EngineMaterials/T_Default_Material_Grid_N.uexp" 481
"../../../Engine/Content/EngineMaterials/WorldGridMaterial.uasset" 482
"../../../Engine/Content/EngineMaterials/WorldGridMaterial.uexp" 483
"../../../Engine/Content/BasicShapes/Cube.ubulk" 484
"../../../Engine/Content/BasicShapes/Cube.uasset" 485
"../../../Engine/Content/BasicShapes/Cube.uexp" 486
"../../../Engine/Content/BasicShapes/BasicShapeMaterial.uasset" 487
"../../../Engine/Content/BasicShapes/BasicShapeMaterial.uexp" 488
"C:/Users/finle/Documents/GitHub/CI536_Integrated_Group_Project/CI536_Group_Project/Content/ThirdPerson/Blueprints/Widgets/WBP_Interact.uasset" 489
"C:/Users/finle/Documents/GitHub/CI536_Integrated_Group_Project/CI536_Group_Project/Content/ThirdPerson/Blueprints/Widgets/WBP_Interact.uexp" 490
"C:/Users/finle/Documents/GitHub/CI536_Integrated_Group_Project/CI536_Group_Project/Content/ThirdPerson/Blueprints/Objects/BP_Vent_Door.uasset" 491
"C:/Users/finle/Documents/GitHub/CI536_Integrated_Group_Project/CI536_Group_Project/Content/ThirdPerson/Blueprints/Objects/BP_Vent_Door.uexp" 492
"C:/Users/finle/Documents/GitHub/CI536_Integrated_Group_Project/CI536_Group_Project/Content/LevelPrototyping/Materials/M_Red.uasset" 493
"C:/Users/finle/Documents/GitHub/CI536_Integrated_Group_Project/CI536_Group_Project/Content/LevelPrototyping/Materials/M_Red.uexp" 494
"C:/Users/finle/Documents/GitHub/CI536_Integrated_Group_Project/CI536_Group_Project/Content/LevelPrototyping/Materials/M_Blue.uasset" 495
"C:/Users/finle/Documents/GitHub/CI536_Integrated_Group_Project/CI536_Group_Project/Content/LevelPrototyping/Materials/M_Blue.uexp" 496
"C:/Users/finle/Documents/GitHub/CI536_Integrated_Group_Project/CI536_Group_Project/Content/ThirdPerson/Blueprints/Objects/BP_GravityBoots.uasset" 497
"C:/Users/finle/Documents/GitHub/CI536_Integrated_Group_Project/CI536_Group_Project/Content/ThirdPerson/Blueprints/Objects/BP_GravityBoots.uexp" 498
"../../../Engine/Plugins/Interchange/Assets/Content/Functions/MF_PhongToMetalRoughness.uasset" 499
"../../../Engine/Plugins/Interchange/Assets/Content/Functions/MF_PhongToMetalRoughness.uexp" 500
"C:/Users/finle/Documents/GitHub/CI536_Integrated_Group_Project/CI536_Group_Project/Content/GameContent/0.ubulk" 501
"C:/Users/finle/Documents/GitHub/CI536_Integrated_Group_Project/CI536_Group_Project/Content/GameContent/0.uasset" 502
"C:/Users/finle/Documents/GitHub/CI536_Integrated_Group_Project/CI536_Group_Project/Content/GameContent/0.uexp" 503
"C:/Users/finle/Documents/GitHub/CI536_Integrated_Group_Project/CI536_Group_Project/Content/GameContent/phys_objects01a.uasset" 504
"C:/Users/finle/Documents/GitHub/CI536_Integrated_Group_Project/CI536_Group_Project/Content/GameContent/phys_objects01a.uexp" 505
"C:/Users/finle/Documents/GitHub/CI536_Integrated_Group_Project/CI536_Group_Project/Content/GameContent/Sawblaze.ubulk" 506
"C:/Users/finle/Documents/GitHub/CI536_Integrated_Group_Project/CI536_Group_Project/Content/GameContent/Sawblaze.uasset" 507
"C:/Users/finle/Documents/GitHub/CI536_Integrated_Group_Project/CI536_Group_Project/Content/GameContent/Sawblaze.uexp" 508
"../../../Engine/Content/EngineMaterials/DefaultMaterial.uasset" 509
"../../../Engine/Content/EngineMaterials/DefaultMaterial.uexp" 510
"../../../Engine/Content/BasicShapes/Sphere.ubulk" 511
"../../../Engine/Content/BasicShapes/Sphere.uasset" 512
"../../../Engine/Content/BasicShapes/Sphere.uexp" 513
"C:/Users/finle/Documents/GitHub/CI536_Integrated_Group_Project/CI536_Group_Project/Content/LevelPrototyping/Materials/M_FlatCol.uasset" 514
"C:/Users/finle/Documents/GitHub/CI536_Integrated_Group_Project/CI536_Group_Project/Content/LevelPrototyping/Materials/M_FlatCol.uexp" 515
"C:/Users/finle/Documents/GitHub/CI536_Integrated_Group_Project/CI536_Group_Project/Content/LevelPrototyping/Materials/MI_DefaultColorway.uasset" 516
"C:/Users/finle/Documents/GitHub/CI536_Integrated_Group_Project/CI536_Group_Project/Content/LevelPrototyping/Materials/MI_DefaultColorway.uexp" 517
"C:/Users/finle/Documents/GitHub/CI536_Integrated_Group_Project/CI536_Group_Project/Content/ThirdPerson/MI_ThirdPersonColWay.uasset" 518
"C:/Users/finle/Documents/GitHub/CI536_Integrated_Group_Project/CI536_Group_Project/Content/ThirdPerson/MI_ThirdPersonColWay.uexp" 519
"C:/Users/finle/Documents/GitHub/CI536_Integrated_Group_Project/CI536_Group_Project/Content/ThirdPerson/Blueprints/Characters/BP_Clank.uasset" 520
"C:/Users/finle/Documents/GitHub/CI536_Integrated_Group_Project/CI536_Group_Project/Content/ThirdPerson/Blueprints/Characters/BP_Clank.uexp" 521
"C:/Users/finle/Documents/GitHub/CI536_Integrated_Group_Project/CI536_Group_Project/Content/ThirdPerson/Blueprints/Objects/BP_SawBlades.uasset" 522
"C:/Users/finle/Documents/GitHub/CI536_Integrated_Group_Project/CI536_Group_Project/Content/ThirdPerson/Blueprints/Objects/BP_SawBlades.uexp" 523
"C:/Users/finle/Documents/GitHub/CI536_Integrated_Group_Project/CI536_Group_Project/Content/ThirdPerson/Blueprints/Objects/BP_Rotating_Fan.uasset" 524
"C:/Users/finle/Documents/GitHub/CI536_Integrated_Group_Project/CI536_Group_Project/Content/ThirdPerson/Blueprints/Objects/BP_Rotating_Fan.uexp" 525
"../../../Engine/Content/Functions/Engine_MaterialFunctions01/Shading/PowerToRoughness.uasset" 526
"../../../Engine/Content/Functions/Engine_MaterialFunctions01/Shading/PowerToRoughness.uexp" 527
"../../../Engine/Content/Functions/Engine_MaterialFunctions01/Shading/ConvertFromDiffSpec.uasset" 528
"../../../Engine/Content/Functions/Engine_MaterialFunctions01/Shading/ConvertFromDiffSpec.uexp" 529
"../../../Engine/Plugins/Runtime/HairStrands/Content/Materials/HairCardsDefaultMaterial.uasset" 530
"../../../Engine/Plugins/Runtime/HairStrands/Content/Materials/HairCardsDefaultMaterial.uexp" 531
"../../../Engine/Content/Functions/Engine_MaterialFunctions02/Utility/MakeFloat2.uasset" 532
"../../../Engine/Content/Functions/Engine_MaterialFunctions02/Utility/MakeFloat2.uexp" 533
"../../../Engine/Content/Functions/Engine_MaterialFunctions02/Utility/MakeFloat3.uasset" 534
"../../../Engine/Content/Functions/Engine_MaterialFunctions02/Utility/MakeFloat3.uexp" 535
"../../../Engine/Plugins/Runtime/HairStrands/Content/Materials/HairGroupColors.uasset" 536
"../../../Engine/Plugins/Runtime/HairStrands/Content/Materials/HairGroupColors.uexp" 537
"../../../Engine/Content/EngineMaterials/HairDebugColor.uasset" 538
"../../../Engine/Content/EngineMaterials/HairDebugColor.uexp" 539
"../../../Engine/Content/EngineMaterials/HairColorMap.uasset" 540
"../../../Engine/Content/EngineMaterials/HairColorMap.uexp" 541
"../../../Engine/Plugins/Runtime/HairStrands/Content/Materials/HairDebugMaterial.uasset" 542
"../../../Engine/Plugins/Runtime/HairStrands/Content/Materials/HairDebugMaterial.uexp" 543
"../../../Engine/Plugins/Runtime/HairStrands/Content/Materials/HairDefaultMaterial.uasset" 544
"../../../Engine/Plugins/Runtime/HairStrands/Content/Materials/HairDefaultMaterial.uexp" 545
"../../../Engine/Plugins/Runtime/HairStrands/Content/Materials/HairMeshesDefaultMaterial.uasset" 546
"../../../Engine/Plugins/Runtime/HairStrands/Content/Materials/HairMeshesDefaultMaterial.uexp" 547
"../../../Engine/Content/EditorLandscapeResources/DefaultAlphaTexture.uasset" 548
"../../../Engine/Content/EditorLandscapeResources/DefaultAlphaTexture.uexp" 549
"../../../Engine/Content/EditorLandscapeResources/LandscapeDirtyMaterial.uasset" 550
"../../../Engine/Content/EditorLandscapeResources/LandscapeDirtyMaterial.uexp" 551
"../../../Engine/Content/Functions/Engine_MaterialFunctions02/WorldPositionOffset/LocalPosition.uasset" 552
"../../../Engine/Content/Functions/Engine_MaterialFunctions02/WorldPositionOffset/LocalPosition.uexp" 553
"../../../Engine/Content/Functions/Engine_MaterialFunctions01/Texturing/TextureCropping.uasset" 554
"../../../Engine/Content/Functions/Engine_MaterialFunctions01/Texturing/TextureCropping.uexp" 555
"../../../Engine/Content/Functions/Engine_MaterialFunctions02/ExampleContent/DebugNumberStrip.uasset" 556
"../../../Engine/Content/Functions/Engine_MaterialFunctions02/ExampleContent/DebugNumberStrip.uexp" 557
"../../../Engine/Content/Functions/Engine_MaterialFunctions01/Debug/DebugIntValues.uasset" 558
"../../../Engine/Content/Functions/Engine_MaterialFunctions01/Debug/DebugIntValues.uexp" 559
"../../../Engine/Content/EditorLandscapeResources/LandscapeLayerUsageMaterial.uasset" 560
"../../../Engine/Content/EditorLandscapeResources/LandscapeLayerUsageMaterial.uexp" 561
"../../../Engine/Content/EditorLandscapeResources/WhiteSquareTexture.uasset" 562
"../../../Engine/Content/EditorLandscapeResources/WhiteSquareTexture.uexp" 563
"../../../Engine/Content/EditorLandscapeResources/LayerVisMaterial.uasset" 564
"../../../Engine/Content/EditorLandscapeResources/LayerVisMaterial.uexp" 565
"../../../Engine/Content/EditorMaterials/PhAT_NoCollisionMaterial.uasset" 566
"../../../Engine/Content/EditorMaterials/PhAT_NoCollisionMaterial.uexp" 567
"../../../Engine/Content/EditorMaterials/PhAT_UnselectedMaterial.uasset" 568
"../../../Engine/Content/EditorMaterials/PhAT_UnselectedMaterial.uexp" 569
"../../../Engine/Content/EditorMaterials/PreviewShadowIndicator.ubulk" 570
"../../../Engine/Content/EditorMaterials/PreviewShadowIndicator.uasset" 571
"../../../Engine/Content/EditorMaterials/PreviewShadowIndicator.uexp" 572
"../../../Engine/Content/EditorMaterials/PreviewShadowIndicatorMaterial.uasset" 573
"../../../Engine/Content/EditorMaterials/PreviewShadowIndicatorMaterial.uexp" 574
"../../../Engine/Content/EngineDebugMaterials/DebugEditorMaterial.uasset" 575
"../../../Engine/Content/EngineDebugMaterials/DebugEditorMaterial.uexp" 576
"../../../Engine/Content/EngineDebugMaterials/DebugMeshMaterial.uasset" 577
"../../../Engine/Content/EngineDebugMaterials/DebugMeshMaterial.uexp" 578
"../../../Engine/Content/EngineDebugMaterials/M_SimpleUnlitTranslucent.uasset" 579
"../../../Engine/Content/EngineDebugMaterials/M_SimpleUnlitTranslucent.uexp" 580
"../../../Engine/Content/Functions/Engine_MaterialFunctions02/Utility/CameraDirectionVector.uasset" 581
"../../../Engine/Content/Functions/Engine_MaterialFunctions02/Utility/CameraDirectionVector.uexp" 582
"../../../Engine/Content/EngineDebugMaterials/VolumeToRender.uasset" 583
"../../../Engine/Content/EngineDebugMaterials/VolumeToRender.uexp" 584
"../../../Engine/Content/EngineDebugMaterials/M_VolumeRenderSphereTracePP.uasset" 585
"../../../Engine/Content/EngineDebugMaterials/M_VolumeRenderSphereTracePP.uexp" 586
"../../../Engine/Plugins/Animation/ControlRig/Content/M_Manip.uasset" 587
"../../../Engine/Plugins/Animation/ControlRig/Content/M_Manip.uexp" 588
"../../../Engine/Content/EngineMeshes/Sphere.ubulk" 589
"../../../Engine/Content/EngineMeshes/Sphere.uasset" 590
"../../../Engine/Content/EngineMeshes/Sphere.uexp" 591
"../../../Engine/Content/EngineResources/DefaultTextureCube.uasset" 592
"../../../Engine/Content/EngineResources/DefaultTextureCube.uexp" 593
"../../../Engine/Content/ArtTools/RenderToTexture/Meshes/S_1_Unit_Plane.ubulk" 594
"../../../Engine/Content/ArtTools/RenderToTexture/Meshes/S_1_Unit_Plane.uasset" 595
"../../../Engine/Content/ArtTools/RenderToTexture/Meshes/S_1_Unit_Plane.uexp" 596
"../../../Engine/Content/EngineMaterials/Substrate/GLints/AGlintTex2dArray.uasset" 597
"../../../Engine/Content/EngineMaterials/Substrate/GLints/AGlintTex2dArray.uexp" 598
"../../../Engine/Content/EngineMaterials/Substrate/Glints2/AGlintTex2dArray2.uasset" 599
"../../../Engine/Content/EngineMaterials/Substrate/Glints2/AGlintTex2dArray2.uexp" 600
"../../../Engine/Content/EngineMaterials/Substrate/Volume/SubstrateSimpleVolumeEnvLUT3D.uasset" 601
"../../../Engine/Content/EngineMaterials/Substrate/Volume/SubstrateSimpleVolumeEnvLUT3D.uexp" 602
"../../../Engine/Content/EngineMaterials/Substrate/Volume/SubstrateSimpleVolumeLUT3D.uasset" 603
"../../../Engine/Content/EngineMaterials/Substrate/Volume/SubstrateSimpleVolumeLUT3D.uexp" 604
"C:/Users/finle/Documents/GitHub/CI536_Integrated_Group_Project/CI536_Group_Project/Content/ThirdPerson/_GENERATED/finle/CubeGridToolOutput_E425C57E.ubulk" 605
"C:/Users/finle/Documents/GitHub/CI536_Integrated_Group_Project/CI536_Group_Project/Content/ThirdPerson/_GENERATED/finle/CubeGridToolOutput_E425C57E.uasset" 606
"C:/Users/finle/Documents/GitHub/CI536_Integrated_Group_Project/CI536_Group_Project/Content/ThirdPerson/_GENERATED/finle/CubeGridToolOutput_E425C57E.uexp" 607
"../../../Engine/Content/EditorMaterials/Camera/CineMat.uasset" 608
"../../../Engine/Content/EditorMaterials/Camera/CineMat.uexp" 609
"../../../Engine/Content/EditorMaterials/Camera/MI_CineMat_Rig.uasset" 610
"../../../Engine/Content/EditorMaterials/Camera/MI_CineMat_Rig.uexp" 611
"../../../Engine/Content/EditorMeshes/Camera/SM_CraneRig_Arm.ubulk" 612
"../../../Engine/Content/EditorMeshes/Camera/SM_CraneRig_Arm.uasset" 613
"../../../Engine/Content/EditorMeshes/Camera/SM_CraneRig_Arm.uexp" 614
"../../../Engine/Content/EditorMeshes/Camera/SM_CraneRig_Base.ubulk" 615
"../../../Engine/Content/EditorMeshes/Camera/SM_CraneRig_Base.uasset" 616
"../../../Engine/Content/EditorMeshes/Camera/SM_CraneRig_Base.uexp" 617
"../../../Engine/Content/EditorMeshes/Camera/SM_CraneRig_Body.ubulk" 618
"../../../Engine/Content/EditorMeshes/Camera/SM_CraneRig_Body.uasset" 619
"../../../Engine/Content/EditorMeshes/Camera/SM_CraneRig_Body.uexp" 620
"../../../Engine/Content/EditorMeshes/Camera/SM_CraneRig_Mount.ubulk" 621
"../../../Engine/Content/EditorMeshes/Camera/SM_CraneRig_Mount.uasset" 622
"../../../Engine/Content/EditorMeshes/Camera/SM_CraneRig_Mount.uexp" 623
"../../../Engine/Content/EditorMeshes/Camera/SM_RailRig_Mount.ubulk" 624
"../../../Engine/Content/EditorMeshes/Camera/SM_RailRig_Mount.uasset" 625
"../../../Engine/Content/EditorMeshes/Camera/SM_RailRig_Mount.uexp" 626
"../../../Engine/Content/EditorMeshes/Camera/SM_RailRig_Track.ubulk" 627
"../../../Engine/Content/EditorMeshes/Camera/SM_RailRig_Track.uasset" 628
"../../../Engine/Content/EditorMeshes/Camera/SM_RailRig_Track.uexp" 629
"../../../Engine/Content/EngineSky/VolumetricClouds/VT_PerlinWorley_Balanced.uasset" 630
"../../../Engine/Content/EngineSky/VolumetricClouds/VT_PerlinWorley_Balanced.uexp" 631
"../../../Engine/Content/EngineSky/VolumetricClouds/T_Profile_08.ubulk" 632
"../../../Engine/Content/EngineSky/VolumetricClouds/T_Profile_08.uasset" 633
"../../../Engine/Content/EngineSky/VolumetricClouds/T_Profile_08.uexp" 634
"../../../Engine/Content/EngineSky/VolumetricClouds/T_CloudPattern.ubulk" 635
"../../../Engine/Content/EngineSky/VolumetricClouds/T_CloudPattern.uasset" 636
"../../../Engine/Content/EngineSky/VolumetricClouds/T_CloudPattern.uexp" 637
"../../../Engine/Content/EngineSky/VolumetricClouds/T_CloudMask.ubulk" 638
"../../../Engine/Content/EngineSky/VolumetricClouds/T_CloudMask.uasset" 639
"../../../Engine/Content/EngineSky/VolumetricClouds/T_CloudMask.uexp" 640
"../../../Engine/Content/Functions/Engine_MaterialFunctions02/Utility/BreakOutFloat4Components.uasset" 641
"../../../Engine/Content/Functions/Engine_MaterialFunctions02/Utility/BreakOutFloat4Components.uexp" 642
"../../../Engine/Content/Functions/Engine_MaterialFunctions02/Utility/MakeFloat4.uasset" 643
"../../../Engine/Content/Functions/Engine_MaterialFunctions02/Utility/MakeFloat4.uexp" 644
"../../../Engine/Content/EngineResources/DefaultVolumeTexture2D.uasset" 645
"../../../Engine/Content/EngineResources/DefaultVolumeTexture2D.uexp" 646
"../../../Engine/Content/EngineResources/DefaultVolumeTexture.uasset" 647
"../../../Engine/Content/EngineResources/DefaultVolumeTexture.uexp" 648
"../../../Engine/Content/EngineSky/VolumetricClouds/VT_Lightning.uasset" 649
"../../../Engine/Content/EngineSky/VolumetricClouds/VT_Lightning.uexp" 650
"../../../Engine/Content/Functions/Engine_MaterialFunctions01/Units/Km-to-Cm.uasset" 651
"../../../Engine/Content/Functions/Engine_MaterialFunctions01/Units/Km-to-Cm.uexp" 652
"../../../Engine/Content/EngineSky/VolumetricClouds/m_SimpleVolumetricCloud.uasset" 653
"../../../Engine/Content/EngineSky/VolumetricClouds/m_SimpleVolumetricCloud.uexp" 654
"../../../Engine/Content/EngineSky/VolumetricClouds/m_SimpleVolumetricCloud_Inst.uasset" 655
"../../../Engine/Content/EngineSky/VolumetricClouds/m_SimpleVolumetricCloud_Inst.uexp" 656
"../../../Engine/Content/VREditor/TransformGizmo/TranslucentTransformGizmoMaterial.uasset" 657
"../../../Engine/Content/VREditor/TransformGizmo/TranslucentTransformGizmoMaterial.uexp" 658
"../../../Engine/Content/VREditor/LaserPointer/VR_LaserPower_01.ubulk" 659
"../../../Engine/Content/VREditor/LaserPointer/VR_LaserPower_01.uasset" 660
"../../../Engine/Content/VREditor/LaserPointer/VR_LaserPower_01.uexp" 661
"../../../Engine/Content/VREditor/TransformGizmo/TransformGizmoMaterial.uasset" 662
"../../../Engine/Content/VREditor/TransformGizmo/TransformGizmoMaterial.uexp" 663
"../../../Engine/Content/VREditor/TransformGizmo/BoundingBoxCorner.ubulk" 664
"../../../Engine/Content/VREditor/TransformGizmo/BoundingBoxCorner.uasset" 665
"../../../Engine/Content/VREditor/TransformGizmo/BoundingBoxCorner.uexp" 666
"../../../Engine/Content/VREditor/TransformGizmo/BoundingBoxEdge.ubulk" 667
"../../../Engine/Content/VREditor/TransformGizmo/BoundingBoxEdge.uasset" 668
"../../../Engine/Content/VREditor/TransformGizmo/BoundingBoxEdge.uexp" 669
"../../../Engine/Content/VREditor/TransformGizmo/Xray.uasset" 670
"../../../Engine/Content/VREditor/TransformGizmo/Xray.uexp" 671
"../../../Engine/Content/VREditor/TransformGizmo/Main.uasset" 672
"../../../Engine/Content/VREditor/TransformGizmo/Main.uexp" 673
"../../../Engine/Content/VREditor/TransformGizmo/SM_Sequencer_Node.ubulk" 674
"../../../Engine/Content/VREditor/TransformGizmo/SM_Sequencer_Node.uasset" 675
"../../../Engine/Content/VREditor/TransformGizmo/SM_Sequencer_Node.uexp" 676
"../../../Engine/Plugins/Interchange/Assets/Content/Utilities/New_LUT.uasset" 677
"../../../Engine/Plugins/Interchange/Assets/Content/Utilities/New_LUT.uexp" 678
"../../../Engine/Content/Functions/Engine_MaterialFunctions03/Math/RemapValueRange.uasset" 679
"../../../Engine/Content/Functions/Engine_MaterialFunctions03/Math/RemapValueRange.uexp" 680
"../../../Engine/Plugins/Interchange/Assets/Content/Functions/MF_Iridescence.uasset" 681
"../../../Engine/Plugins/Interchange/Assets/Content/Functions/MF_Iridescence.uexp" 682
"../../../Engine/Plugins/Interchange/Assets/Content/gltf/Textures/T_White_srgb.uasset" 683
"../../../Engine/Plugins/Interchange/Assets/Content/gltf/Textures/T_White_srgb.uexp" 684
"../../../Engine/Plugins/Interchange/Assets/Content/gltf/MaterialFunctions/MF_BaseColor.uasset" 685
"../../../Engine/Plugins/Interchange/Assets/Content/gltf/MaterialFunctions/MF_BaseColor.uexp" 686
"../../../Engine/Plugins/Interchange/Assets/Content/gltf/MaterialFunctions/MF_RotateV2.uasset" 687
"../../../Engine/Plugins/Interchange/Assets/Content/gltf/MaterialFunctions/MF_RotateV2.uexp" 688
"../../../Engine/Plugins/Interchange/Assets/Content/gltf/MaterialFunctions/MF_TransformUVs.uasset" 689
"../../../Engine/Plugins/Interchange/Assets/Content/gltf/MaterialFunctions/MF_TransformUVs.uexp" 690
"../../../Engine/Content/Functions/Engine_MaterialFunctions02/Math/Transform3x3Matrix.uasset" 691
"../../../Engine/Content/Functions/Engine_MaterialFunctions02/Math/Transform3x3Matrix.uexp" 692
"../../../Engine/Plugins/Interchange/Assets/Content/gltf/MaterialFunctions/MF_IOR.uasset" 693
"../../../Engine/Plugins/Interchange/Assets/Content/gltf/MaterialFunctions/MF_IOR.uexp" 694
"../../../Engine/Plugins/Interchange/Assets/Content/gltf/MaterialFunctions/MF_Iridescence.uasset" 695
"../../../Engine/Plugins/Interchange/Assets/Content/gltf/MaterialFunctions/MF_Iridescence.uexp" 696
"../../../Engine/Plugins/Interchange/Assets/Content/gltf/Textures/T_White_Linear.uasset" 697
"../../../Engine/Plugins/Interchange/Assets/Content/gltf/Textures/T_White_Linear.uexp" 698
"../../../Engine/Plugins/Interchange/Assets/Content/gltf/MaterialFunctions/MF_MetallicRoughness.uasset" 699
"../../../Engine/Plugins/Interchange/Assets/Content/gltf/MaterialFunctions/MF_MetallicRoughness.uexp" 700
"../../../Engine/Plugins/Interchange/Assets/Content/gltf/MaterialFunctions/MF_RotateNormals_TS.uasset" 701
"../../../Engine/Plugins/Interchange/Assets/Content/gltf/MaterialFunctions/MF_RotateNormals_TS.uexp" 702
"../../../Engine/Plugins/Interchange/Assets/Content/gltf/MaterialFunctions/MF_ScaleNormal.uasset" 703
"../../../Engine/Plugins/Interchange/Assets/Content/gltf/MaterialFunctions/MF_ScaleNormal.uexp" 704
"../../../Engine/Plugins/Interchange/Assets/Content/gltf/Textures/T_Generic_N.uasset" 705
"../../../Engine/Plugins/Interchange/Assets/Content/gltf/Textures/T_Generic_N.uexp" 706
"../../../Engine/Plugins/Interchange/Assets/Content/gltf/MaterialFunctions/MF_Normals.uasset" 707
"../../../Engine/Plugins/Interchange/Assets/Content/gltf/MaterialFunctions/MF_Normals.uexp" 708
"../../../Engine/Plugins/Interchange/Assets/Content/gltf/MaterialFunctions/MF_Occlusion.uasset" 709
"../../../Engine/Plugins/Interchange/Assets/Content/gltf/MaterialFunctions/MF_Occlusion.uexp" 710
"../../../Engine/Plugins/Interchange/Assets/Content/gltf/MaterialFunctions/MF_Specular.uasset" 711
"../../../Engine/Plugins/Interchange/Assets/Content/gltf/MaterialFunctions/MF_Specular.uexp" 712
"../../../Engine/Plugins/Interchange/Assets/Content/gltf/Textures/T_Anisotropy_Direction_Linear.uasset" 713
"../../../Engine/Plugins/Interchange/Assets/Content/gltf/Textures/T_Anisotropy_Direction_Linear.uexp" 714
"../../../Engine/Plugins/Interchange/Assets/Content/gltf/MaterialFunctions/MF_SpecularAnisotropy.uasset" 715
"../../../Engine/Plugins/Interchange/Assets/Content/gltf/MaterialFunctions/MF_SpecularAnisotropy.uexp" 716
"../../../Engine/Plugins/Interchange/Assets/Content/gltf/MaterialFunctions/MF_Emissive.uasset" 717
"../../../Engine/Plugins/Interchange/Assets/Content/gltf/MaterialFunctions/MF_Emissive.uexp" 718
"../../../Engine/Content/Functions/Engine_MaterialFunctions01/Texturing/FlattenNormal.uasset" 719
"../../../Engine/Content/Functions/Engine_MaterialFunctions01/Texturing/FlattenNormal.uexp" 720
"../../../Engine/Plugins/Interchange/Assets/Content/gltf/MaterialFunctions/MF_Clearcoat.uasset" 721
"../../../Engine/Plugins/Interchange/Assets/Content/gltf/MaterialFunctions/MF_Clearcoat.uexp" 722
"../../../Engine/Plugins/Interchange/Assets/Content/gltf/MaterialBodies/MF_ClearCoat_Body.uasset" 723
"../../../Engine/Plugins/Interchange/Assets/Content/gltf/MaterialBodies/MF_ClearCoat_Body.uexp" 724
"../../../Engine/Plugins/Interchange/Assets/Content/gltf/M_ClearCoat.uasset" 725
"../../../Engine/Plugins/Interchange/Assets/Content/gltf/M_ClearCoat.uexp" 726
"../../../Engine/Plugins/Interchange/Assets/Content/gltf/MaterialInstances/MI_ClearCoat_Blend.uasset" 727
"../../../Engine/Plugins/Interchange/Assets/Content/gltf/MaterialInstances/MI_ClearCoat_Blend.uexp" 728
"../../../Engine/Plugins/Interchange/Assets/Content/gltf/MaterialInstances/MI_ClearCoat_Blend_DS.uasset" 729
"../../../Engine/Plugins/Interchange/Assets/Content/gltf/MaterialInstances/MI_ClearCoat_Blend_DS.uexp" 730
"../../../Engine/Plugins/Interchange/Assets/Content/gltf/MaterialInstances/MI_ClearCoat_Mask.uasset" 731
"../../../Engine/Plugins/Interchange/Assets/Content/gltf/MaterialInstances/MI_ClearCoat_Mask.uexp" 732
"../../../Engine/Plugins/Interchange/Assets/Content/gltf/MaterialInstances/MI_ClearCoat_Mask_DS.uasset" 733
"../../../Engine/Plugins/Interchange/Assets/Content/gltf/MaterialInstances/MI_ClearCoat_Mask_DS.uexp" 734
"../../../Engine/Plugins/Interchange/Assets/Content/gltf/MaterialInstances/MI_ClearCoat_Opaque.uasset" 735
"../../../Engine/Plugins/Interchange/Assets/Content/gltf/MaterialInstances/MI_ClearCoat_Opaque.uexp" 736
"../../../Engine/Plugins/Interchange/Assets/Content/gltf/MaterialInstances/MI_ClearCoat_Opaque_DS.uasset" 737
"../../../Engine/Plugins/Interchange/Assets/Content/gltf/MaterialInstances/MI_ClearCoat_Opaque_DS.uexp" 738
"../../../Engine/Plugins/Interchange/Assets/Content/gltf/MaterialBodies/MF_Default_Body.uasset" 739
"../../../Engine/Plugins/Interchange/Assets/Content/gltf/MaterialBodies/MF_Default_Body.uexp" 740
"../../../Engine/Plugins/Interchange/Assets/Content/gltf/M_Default.uasset" 741
"../../../Engine/Plugins/Interchange/Assets/Content/gltf/M_Default.uexp" 742
"../../../Engine/Plugins/Interchange/Assets/Content/gltf/MaterialInstances/MI_Default_Blend.uasset" 743
"../../../Engine/Plugins/Interchange/Assets/Content/gltf/MaterialInstances/MI_Default_Blend.uexp" 744
"../../../Engine/Plugins/Interchange/Assets/Content/gltf/MaterialInstances/MI_Default_Blend_DS.uasset" 745
"../../../Engine/Plugins/Interchange/Assets/Content/gltf/MaterialInstances/MI_Default_Blend_DS.uexp" 746
"../../../Engine/Plugins/Interchange/Assets/Content/gltf/MaterialInstances/MI_Default_Mask.uasset" 747
"../../../Engine/Plugins/Interchange/Assets/Content/gltf/MaterialInstances/MI_Default_Mask.uexp" 748
"../../../Engine/Plugins/Interchange/Assets/Content/gltf/MaterialInstances/MI_Default_Mask_DS.uasset" 749
"../../../Engine/Plugins/Interchange/Assets/Content/gltf/MaterialInstances/MI_Default_Mask_DS.uexp" 750
"../../../Engine/Plugins/Interchange/Assets/Content/gltf/MaterialInstances/MI_Default_Opaque.uasset" 751
"../../../Engine/Plugins/Interchange/Assets/Content/gltf/MaterialInstances/MI_Default_Opaque.uexp" 752
"../../../Engine/Plugins/Interchange/Assets/Content/gltf/MaterialInstances/MI_Default_Opaque_DS.uasset" 753
"../../../Engine/Plugins/Interchange/Assets/Content/gltf/MaterialInstances/MI_Default_Opaque_DS.uexp" 754
"../../../Engine/Plugins/Interchange/Assets/Content/gltf/MaterialFunctions/MF_Sheen.uasset" 755
"../../../Engine/Plugins/Interchange/Assets/Content/gltf/MaterialFunctions/MF_Sheen.uexp" 756
"../../../Engine/Plugins/Interchange/Assets/Content/gltf/MaterialBodies/MF_Sheen_Body.uasset" 757
"../../../Engine/Plugins/Interchange/Assets/Content/gltf/MaterialBodies/MF_Sheen_Body.uexp" 758
"../../../Engine/Plugins/Interchange/Assets/Content/gltf/M_Sheen.uasset" 759
"../../../Engine/Plugins/Interchange/Assets/Content/gltf/M_Sheen.uexp" 760
"../../../Engine/Plugins/Interchange/Assets/Content/gltf/MaterialInstances/MI_Sheen_Blend.uasset" 761
"../../../Engine/Plugins/Interchange/Assets/Content/gltf/MaterialInstances/MI_Sheen_Blend.uexp" 762
"../../../Engine/Plugins/Interchange/Assets/Content/gltf/MaterialInstances/MI_Sheen_Blend_DS.uasset" 763
"../../../Engine/Plugins/Interchange/Assets/Content/gltf/MaterialInstances/MI_Sheen_Blend_DS.uexp" 764
"../../../Engine/Plugins/Interchange/Assets/Content/gltf/MaterialInstances/MI_Sheen_Mask.uasset" 765
"../../../Engine/Plugins/Interchange/Assets/Content/gltf/MaterialInstances/MI_Sheen_Mask.uexp" 766
"../../../Engine/Plugins/Interchange/Assets/Content/gltf/MaterialInstances/MI_Sheen_Mask_DS.uasset" 767
"../../../Engine/Plugins/Interchange/Assets/Content/gltf/MaterialInstances/MI_Sheen_Mask_DS.uexp" 768
"../../../Engine/Plugins/Interchange/Assets/Content/gltf/MaterialInstances/MI_Sheen_Opaque.uasset" 769
"../../../Engine/Plugins/Interchange/Assets/Content/gltf/MaterialInstances/MI_Sheen_Opaque.uexp" 770
"../../../Engine/Plugins/Interchange/Assets/Content/gltf/MaterialInstances/MI_Sheen_Opaque_DS.uasset" 771
"../../../Engine/Plugins/Interchange/Assets/Content/gltf/MaterialInstances/MI_Sheen_Opaque_DS.uexp" 772
"../../../Engine/Content/Functions/Engine_MaterialFunctions02/Math/AddComponents.uasset" 773
"../../../Engine/Content/Functions/Engine_MaterialFunctions02/Math/AddComponents.uexp" 774
"../../../Engine/Plugins/Interchange/Assets/Content/gltf/MaterialFunctions/MF_DiffuseSpecGloss.uasset" 775
"../../../Engine/Plugins/Interchange/Assets/Content/gltf/MaterialFunctions/MF_DiffuseSpecGloss.uexp" 776
"../../../Engine/Plugins/Interchange/Assets/Content/gltf/MaterialFunctions/MF_MaxComponentValue.uasset" 777
"../../../Engine/Plugins/Interchange/Assets/Content/gltf/MaterialFunctions/MF_MaxComponentValue.uexp" 778
"../../../Engine/Plugins/Interchange/Assets/Content/gltf/MaterialFunctions/MF_PerceivedBrightness.uasset" 779
"../../../Engine/Plugins/Interchange/Assets/Content/gltf/MaterialFunctions/MF_PerceivedBrightness.uexp" 780
"../../../Engine/Plugins/Interchange/Assets/Content/gltf/MaterialFunctions/MF_SpecGlossToMetalRoughness.uasset" 781
"../../../Engine/Plugins/Interchange/Assets/Content/gltf/MaterialFunctions/MF_SpecGlossToMetalRoughness.uexp" 782
"../../../Engine/Plugins/Interchange/Assets/Content/gltf/MaterialBodies/MF_SpecularGlossiness_Body.uasset" 783
"../../../Engine/Plugins/Interchange/Assets/Content/gltf/MaterialBodies/MF_SpecularGlossiness_Body.uexp" 784
"../../../Engine/Plugins/Interchange/Assets/Content/gltf/M_SpecularGlossiness.uasset" 785
"../../../Engine/Plugins/Interchange/Assets/Content/gltf/M_SpecularGlossiness.uexp" 786
"../../../Engine/Plugins/Interchange/Assets/Content/gltf/MaterialInstances/MI_SpecularGlossiness_Blend.uasset" 787
"../../../Engine/Plugins/Interchange/Assets/Content/gltf/MaterialInstances/MI_SpecularGlossiness_Blend.uexp" 788
"../../../Engine/Plugins/Interchange/Assets/Content/gltf/MaterialInstances/MI_SpecularGlossiness_Blend_DS.uasset" 789
"../../../Engine/Plugins/Interchange/Assets/Content/gltf/MaterialInstances/MI_SpecularGlossiness_Blend_DS.uexp" 790
"../../../Engine/Plugins/Interchange/Assets/Content/gltf/MaterialInstances/MI_SpecularGlossiness_Mask.uasset" 791
"../../../Engine/Plugins/Interchange/Assets/Content/gltf/MaterialInstances/MI_SpecularGlossiness_Mask.uexp" 792
"../../../Engine/Plugins/Interchange/Assets/Content/gltf/MaterialInstances/MI_SpecularGlossiness_Mask_DS.uasset" 793
"../../../Engine/Plugins/Interchange/Assets/Content/gltf/MaterialInstances/MI_SpecularGlossiness_Mask_DS.uexp" 794
"../../../Engine/Plugins/Interchange/Assets/Content/gltf/MaterialInstances/MI_SpecularGlossiness_Opaque.uasset" 795
"../../../Engine/Plugins/Interchange/Assets/Content/gltf/MaterialInstances/MI_SpecularGlossiness_Opaque.uexp" 796
"../../../Engine/Plugins/Interchange/Assets/Content/gltf/MaterialInstances/MI_SpecularGlossiness_Opaque_DS.uasset" 797
"../../../Engine/Plugins/Interchange/Assets/Content/gltf/MaterialInstances/MI_SpecularGlossiness_Opaque_DS.uexp" 798
"../../../Engine/Content/EngineMaterials/Good64x64TilingNoiseHighFreq.uasset" 799
"../../../Engine/Content/EngineMaterials/Good64x64TilingNoiseHighFreq.uexp" 800
"../../../Engine/Content/Functions/Engine_MaterialFunctions02/Texturing/ScreenAlignedPixelToPixelUVs.uasset" 801
"../../../Engine/Content/Functions/Engine_MaterialFunctions02/Texturing/ScreenAlignedPixelToPixelUVs.uexp" 802
"../../../Engine/Plugins/Interchange/Assets/Content/gltf/MaterialFunctions/MF_Fresnel_DS.uasset" 803
"../../../Engine/Plugins/Interchange/Assets/Content/gltf/MaterialFunctions/MF_Fresnel_DS.uexp" 804
"../../../Engine/Plugins/Interchange/Assets/Content/gltf/MaterialFunctions/MF_Temporal_Blur.uasset" 805
"../../../Engine/Plugins/Interchange/Assets/Content/gltf/MaterialFunctions/MF_Temporal_Blur.uexp" 806
"../../../Engine/Plugins/Interchange/Assets/Content/gltf/MaterialFunctions/MF_Transmission.uasset" 807
"../../../Engine/Plugins/Interchange/Assets/Content/gltf/MaterialFunctions/MF_Transmission.uexp" 808
"../../../Engine/Plugins/Interchange/Assets/Content/gltf/MaterialBodies/MF_Transmission_Body.uasset" 809
"../../../Engine/Plugins/Interchange/Assets/Content/gltf/MaterialBodies/MF_Transmission_Body.uexp" 810
"../../../Engine/Plugins/Interchange/Assets/Content/gltf/M_Transmission.uasset" 811
"../../../Engine/Plugins/Interchange/Assets/Content/gltf/M_Transmission.uexp" 812
"../../../Engine/Plugins/Interchange/Assets/Content/gltf/MaterialInstances/MI_Transmission.uasset" 813
"../../../Engine/Plugins/Interchange/Assets/Content/gltf/MaterialInstances/MI_Transmission.uexp" 814
"../../../Engine/Plugins/Interchange/Assets/Content/gltf/MaterialInstances/MI_Transmission_DS.uasset" 815
"../../../Engine/Plugins/Interchange/Assets/Content/gltf/MaterialInstances/MI_Transmission_DS.uexp" 816
"../../../Engine/Plugins/Interchange/Assets/Content/gltf/MaterialBodies/MF_Unlit_Body.uasset" 817
"../../../Engine/Plugins/Interchange/Assets/Content/gltf/MaterialBodies/MF_Unlit_Body.uexp" 818
"../../../Engine/Plugins/Interchange/Assets/Content/gltf/M_Unlit.uasset" 819
"../../../Engine/Plugins/Interchange/Assets/Content/gltf/M_Unlit.uexp" 820
"../../../Engine/Plugins/Interchange/Assets/Content/gltf/MaterialInstances/MI_Unlit_Blend.uasset" 821
"../../../Engine/Plugins/Interchange/Assets/Content/gltf/MaterialInstances/MI_Unlit_Blend.uexp" 822
"../../../Engine/Plugins/Interchange/Assets/Content/gltf/MaterialInstances/MI_Unlit_Blend_DS.uasset" 823
"../../../Engine/Plugins/Interchange/Assets/Content/gltf/MaterialInstances/MI_Unlit_Blend_DS.uexp" 824
"../../../Engine/Plugins/Interchange/Assets/Content/gltf/MaterialInstances/MI_Unlit_Mask.uasset" 825
"../../../Engine/Plugins/Interchange/Assets/Content/gltf/MaterialInstances/MI_Unlit_Mask.uexp" 826
"../../../Engine/Plugins/Interchange/Assets/Content/gltf/MaterialInstances/MI_Unlit_Mask_DS.uasset" 827
"../../../Engine/Plugins/Interchange/Assets/Content/gltf/MaterialInstances/MI_Unlit_Mask_DS.uexp" 828
"../../../Engine/Plugins/Interchange/Assets/Content/gltf/MaterialInstances/MI_Unlit_Opaque.uasset" 829
"../../../Engine/Plugins/Interchange/Assets/Content/gltf/MaterialInstances/MI_Unlit_Opaque.uexp" 830
"../../../Engine/Plugins/Interchange/Assets/Content/gltf/MaterialInstances/MI_Unlit_Opaque_DS.uasset" 831
"../../../Engine/Plugins/Interchange/Assets/Content/gltf/MaterialInstances/MI_Unlit_Opaque_DS.uexp" 832
"../../../Engine/Content/EngineMaterials/WeightMapPlaceholderTexture.uasset" 833
"../../../Engine/Content/EngineMaterials/WeightMapPlaceholderTexture.uexp" 834
"../../../Engine/Content/EngineMaterials/WeightMapArrayPlaceholderTexture.uasset" 835
"../../../Engine/Content/EngineMaterials/WeightMapArrayPlaceholderTexture.uexp" 836
"../../../Engine/Content/EngineResources/WhiteSquareTexture.uasset" 837
"../../../Engine/Content/EngineResources/WhiteSquareTexture.uexp" 838
"../../../Engine/Content/EngineMaterials/Widget3DPassThrough.uasset" 839
"../../../Engine/Content/EngineMaterials/Widget3DPassThrough.uexp" 840
"../../../Engine/Content/EngineMaterials/Widget3DPassThrough_Masked.uasset" 841
"../../../Engine/Content/EngineMaterials/Widget3DPassThrough_Masked.uexp" 842
"../../../Engine/Content/EngineMaterials/Widget3DPassThrough_Opaque.uasset" 843
"../../../Engine/Content/EngineMaterials/Widget3DPassThrough_Opaque.uexp" 844
"../../../Engine/Content/EngineMaterials/Widget3DPassThrough_Masked_OneSided.uasset" 845
"../../../Engine/Content/EngineMaterials/Widget3DPassThrough_Masked_OneSided.uexp" 846
"../../../Engine/Content/EngineMaterials/Widget3DPassThrough_Opaque_OneSided.uasset" 847
"../../../Engine/Content/EngineMaterials/Widget3DPassThrough_Opaque_OneSided.uexp" 848
"../../../Engine/Content/EngineMaterials/Widget3DPassThrough_Translucent.uasset" 849
"../../../Engine/Content/EngineMaterials/Widget3DPassThrough_Translucent.uexp" 850
"../../../Engine/Content/EngineMaterials/Widget3DPassThrough_Translucent_OneSided.uasset" 851
"../../../Engine/Content/EngineMaterials/Widget3DPassThrough_Translucent_OneSided.uexp" 852
"../../../Engine/Content/EngineSky/T_Sky_Stars.ubulk" 853
"../../../Engine/Content/EngineSky/T_Sky_Stars.uasset" 854
"../../../Engine/Content/EngineSky/T_Sky_Stars.uexp" 855
"../../../Engine/Content/EngineSky/T_Sky_Clouds_M.ubulk" 856
"../../../Engine/Content/EngineSky/T_Sky_Clouds_M.uasset" 857
"../../../Engine/Content/EngineSky/T_Sky_Clouds_M.uexp" 858
"../../../Engine/Content/EngineSky/T_Sky_Blue.ubulk" 859
"../../../Engine/Content/EngineSky/T_Sky_Blue.uasset" 860
"../../../Engine/Content/EngineSky/T_Sky_Blue.uexp" 861
"../../../Engine/Content/EngineSky/M_Sky_Panning_Clouds2.uasset" 862
"../../../Engine/Content/EngineSky/M_Sky_Panning_Clouds2.uexp" 863
"../../../Engine/Content/EngineSky/SM_SkySphere.ubulk" 864
"../../../Engine/Content/EngineSky/SM_SkySphere.uasset" 865
"../../../Engine/Content/EngineSky/SM_SkySphere.uexp" 866
"../../../Engine/Plugins/Animation/ControlRig/Content/Controls/ControlRig_Arrow2_1mm.ubulk" 867
"../../../Engine/Plugins/Animation/ControlRig/Content/Controls/ControlRig_Arrow2_1mm.uasset" 868
"../../../Engine/Plugins/Animation/ControlRig/Content/Controls/ControlRig_Arrow2_1mm.uexp" 869
"../../../Engine/Plugins/Animation/ControlRig/Content/Controls/ControlRig_Arrow2_3mm.ubulk" 870
"../../../Engine/Plugins/Animation/ControlRig/Content/Controls/ControlRig_Arrow2_3mm.uasset" 871
"../../../Engine/Plugins/Animation/ControlRig/Content/Controls/ControlRig_Arrow2_3mm.uexp" 872
"../../../Engine/Plugins/Animation/ControlRig/Content/Controls/ControlRig_Arrow2_solid.ubulk" 873
"../../../Engine/Plugins/Animation/ControlRig/Content/Controls/ControlRig_Arrow2_solid.uasset" 874
"../../../Engine/Plugins/Animation/ControlRig/Content/Controls/ControlRig_Arrow2_solid.uexp" 875
"../../../Engine/Plugins/Animation/ControlRig/Content/Controls/ControlRig_Arrow4_1mm.ubulk" 876
"../../../Engine/Plugins/Animation/ControlRig/Content/Controls/ControlRig_Arrow4_1mm.uasset" 877
"../../../Engine/Plugins/Animation/ControlRig/Content/Controls/ControlRig_Arrow4_1mm.uexp" 878
"../../../Engine/Plugins/Animation/ControlRig/Content/Controls/ControlRig_Arrow4_3mm.ubulk" 879
"../../../Engine/Plugins/Animation/ControlRig/Content/Controls/ControlRig_Arrow4_3mm.uasset" 880
"../../../Engine/Plugins/Animation/ControlRig/Content/Controls/ControlRig_Arrow4_3mm.uexp" 881
"../../../Engine/Plugins/Animation/ControlRig/Content/Controls/ControlRig_Arrow4_solid.ubulk" 882
"../../../Engine/Plugins/Animation/ControlRig/Content/Controls/ControlRig_Arrow4_solid.uasset" 883
"../../../Engine/Plugins/Animation/ControlRig/Content/Controls/ControlRig_Arrow4_solid.uexp" 884
"../../../Engine/Plugins/Animation/ControlRig/Content/Controls/ControlRig_Arrow_1mm.ubulk" 885
"../../../Engine/Plugins/Animation/ControlRig/Content/Controls/ControlRig_Arrow_1mm.uasset" 886
"../../../Engine/Plugins/Animation/ControlRig/Content/Controls/ControlRig_Arrow_1mm.uexp" 887
"../../../Engine/Plugins/Animation/ControlRig/Content/Controls/ControlRig_Arrow_3mm.ubulk" 888
"../../../Engine/Plugins/Animation/ControlRig/Content/Controls/ControlRig_Arrow_3mm.uasset" 889
"../../../Engine/Plugins/Animation/ControlRig/Content/Controls/ControlRig_Arrow_3mm.uexp" 890
"../../../Engine/Plugins/Animation/ControlRig/Content/Controls/ControlRig_Arrow_solid.ubulk" 891
"../../../Engine/Plugins/Animation/ControlRig/Content/Controls/ControlRig_Arrow_solid.uasset" 892
"../../../Engine/Plugins/Animation/ControlRig/Content/Controls/ControlRig_Arrow_solid.uexp" 893
"../../../Engine/Plugins/Animation/ControlRig/Content/Controls/ControlRig_Box_1mm.ubulk" 894
"../../../Engine/Plugins/Animation/ControlRig/Content/Controls/ControlRig_Box_1mm.uasset" 895
"../../../Engine/Plugins/Animation/ControlRig/Content/Controls/ControlRig_Box_1mm.uexp" 896
"../../../Engine/Plugins/Animation/ControlRig/Content/Controls/ControlRig_Box_3mm.ubulk" 897
"../../../Engine/Plugins/Animation/ControlRig/Content/Controls/ControlRig_Box_3mm.uasset" 898
"../../../Engine/Plugins/Animation/ControlRig/Content/Controls/ControlRig_Box_3mm.uexp" 899
"../../../Engine/Plugins/Animation/ControlRig/Content/Controls/ControlRig_Box_solid.ubulk" 900
"../../../Engine/Plugins/Animation/ControlRig/Content/Controls/ControlRig_Box_solid.uasset" 901
"../../../Engine/Plugins/Animation/ControlRig/Content/Controls/ControlRig_Box_solid.uexp" 902
"../../../Engine/Plugins/Animation/ControlRig/Content/Controls/ControlRig_Circle_1mm.ubulk" 903
"../../../Engine/Plugins/Animation/ControlRig/Content/Controls/ControlRig_Circle_1mm.uasset" 904
"../../../Engine/Plugins/Animation/ControlRig/Content/Controls/ControlRig_Circle_1mm.uexp" 905
"../../../Engine/Plugins/Animation/ControlRig/Content/Controls/ControlRig_Circle_3mm.ubulk" 906
"../../../Engine/Plugins/Animation/ControlRig/Content/Controls/ControlRig_Circle_3mm.uasset" 907
"../../../Engine/Plugins/Animation/ControlRig/Content/Controls/ControlRig_Circle_3mm.uexp" 908
"../../../Engine/Plugins/Animation/ControlRig/Content/Controls/ControlRig_Circle_solid.ubulk" 909
"../../../Engine/Plugins/Animation/ControlRig/Content/Controls/ControlRig_Circle_solid.uasset" 910
"../../../Engine/Plugins/Animation/ControlRig/Content/Controls/ControlRig_Circle_solid.uexp" 911
"../../../Engine/Plugins/Animation/ControlRig/Content/Controls/ControlRig_Diamond_1mm.ubulk" 912
"../../../Engine/Plugins/Animation/ControlRig/Content/Controls/ControlRig_Diamond_1mm.uasset" 913
"../../../Engine/Plugins/Animation/ControlRig/Content/Controls/ControlRig_Diamond_1mm.uexp" 914
"../../../Engine/Plugins/Animation/ControlRig/Content/Controls/ControlRig_Diamond_3mm.ubulk" 915
"../../../Engine/Plugins/Animation/ControlRig/Content/Controls/ControlRig_Diamond_3mm.uasset" 916
"../../../Engine/Plugins/Animation/ControlRig/Content/Controls/ControlRig_Diamond_3mm.uexp" 917
"../../../Engine/Plugins/Animation/ControlRig/Content/Controls/ControlRig_Diamond_solid.ubulk" 918
"../../../Engine/Plugins/Animation/ControlRig/Content/Controls/ControlRig_Diamond_solid.uasset" 919
"../../../Engine/Plugins/Animation/ControlRig/Content/Controls/ControlRig_Diamond_solid.uexp" 920
"../../../Engine/Plugins/Animation/ControlRig/Content/Controls/ControlRig_HalfCircle_1mm.ubulk" 921
"../../../Engine/Plugins/Animation/ControlRig/Content/Controls/ControlRig_HalfCircle_1mm.uasset" 922
"../../../Engine/Plugins/Animation/ControlRig/Content/Controls/ControlRig_HalfCircle_1mm.uexp" 923
"../../../Engine/Plugins/Animation/ControlRig/Content/Controls/ControlRig_HalfCircle_3mm.ubulk" 924
"../../../Engine/Plugins/Animation/ControlRig/Content/Controls/ControlRig_HalfCircle_3mm.uasset" 925
"../../../Engine/Plugins/Animation/ControlRig/Content/Controls/ControlRig_HalfCircle_3mm.uexp" 926
"../../../Engine/Plugins/Animation/ControlRig/Content/Controls/ControlRig_HalfCircle_solid.ubulk" 927
"../../../Engine/Plugins/Animation/ControlRig/Content/Controls/ControlRig_HalfCircle_solid.uasset" 928
"../../../Engine/Plugins/Animation/ControlRig/Content/Controls/ControlRig_HalfCircle_solid.uexp" 929
"../../../Engine/Plugins/Animation/ControlRig/Content/Controls/ControlRig_Hexagon_1mm.ubulk" 930
"../../../Engine/Plugins/Animation/ControlRig/Content/Controls/ControlRig_Hexagon_1mm.uasset" 931
"../../../Engine/Plugins/Animation/ControlRig/Content/Controls/ControlRig_Hexagon_1mm.uexp" 932
"../../../Engine/Plugins/Animation/ControlRig/Content/Controls/ControlRig_Hexagon_3mm.ubulk" 933
"../../../Engine/Plugins/Animation/ControlRig/Content/Controls/ControlRig_Hexagon_3mm.uasset" 934
"../../../Engine/Plugins/Animation/ControlRig/Content/Controls/ControlRig_Hexagon_3mm.uexp" 935
"../../../Engine/Plugins/Animation/ControlRig/Content/Controls/ControlRig_Hexagon_solid.ubulk" 936
"../../../Engine/Plugins/Animation/ControlRig/Content/Controls/ControlRig_Hexagon_solid.uasset" 937
"../../../Engine/Plugins/Animation/ControlRig/Content/Controls/ControlRig_Hexagon_solid.uexp" 938
"../../../Engine/Plugins/Animation/ControlRig/Content/Controls/ControlRig_Octagon_1mm.ubulk" 939
"../../../Engine/Plugins/Animation/ControlRig/Content/Controls/ControlRig_Octagon_1mm.uasset" 940
"../../../Engine/Plugins/Animation/ControlRig/Content/Controls/ControlRig_Octagon_1mm.uexp" 941
"../../../Engine/Plugins/Animation/ControlRig/Content/Controls/ControlRig_Octagon_3mm.ubulk" 942
"../../../Engine/Plugins/Animation/ControlRig/Content/Controls/ControlRig_Octagon_3mm.uasset" 943
"../../../Engine/Plugins/Animation/ControlRig/Content/Controls/ControlRig_Octagon_3mm.uexp" 944
"../../../Engine/Plugins/Animation/ControlRig/Content/Controls/ControlRig_Octagon_solid.ubulk" 945
"../../../Engine/Plugins/Animation/ControlRig/Content/Controls/ControlRig_Octagon_solid.uasset" 946
"../../../Engine/Plugins/Animation/ControlRig/Content/Controls/ControlRig_Octagon_solid.uexp" 947
"../../../Engine/Plugins/Animation/ControlRig/Content/Controls/ControlRig_Pyramid_1mm.ubulk" 948
"../../../Engine/Plugins/Animation/ControlRig/Content/Controls/ControlRig_Pyramid_1mm.uasset" 949
"../../../Engine/Plugins/Animation/ControlRig/Content/Controls/ControlRig_Pyramid_1mm.uexp" 950
"../../../Engine/Plugins/Animation/ControlRig/Content/Controls/ControlRig_Pyramid_3mm.ubulk" 951
"../../../Engine/Plugins/Animation/ControlRig/Content/Controls/ControlRig_Pyramid_3mm.uasset" 952
"../../../Engine/Plugins/Animation/ControlRig/Content/Controls/ControlRig_Pyramid_3mm.uexp" 953
"../../../Engine/Plugins/Animation/ControlRig/Content/Controls/ControlRig_Pyramid_solid.ubulk" 954
"../../../Engine/Plugins/Animation/ControlRig/Content/Controls/ControlRig_Pyramid_solid.uasset" 955
"../../../Engine/Plugins/Animation/ControlRig/Content/Controls/ControlRig_Pyramid_solid.uexp" 956
"../../../Engine/Plugins/Animation/ControlRig/Content/Controls/ControlRig_QuarterCircle_1mm.ubulk" 957
"../../../Engine/Plugins/Animation/ControlRig/Content/Controls/ControlRig_QuarterCircle_1mm.uasset" 958
"../../../Engine/Plugins/Animation/ControlRig/Content/Controls/ControlRig_QuarterCircle_1mm.uexp" 959
"../../../Engine/Plugins/Animation/ControlRig/Content/Controls/ControlRig_QuarterCircle_3mm.ubulk" 960
"../../../Engine/Plugins/Animation/ControlRig/Content/Controls/ControlRig_QuarterCircle_3mm.uasset" 961
"../../../Engine/Plugins/Animation/ControlRig/Content/Controls/ControlRig_QuarterCircle_3mm.uexp" 962
"../../../Engine/Plugins/Animation/ControlRig/Content/Controls/ControlRig_QuarterCircle_solid.ubulk" 963
"../../../Engine/Plugins/Animation/ControlRig/Content/Controls/ControlRig_QuarterCircle_solid.uasset" 964
"../../../Engine/Plugins/Animation/ControlRig/Content/Controls/ControlRig_QuarterCircle_solid.uexp" 965
"../../../Engine/Plugins/Animation/ControlRig/Content/Controls/ControlRig_RoundedSquare_1mm.ubulk" 966
"../../../Engine/Plugins/Animation/ControlRig/Content/Controls/ControlRig_RoundedSquare_1mm.uasset" 967
"../../../Engine/Plugins/Animation/ControlRig/Content/Controls/ControlRig_RoundedSquare_1mm.uexp" 968
"../../../Engine/Plugins/Animation/ControlRig/Content/Controls/ControlRig_RoundedSquare_3mm.ubulk" 969
"../../../Engine/Plugins/Animation/ControlRig/Content/Controls/ControlRig_RoundedSquare_3mm.uasset" 970
"../../../Engine/Plugins/Animation/ControlRig/Content/Controls/ControlRig_RoundedSquare_3mm.uexp" 971
"../../../Engine/Plugins/Animation/ControlRig/Content/Controls/ControlRig_RoundedSquare_solid.ubulk" 972
"../../../Engine/Plugins/Animation/ControlRig/Content/Controls/ControlRig_RoundedSquare_solid.uasset" 973
"../../../Engine/Plugins/Animation/ControlRig/Content/Controls/ControlRig_RoundedSquare_solid.uexp" 974
"../../../Engine/Plugins/Animation/ControlRig/Content/Controls/ControlRig_RoundedTriangle_1mm.ubulk" 975
"../../../Engine/Plugins/Animation/ControlRig/Content/Controls/ControlRig_RoundedTriangle_1mm.uasset" 976
"../../../Engine/Plugins/Animation/ControlRig/Content/Controls/ControlRig_RoundedTriangle_1mm.uexp" 977
"../../../Engine/Plugins/Animation/ControlRig/Content/Controls/ControlRig_RoundedTriangle_3mm.ubulk" 978
"../../../Engine/Plugins/Animation/ControlRig/Content/Controls/ControlRig_RoundedTriangle_3mm.uasset" 979
"../../../Engine/Plugins/Animation/ControlRig/Content/Controls/ControlRig_RoundedTriangle_3mm.uexp" 980
"../../../Engine/Plugins/Animation/ControlRig/Content/Controls/ControlRig_RoundedTriangle_solid.ubulk" 981
"../../../Engine/Plugins/Animation/ControlRig/Content/Controls/ControlRig_RoundedTriangle_solid.uasset" 982
"../../../Engine/Plugins/Animation/ControlRig/Content/Controls/ControlRig_RoundedTriangle_solid.uexp" 983
"../../../Engine/Plugins/Animation/ControlRig/Content/Controls/ControlRig_Sphere_1mm.ubulk" 984
"../../../Engine/Plugins/Animation/ControlRig/Content/Controls/ControlRig_Sphere_1mm.uasset" 985
"../../../Engine/Plugins/Animation/ControlRig/Content/Controls/ControlRig_Sphere_1mm.uexp" 986
"../../../Engine/Plugins/Animation/ControlRig/Content/Controls/ControlRig_Sphere_3mm.ubulk" 987
"../../../Engine/Plugins/Animation/ControlRig/Content/Controls/ControlRig_Sphere_3mm.uasset" 988
"../../../Engine/Plugins/Animation/ControlRig/Content/Controls/ControlRig_Sphere_3mm.uexp" 989
"../../../Engine/Plugins/Animation/ControlRig/Content/Controls/ControlRig_Sphere_solid.ubulk" 990
"../../../Engine/Plugins/Animation/ControlRig/Content/Controls/ControlRig_Sphere_solid.uasset" 991
"../../../Engine/Plugins/Animation/ControlRig/Content/Controls/ControlRig_Sphere_solid.uexp" 992
"../../../Engine/Plugins/Animation/ControlRig/Content/Controls/ControlRig_Square_1mm.ubulk" 993
"../../../Engine/Plugins/Animation/ControlRig/Content/Controls/ControlRig_Square_1mm.uasset" 994
"../../../Engine/Plugins/Animation/ControlRig/Content/Controls/ControlRig_Square_1mm.uexp" 995
"../../../Engine/Plugins/Animation/ControlRig/Content/Controls/ControlRig_Square_3mm.ubulk" 996
"../../../Engine/Plugins/Animation/ControlRig/Content/Controls/ControlRig_Square_3mm.uasset" 997
"../../../Engine/Plugins/Animation/ControlRig/Content/Controls/ControlRig_Square_3mm.uexp" 998
"../../../Engine/Plugins/Animation/ControlRig/Content/Controls/ControlRig_Square_solid.ubulk" 999
"../../../Engine/Plugins/Animation/ControlRig/Content/Controls/ControlRig_Square_solid.uasset" 1000
"../../../Engine/Plugins/Animation/ControlRig/Content/Controls/ControlRig_Square_solid.uexp" 1001
"../../../Engine/Plugins/Animation/ControlRig/Content/Controls/ControlRig_Star4_1mm.ubulk" 1002
"../../../Engine/Plugins/Animation/ControlRig/Content/Controls/ControlRig_Star4_1mm.uasset" 1003
"../../../Engine/Plugins/Animation/ControlRig/Content/Controls/ControlRig_Star4_1mm.uexp" 1004
"../../../Engine/Plugins/Animation/ControlRig/Content/Controls/ControlRig_Star4_3mm.ubulk" 1005
"../../../Engine/Plugins/Animation/ControlRig/Content/Controls/ControlRig_Star4_3mm.uasset" 1006
"../../../Engine/Plugins/Animation/ControlRig/Content/Controls/ControlRig_Star4_3mm.uexp" 1007
"../../../Engine/Plugins/Animation/ControlRig/Content/Controls/ControlRig_Star4_solid.ubulk" 1008
"../../../Engine/Plugins/Animation/ControlRig/Content/Controls/ControlRig_Star4_solid.uasset" 1009
"../../../Engine/Plugins/Animation/ControlRig/Content/Controls/ControlRig_Star4_solid.uexp" 1010
"../../../Engine/Plugins/Animation/ControlRig/Content/Controls/ControlRig_Triangle_1mm.ubulk" 1011
"../../../Engine/Plugins/Animation/ControlRig/Content/Controls/ControlRig_Triangle_1mm.uasset" 1012
"../../../Engine/Plugins/Animation/ControlRig/Content/Controls/ControlRig_Triangle_1mm.uexp" 1013
"../../../Engine/Plugins/Animation/ControlRig/Content/Controls/ControlRig_Triangle_3mm.ubulk" 1014
"../../../Engine/Plugins/Animation/ControlRig/Content/Controls/ControlRig_Triangle_3mm.uasset" 1015
"../../../Engine/Plugins/Animation/ControlRig/Content/Controls/ControlRig_Triangle_3mm.uexp" 1016
"../../../Engine/Plugins/Animation/ControlRig/Content/Controls/ControlRig_Triangle_solid.ubulk" 1017
"../../../Engine/Plugins/Animation/ControlRig/Content/Controls/ControlRig_Triangle_solid.uasset" 1018
"../../../Engine/Plugins/Animation/ControlRig/Content/Controls/ControlRig_Triangle_solid.uexp" 1019
"../../../Engine/Plugins/Animation/ControlRig/Content/Controls/ControlRig_Wedge_1mm.ubulk" 1020
"../../../Engine/Plugins/Animation/ControlRig/Content/Controls/ControlRig_Wedge_1mm.uasset" 1021
"../../../Engine/Plugins/Animation/ControlRig/Content/Controls/ControlRig_Wedge_1mm.uexp" 1022
"../../../Engine/Plugins/Animation/ControlRig/Content/Controls/ControlRig_Wedge_3mm.ubulk" 1023
"../../../Engine/Plugins/Animation/ControlRig/Content/Controls/ControlRig_Wedge_3mm.uasset" 1024
"../../../Engine/Plugins/Animation/ControlRig/Content/Controls/ControlRig_Wedge_3mm.uexp" 1025
"../../../Engine/Plugins/Animation/ControlRig/Content/Controls/ControlRig_Wedge_solid.ubulk" 1026
"../../../Engine/Plugins/Animation/ControlRig/Content/Controls/ControlRig_Wedge_solid.uasset" 1027
"../../../Engine/Plugins/Animation/ControlRig/Content/Controls/ControlRig_Wedge_solid.uexp" 1028
"../../../Engine/Content/EditorLandscapeResources/ColorMaskBrushMaterial.uasset" 1029
"../../../Engine/Content/EditorLandscapeResources/ColorMaskBrushMaterial.uexp" 1030
"../../../Engine/Content/EditorLandscapeResources/ColorMaskBrushMaterial_MaskedRegion.uasset" 1031
"../../../Engine/Content/EditorLandscapeResources/ColorMaskBrushMaterial_MaskedRegion.uexp" 1032
"../../../Engine/Content/Functions/Engine_MaterialFunctions03/Math/WithinRangeFloat2.uasset" 1033
"../../../Engine/Content/Functions/Engine_MaterialFunctions03/Math/WithinRangeFloat2.uexp" 1034
"../../../Engine/Content/EditorLandscapeResources/MaskBrushMaterial.uasset" 1035
"../../../Engine/Content/EditorLandscapeResources/MaskBrushMaterial.uexp" 1036
"../../../Engine/Content/EditorLandscapeResources/MaskBrushMaterial_MaskedRegion.uasset" 1037
"../../../Engine/Content/EditorLandscapeResources/MaskBrushMaterial_MaskedRegion.uexp" 1038
"../../../Engine/Content/EditorLandscapeResources/SelectBrushMaterial.uasset" 1039
"../../../Engine/Content/EditorLandscapeResources/SelectBrushMaterial.uexp" 1040
"../../../Engine/Content/EditorLandscapeResources/SelectBrushMaterial_Selected.uasset" 1041
"../../../Engine/Content/EditorLandscapeResources/SelectBrushMaterial_Selected.uexp" 1042
"../../../Engine/Content/EditorLandscapeResources/SelectBrushMaterial_SelectedRegion.uasset" 1043
"../../../Engine/Content/EditorLandscapeResources/SelectBrushMaterial_SelectedRegion.uexp" 1044
"../../../Engine/Content/EditorLandscapeResources/SplineEditorMeshMat.uasset" 1045
"../../../Engine/Content/EditorLandscapeResources/SplineEditorMeshMat.uexp" 1046
"../../../Engine/Content/EditorLandscapeResources/SplineEditorMesh.ubulk" 1047
"../../../Engine/Content/EditorLandscapeResources/SplineEditorMesh.uasset" 1048
"../../../Engine/Content/EditorLandscapeResources/SplineEditorMesh.uexp" 1049
"../../../Engine/Content/BasicShapes/Cone.ubulk" 1050
"../../../Engine/Content/BasicShapes/Cone.uasset" 1051
"../../../Engine/Content/BasicShapes/Cone.uexp" 1052
"../../../Engine/Content/BasicShapes/Cylinder.ubulk" 1053
"../../../Engine/Content/BasicShapes/Cylinder.uasset" 1054
"../../../Engine/Content/BasicShapes/Cylinder.uexp" 1055
"../../../Engine/Content/BasicShapes/Plane.ubulk" 1056
"../../../Engine/Content/BasicShapes/Plane.uasset" 1057
"../../../Engine/Content/BasicShapes/Plane.uexp" 1058
"../../../Engine/Plugins/Media/MediaPlate/Content/SM_MediaPlateScreen.ubulk" 1059
"../../../Engine/Plugins/Media/MediaPlate/Content/SM_MediaPlateScreen.uasset" 1060
"../../../Engine/Plugins/Media/MediaPlate/Content/SM_MediaPlateScreen.uexp" 1061
"../../../Engine/Plugins/2D/Paper2D/Content/DefaultSpriteMaterial.uasset" 1062
"../../../Engine/Plugins/2D/Paper2D/Content/DefaultSpriteMaterial.uexp" 1063
"../../../Engine/Plugins/2D/Paper2D/Content/MaskedUnlitSpriteMaterial.uasset" 1064
"../../../Engine/Plugins/2D/Paper2D/Content/MaskedUnlitSpriteMaterial.uexp" 1065
"../../../Engine/Plugins/2D/Paper2D/Content/OpaqueUnlitSpriteMaterial.uasset" 1066
"../../../Engine/Plugins/2D/Paper2D/Content/OpaqueUnlitSpriteMaterial.uexp" 1067
"../../../Engine/Content/EngineResources/LandscapeVisibilityLayerInfo.uasset" 1068
"../../../Engine/Content/EngineResources/LandscapeVisibilityLayerInfo.uexp" 1069
"../../../Engine/Content/VREditor/TransformGizmo/TranslucentTransformGizmoMaterial_Inst.uasset" 1070
"../../../Engine/Content/VREditor/TransformGizmo/TranslucentTransformGizmoMaterial_Inst.uexp" 1071
"../../../Engine/Content/VREditor/TransformGizmo/TransformGizmoMaterial_Inst.uasset" 1072
"../../../Engine/Content/VREditor/TransformGizmo/TransformGizmoMaterial_Inst.uexp" 1073
"../../../Engine/Content/VREditor/Sounds/UI/Drop_Item_From_ContentBrowser.ubulk" 1074
"../../../Engine/Content/VREditor/Sounds/UI/Drop_Item_From_ContentBrowser.uasset" 1075
"../../../Engine/Content/VREditor/Sounds/UI/Drop_Item_From_ContentBrowser.uexp" 1076
"../../../Engine/Content/VREditor/TransformGizmo/UniformScaleHandle.ubulk" 1077
"../../../Engine/Content/VREditor/TransformGizmo/UniformScaleHandle.uasset" 1078
"../../../Engine/Content/VREditor/TransformGizmo/UniformScaleHandle.uexp" 1079
"../../../Engine/Content/VREditor/TransformGizmo/TranslateArrowHandle.ubulk" 1080
"../../../Engine/Content/VREditor/TransformGizmo/TranslateArrowHandle.uasset" 1081
"../../../Engine/Content/VREditor/TransformGizmo/TranslateArrowHandle.uexp" 1082
"../../../Engine/Content/VREditor/TransformGizmo/TransformGizmoFreeRotation.ubulk" 1083
"../../../Engine/Content/VREditor/TransformGizmo/TransformGizmoFreeRotation.uasset" 1084
"../../../Engine/Content/VREditor/TransformGizmo/TransformGizmoFreeRotation.uexp" 1085
"../../../Engine/Content/VREditor/TransformGizmo/StartRotationHandleIndicator.ubulk" 1086
"../../../Engine/Content/VREditor/TransformGizmo/StartRotationHandleIndicator.uasset" 1087
"../../../Engine/Content/VREditor/TransformGizmo/StartRotationHandleIndicator.uexp" 1088
"../../../Engine/Content/VREditor/TransformGizmo/RotationHandleQuarter.ubulk" 1089
"../../../Engine/Content/VREditor/TransformGizmo/RotationHandleQuarter.uasset" 1090
"../../../Engine/Content/VREditor/TransformGizmo/RotationHandleQuarter.uexp" 1091
"../../../Engine/Content/VREditor/TransformGizmo/RotationHandleIndicator.ubulk" 1092
"../../../Engine/Content/VREditor/TransformGizmo/RotationHandleIndicator.uasset" 1093
"../../../Engine/Content/VREditor/TransformGizmo/RotationHandleIndicator.uexp" 1094
"../../../Engine/Content/VREditor/TransformGizmo/RotationHandleFull.ubulk" 1095
"../../../Engine/Content/VREditor/TransformGizmo/RotationHandleFull.uasset" 1096
"../../../Engine/Content/VREditor/TransformGizmo/RotationHandleFull.uexp" 1097
"../../../Engine/Content/VREditor/TransformGizmo/PlaneTranslationHandle.ubulk" 1098
"../../../Engine/Content/VREditor/TransformGizmo/PlaneTranslationHandle.uasset" 1099
"../../../Engine/Content/VREditor/TransformGizmo/PlaneTranslationHandle.uexp" 1100
"../../../Engine/Content/Functions/Engine_MaterialFunctions02/SplitComponents.uasset" 1101
"../../../Engine/Content/Functions/Engine_MaterialFunctions02/SplitComponents.uexp" 1102
"../../../Engine/Content/VREditor/SnapGrid/SnapGridMaterial.uasset" 1103
"../../../Engine/Content/VREditor/SnapGrid/SnapGridMaterial.uexp" 1104
"../../../Engine/Content/VREditor/SnapGrid/SnapGridPlaneMesh.ubulk" 1105
"../../../Engine/Content/VREditor/SnapGrid/SnapGridPlaneMesh.uasset" 1106
"../../../Engine/Content/VREditor/SnapGrid/SnapGridPlaneMesh.uexp" 1107
"../../../Engine/Content/VREditor/Sounds/UI/Gizmo_Handle_Clicked.ubulk" 1108
"../../../Engine/Content/VREditor/Sounds/UI/Gizmo_Handle_Clicked.uasset" 1109
"../../../Engine/Content/VREditor/Sounds/UI/Gizmo_Handle_Clicked.uexp" 1110
"../../../Engine/Content/VREditor/Sounds/UI/Object_PickUp.ubulk" 1111
"../../../Engine/Content/VREditor/Sounds/UI/Object_PickUp.uasset" 1112
"../../../Engine/Content/VREditor/Sounds/UI/Object_PickUp.uexp" 1113
"../../../Engine/Content/VREditor/Sounds/UI/Object_Snaps_To_Another_Actor.ubulk" 1114
"../../../Engine/Content/VREditor/Sounds/UI/Object_Snaps_To_Another_Actor.uasset" 1115
"../../../Engine/Content/VREditor/Sounds/UI/Object_Snaps_To_Another_Actor.uexp" 1116
"../../../Engine/Content/VREditor/Sounds/UI/Object_Snaps_To_Grid.ubulk" 1117
"../../../Engine/Content/VREditor/Sounds/UI/Object_Snaps_To_Grid.uasset" 1118
"../../../Engine/Content/VREditor/Sounds/UI/Object_Snaps_To_Grid.uexp" 1119
"../../../Engine/Content/VREditor/Sounds/UI/Scaling_Down.ubulk" 1120
"../../../Engine/Content/VREditor/Sounds/UI/Scaling_Down.uasset" 1121
"../../../Engine/Content/VREditor/Sounds/UI/Scaling_Down.uexp" 1122
"../../../Engine/Content/VREditor/Sounds/UI/Scaling_Up.ubulk" 1123
"../../../Engine/Content/VREditor/Sounds/UI/Scaling_Up.uasset" 1124
"../../../Engine/Content/VREditor/Sounds/UI/Scaling_Up.uexp" 1125
"../../../Engine/Content/VREditor/Sounds/UI/Selection_Changes.ubulk" 1126
"../../../Engine/Content/VREditor/Sounds/UI/Selection_Changes.uasset" 1127
"../../../Engine/Content/VREditor/Sounds/UI/Selection_Changes.uexp" 1128
"../../../Engine/Plugins/Animation/DeformerGraph/Content/DeformerFunctions/DG_Function_LinearBlendSkin_Morph_Cloth.uasset" 1129
"../../../Engine/Plugins/Animation/DeformerGraph/Content/DeformerFunctions/DG_Function_LinearBlendSkin_Morph_Cloth.uexp" 1130
"../../../Engine/Plugins/Animation/DeformerGraph/Content/Deformers/DG_LinearBlendSkin_Morph_Cloth.uasset" 1131
"../../../Engine/Plugins/Animation/DeformerGraph/Content/Deformers/DG_LinearBlendSkin_Morph_Cloth.uexp" 1132
"../../../Engine/Plugins/Animation/DeformerGraph/Content/DeformerFunctions/DG_Function_LinearBlendSkin_Morph_Cloth_PositionOnly.uasset" 1133
"../../../Engine/Plugins/Animation/DeformerGraph/Content/DeformerFunctions/DG_Function_LinearBlendSkin_Morph_Cloth_PositionOnly.uexp" 1134
"../../../Engine/Plugins/Animation/DeformerGraph/Content/DeformerFunctions/DG_Function_ComputeNormalsTangents.uasset" 1135
"../../../Engine/Plugins/Animation/DeformerGraph/Content/DeformerFunctions/DG_Function_ComputeNormalsTangents.uexp" 1136
"../../../Engine/Plugins/Animation/DeformerGraph/Content/Deformers/DG_LinearBlendSkin_Morph_Cloth_RecomputeNormals.uasset" 1137
"../../../Engine/Plugins/Animation/DeformerGraph/Content/Deformers/DG_LinearBlendSkin_Morph_Cloth_RecomputeNormals.uexp" 1138
"../../../Engine/Plugins/NNE/NNEDenoiser/Content/NNEDT_Oidn2-3_Balanced.uasset" 1139
"../../../Engine/Plugins/NNE/NNEDenoiser/Content/NNEDT_Oidn2-3_Balanced.uexp" 1140
"../../../Engine/Plugins/NNE/NNEDenoiser/Content/NNEDT_Oidn2-3_Balanced_Alpha.uasset" 1141
"../../../Engine/Plugins/NNE/NNEDenoiser/Content/NNEDT_Oidn2-3_Balanced_Alpha.uexp" 1142
"../../../Engine/Plugins/NNE/NNEDenoiser/Content/NNED_Oidn2-3_Balanced.uasset" 1143
"../../../Engine/Plugins/NNE/NNEDenoiser/Content/NNED_Oidn2-3_Balanced.uexp" 1144
"../../../Engine/Plugins/NNE/NNEDenoiser/Content/NNED_Oidn2-3_Balanced_Alpha.uasset" 1145
"../../../Engine/Plugins/NNE/NNEDenoiser/Content/NNED_Oidn2-3_Balanced_Alpha.uexp" 1146
"../../../Engine/Plugins/NNE/NNEDenoiser/Content/NNED_Oidn2-3_Fast.uasset" 1147
"../../../Engine/Plugins/NNE/NNEDenoiser/Content/NNED_Oidn2-3_Fast.uexp" 1148
"../../../Engine/Plugins/NNE/NNEDenoiser/Content/NNED_Oidn2-3_Fast_Alpha.uasset" 1149
"../../../Engine/Plugins/NNE/NNEDenoiser/Content/NNED_Oidn2-3_Fast_Alpha.uexp" 1150
"../../../Engine/Plugins/NNE/NNEDenoiser/Content/NNED_Oidn2-3_HighQuality.uasset" 1151
"../../../Engine/Plugins/NNE/NNEDenoiser/Content/NNED_Oidn2-3_HighQuality.uexp" 1152
"../../../Engine/Plugins/NNE/NNEDenoiser/Content/NNED_Oidn2-3_HighQuality_Alpha.uasset" 1153
"../../../Engine/Plugins/NNE/NNEDenoiser/Content/NNED_Oidn2-3_HighQuality_Alpha.uexp" 1154
"../../../Engine/Plugins/NNE/NNEDenoiser/Content/NNE_oidn2-3-0_rt_hdr_alb_nrm_small__dyn__fp16_opset11_DenoiseAlpha.uasset" 1155
"../../../Engine/Plugins/NNE/NNEDenoiser/Content/NNE_oidn2-3-0_rt_hdr_alb_nrm_small__dyn__fp16_opset11_DenoiseAlpha.uexp" 1156
"../../../Engine/Plugins/NNE/NNEDenoiser/Content/NNE_oidn2-3-0_rt_hdr_alb_nrm_small__dyn__fp16_opset11_ForwardAlpha.uasset" 1157
"../../../Engine/Plugins/NNE/NNEDenoiser/Content/NNE_oidn2-3-0_rt_hdr_alb_nrm_small__dyn__fp16_opset11_ForwardAlpha.uexp" 1158
"../../../Engine/Plugins/NNE/NNEDenoiser/Content/NNE_oidn2-3-0_rt_hdr_alb_nrm__dyn__fp16_opset11_DenoiseAlpha.uasset" 1159
"../../../Engine/Plugins/NNE/NNEDenoiser/Content/NNE_oidn2-3-0_rt_hdr_alb_nrm__dyn__fp16_opset11_DenoiseAlpha.uexp" 1160
"../../../Engine/Plugins/NNE/NNEDenoiser/Content/NNE_oidn2-3-0_rt_hdr_alb_nrm__dyn__fp16_opset11_ForwardAlpha.uasset" 1161
"../../../Engine/Plugins/NNE/NNEDenoiser/Content/NNE_oidn2-3-0_rt_hdr_alb_nrm__dyn__fp16_opset11_ForwardAlpha.uexp" 1162
"../../../Engine/Plugins/NNE/NNEDenoiser/Content/NNE_oidn2-3-0_rt_hdr_calb_cnrm_large__dyn__fp16_opset11_DenoiseAlpha.uasset" 1163
"../../../Engine/Plugins/NNE/NNEDenoiser/Content/NNE_oidn2-3-0_rt_hdr_calb_cnrm_large__dyn__fp16_opset11_DenoiseAlpha.uexp" 1164
"../../../Engine/Plugins/NNE/NNEDenoiser/Content/NNE_oidn2-3-0_rt_hdr_calb_cnrm_large__dyn__fp16_opset11_ForwardAlpha.uasset" 1165
"../../../Engine/Plugins/NNE/NNEDenoiser/Content/NNE_oidn2-3-0_rt_hdr_calb_cnrm_large__dyn__fp16_opset11_ForwardAlpha.uexp" 1166
"C:/Users/finle/Documents/GitHub/CI536_Integrated_Group_Project/CI536_Group_Project/Content/ThirdPerson/Blueprints/Characters/Camera/BPS_ClankHit.uasset" 1167
"C:/Users/finle/Documents/GitHub/CI536_Integrated_Group_Project/CI536_Group_Project/Content/ThirdPerson/Blueprints/Characters/Camera/BPS_ClankHit.uexp" 1168
"C:/Users/finle/Documents/GitHub/CI536_Integrated_Group_Project/CI536_Group_Project/Content/ThirdPerson/Blueprints/Characters/BP_Clank_new.uasset" 1169
"C:/Users/finle/Documents/GitHub/CI536_Integrated_Group_Project/CI536_Group_Project/Content/ThirdPerson/Blueprints/Characters/BP_Clank_new.uexp" 1170
"C:/Users/finle/Documents/GitHub/CI536_Integrated_Group_Project/CI536_Group_Project/Content/ThirdPerson/Blueprints/Camera/BP_Camera_Bounds.uasset" 1171
"C:/Users/finle/Documents/GitHub/CI536_Integrated_Group_Project/CI536_Group_Project/Content/ThirdPerson/Blueprints/Camera/BP_Camera_Bounds.uexp" 1172
"C:/Users/finle/Documents/GitHub/CI536_Integrated_Group_Project/CI536_Group_Project/Content/ThirdPerson/Blueprints/Camera/EN_CameraMode.uasset" 1173
"C:/Users/finle/Documents/GitHub/CI536_Integrated_Group_Project/CI536_Group_Project/Content/ThirdPerson/Blueprints/Camera/EN_CameraMode.uexp" 1174
"C:/Users/finle/Documents/GitHub/CI536_Integrated_Group_Project/CI536_Group_Project/Content/ThirdPerson/Blueprints/Camera/BP_Level_Cam.uasset" 1175
"C:/Users/finle/Documents/GitHub/CI536_Integrated_Group_Project/CI536_Group_Project/Content/ThirdPerson/Blueprints/Camera/BP_Level_Cam.uexp" 1176
"C:/Users/finle/Documents/GitHub/CI536_Integrated_Group_Project/CI536_Group_Project/Content/ThirdPerson/Blueprints/GameMode/BP_GameMode.uasset" 1177
"C:/Users/finle/Documents/GitHub/CI536_Integrated_Group_Project/CI536_Group_Project/Content/ThirdPerson/Blueprints/GameMode/BP_GameMode.uexp" 1178
"C:/Users/finle/Documents/GitHub/CI536_Integrated_Group_Project/CI536_Group_Project/Content/ThirdPerson/Lvl_ThirdPerson.uexp" 1179
"C:/Users/finle/Documents/GitHub/CI536_Integrated_Group_Project/CI536_Group_Project/Content/ThirdPerson/Lvl_ThirdPerson.umap" 1180
"../../../Engine/Content/Maps/Entry_BuiltData.uasset" 1181
"../../../Engine/Content/Maps/Entry_BuiltData.uexp" 1182
"../../../Engine/Content/Maps/Entry.uexp" 1183
"../../../Engine/Content/Maps/Entry.umap" 1184
