"C:/Users/finle/Documents/GitHub/CI536_Integrated_Group_Project/CI536_Group_Project/CI536_Group_Project.uproject" 1
"../../../Engine/Plugins/AudioGameplay/AudioGameplay.uplugin" 2
"../../../Engine/Plugins/AudioGameplayVolume/AudioGameplayVolume.uplugin" 3
"../../../Engine/Plugins/ChaosInsights/ChaosInsights.uplugin" 4
"../../../Engine/Plugins/ChaosClothAssetEditor/ChaosClothAssetEditor.uplugin" 5
"../../../Engine/Plugins/Chooser/Chooser.uplugin" 6
"../../../Engine/Plugins/FastBuildController/FastBuildController.uplugin" 7
"../../../Engine/Plugins/AudioInsights/AudioInsights.uplugin" 8
"../../../Engine/Plugins/ChaosCloth/ChaosCloth.uplugin" 9
"../../../Engine/Plugins/MemoryUsageQueries/MemoryUsageQueries.uplugin" 10
"../../../Engine/Plugins/ChaosVD/ChaosVD.uplugin" 11
"../../../Engine/Plugins/Mutable/Mutable.uplugin" 12
"../../../Engine/Plugins/MeshPainting/MeshPainting.uplugin" 13
"../../../Engine/Plugins/PCG/PCG.uplugin" 14
"../../../Engine/Plugins/DiscoveryBeaconReceiver/DiscoveryBeaconReceiver.uplugin" 15
"../../../Engine/Plugins/EnhancedInput/EnhancedInput.uplugin" 16
"../../../Engine/Plugins/BlueprintFileUtils/BlueprintFileUtils.uplugin" 17
"../../../Engine/Plugins/IoStoreInsights/IoStoreInsights.uplugin" 18
"../../../Engine/Plugins/RenderGraphInsights/RenderGraphInsights.uplugin" 19
"../../../Engine/Plugins/ChaosClothAsset/ChaosClothAsset.uplugin" 20
"../../../Engine/Plugins/JsonBlueprintUtilities/JsonBlueprintUtilities.uplugin" 21
"../../../Engine/Plugins/ScriptPlugin/ScriptPlugin.uplugin" 22
"../../../Engine/Plugins/LightWeightInstancesEditor/LightWeightInstancesEditor.uplugin" 23
"../../../Engine/Plugins/TraceUtilities/TraceUtilities.uplugin" 24
"../../../Engine/Plugins/MassInsights/MassInsights.uplugin" 25
"../../../Engine/Plugins/TextureGraph/TextureGraph.uplugin" 26
"../../../Engine/Plugins/WorldMetrics/WorldMetrics.uplugin" 27
"../../../Engine/Plugins/XGEController/XGEController.uplugin" 28
"../../../Engine/Plugins/Compression/OodleNetwork/OodleNetwork.uplugin" 29
"../../../Engine/Plugins/UbaController/UbaController.uplugin" 30
"../../../Engine/Plugins/Enterprise/DatasmithC4DImporter/DatasmithC4DImporter.uplugin" 31
"../../../Engine/Plugins/Enterprise/DataprepEditor/DataprepEditor.uplugin" 32
"../../../Engine/Plugins/CmdLinkServer/CmdLinkServer.uplugin" 33
"../../../Engine/Plugins/Enterprise/AxFImporter/AxFImporter.uplugin" 34
"../../../Engine/Plugins/Enterprise/DatasmithContent/DatasmithContent.uplugin" 35
"../../../Engine/Plugins/Enterprise/DatasmithFBXImporter/DatasmithFBXImporter.uplugin" 36
"../../../Engine/Plugins/Enterprise/DatasmithCADImporter/DatasmithCADImporter.uplugin" 37
"../../../Engine/Plugins/Enterprise/DatasmithImporter/DatasmithImporter.uplugin" 38
"../../../Engine/Plugins/Enterprise/LidarPointCloud/LidarPointCloud.uplugin" 39
"../../../Engine/Plugins/Enterprise/MDLImporter/MDLImporter.uplugin" 40
"../../../Engine/Plugins/Enterprise/VariantManager/VariantManager.uplugin" 41
"../../../Engine/Plugins/Enterprise/VariantManagerContent/VariantManagerContent.uplugin" 42
"../../../Engine/Plugins/Enterprise/GLTFExporter/GLTFExporter.uplugin" 43
"../../../Engine/Plugins/Importers/AlembicHairImporter/AlembicHairImporter.uplugin" 44
"../../../Engine/Plugins/Importers/AlembicImporter/AlembicImporter.uplugin" 45
"../../../Engine/Plugins/Importers/USDMultiUser/USDMultiUser.uplugin" 46
"../../../Engine/Plugins/Media/AndroidCamera/AndroidCamera.uplugin" 47
"../../../Engine/Plugins/Importers/USDImporterMDL/USDImporterMDL.uplugin" 48
"../../../Engine/Plugins/Media/AjaMedia/AjaMedia.uplugin" 49
"../../../Engine/Plugins/Media/AndroidMedia/AndroidMedia.uplugin" 50
"../../../Engine/Plugins/Media/AvidDNxHDDecoderElectra/AvidDNxHDDecoderElectra.uplugin" 51
"../../../Engine/Plugins/Media/AppleProResDecoderElectra/AppleProResDecoderElectra.uplugin" 52
"../../../Engine/Plugins/Media/AvidDNxMedia/AvidDNxMedia.uplugin" 53
"../../../Engine/Plugins/Importers/USDImporter/USDImporter.uplugin" 54
"../../../Engine/Plugins/Media/AudioCaptureTimecodeProvider/AudioCaptureTimecodeProvider.uplugin" 55
"../../../Engine/Plugins/Media/BinkMedia/BinkMedia.uplugin" 56
"../../../Engine/Plugins/Media/AppleProResMedia/AppleProResMedia.uplugin" 57
"../../../Engine/Plugins/Media/BlackmagicMedia/BlackmagicMedia.uplugin" 58
"../../../Engine/Plugins/Media/AvfMedia/AvfMedia.uplugin" 59
"../../../Engine/Plugins/Media/ElectraSubtitles/ElectraSubtitles.uplugin" 60
"../../../Engine/Plugins/Media/HAPDecoderElectra/HAPDecoderElectra.uplugin" 61
"../../../Engine/Plugins/Media/HAPMedia/HAPMedia.uplugin" 62
"../../../Engine/Plugins/Media/ElectraCDM/ElectraCDM.uplugin" 63
"../../../Engine/Plugins/Media/FlacDecoderElectra/FlacDecoderElectra.uplugin" 64
"../../../Engine/Plugins/Media/ImgMedia/ImgMedia.uplugin" 65
"../../../Engine/Plugins/Media/D3D12VideoDecodersElectra/D3D12VideoDecodersElectra.uplugin" 66
"../../../Engine/Plugins/Media/ElectraUtil/ElectraUtil.uplugin" 67
"../../../Engine/Plugins/Media/LinearTimecode/LinearTimecode.uplugin" 68
"../../../Engine/Plugins/Media/ElectraCodecs/ElectraCodecs.uplugin" 69
"../../../Engine/Plugins/Media/HardwareEncoders/HardwareEncoders.uplugin" 70
"../../../Engine/Plugins/Media/MediaCompositing/MediaCompositing.uplugin" 71
"../../../Engine/Plugins/Media/MediaIOFramework/MediaIOFramework.uplugin" 72
"../../../Engine/Plugins/Media/MediaMovieStreamer/MediaMovieStreamer.uplugin" 73
"../../../Engine/Plugins/Media/MediaPlate/MediaPlate.uplugin" 74
"../../../Engine/Plugins/Media/MfMedia/MfMedia.uplugin" 75
"../../../Engine/Plugins/Media/NDIMedia/NDIMedia.uplugin" 76
"../../../Engine/Plugins/Media/MediaFrameworkUtilities/MediaFrameworkUtilities.uplugin" 77
"../../../Engine/Plugins/Media/OpusDecoderElectra/OpusDecoderElectra.uplugin" 78
"../../../Engine/Plugins/Media/PixelCapture/PixelCapture.uplugin" 79
"../../../Engine/Plugins/Media/MediaPlayerEditor/MediaPlayerEditor.uplugin" 80
"../../../Engine/Plugins/Media/ElectraPlayer/ElectraPlayer.uplugin" 81
"../../../Engine/Plugins/Media/PixelStreaming/PixelStreaming.uplugin" 82
"../../../Engine/Plugins/Media/VPxDecoderElectra/VPxDecoderElectra.uplugin" 83
"../../../Engine/Plugins/Media/PixelStreaming2/PixelStreaming2.uplugin" 84
"../../../Engine/Plugins/Messaging/MessagingDebugger/MessagingDebugger.uplugin" 85
"../../../Engine/Plugins/Media/TimecodeSynchronizer/TimecodeSynchronizer.uplugin" 86
"../../../Engine/Plugins/Messaging/TcpMessaging/TcpMessaging.uplugin" 87
"../../../Engine/Plugins/Media/WmfMedia/WmfMedia.uplugin" 88
"../../../Engine/Plugins/Online/OnlineFramework/OnlineFramework.uplugin" 89
"../../../Engine/Plugins/Messaging/UdpMessaging/UdpMessaging.uplugin" 90
"../../../Engine/Plugins/Online/EOSShared/EOSShared.uplugin" 91
"../../../Engine/Plugins/Online/EOSOverlayInputProvider/EOSOverlayInputProvider.uplugin" 92
"../../../Engine/Plugins/Online/OnlineServices/OnlineServices.uplugin" 93
"../../../Engine/Plugins/Media/WebMMedia/WebMMedia.uplugin" 94
"../../../Engine/Plugins/Online/OnlineServicesEOS/OnlineServicesEOS.uplugin" 95
"../../../Engine/Plugins/Online/OnlineBase/OnlineBase.uplugin" 96
"../../../Engine/Plugins/Online/OnlineServicesEOSGS/OnlineServicesEOSGS.uplugin" 97
"../../../Engine/Plugins/Online/OnlineServicesEpicCommon/OnlineServicesEpicCommon.uplugin" 98
"../../../Engine/Plugins/Online/OnlineServicesNull/OnlineServicesNull.uplugin" 99
"../../../Engine/Plugins/Online/OnlineSubsystem/OnlineSubsystem.uplugin" 100
"../../../Engine/Plugins/Online/OnlineServicesOSSAdapter/OnlineServicesOSSAdapter.uplugin" 101
"../../../Engine/Plugins/Online/OnlineSubsystemEOS/OnlineSubsystemEOS.uplugin" 102
"../../../Engine/Plugins/Online/OnlineSubsystemFacebook/OnlineSubsystemFacebook.uplugin" 103
"../../../Engine/Plugins/Online/OnlineSubsystemUtils/OnlineSubsystemUtils.uplugin" 104
"../../../Engine/Plugins/Online/OnlineSubsystemAmazon/OnlineSubsystemAmazon.uplugin" 105
"../../../Engine/Plugins/Online/SocketSubsystemEOS/SocketSubsystemEOS.uplugin" 106
"../../../Engine/Plugins/Online/OnlineSubsystemApple/OnlineSubsystemApple.uplugin" 107
"../../../Engine/Plugins/Online/OnlineSubsystemNull/OnlineSubsystemNull.uplugin" 108
"../../../Engine/Plugins/Portal/LauncherChunkInstaller/LauncherChunkInstaller.uplugin" 109
"../../../Engine/Plugins/Online/OnlineSubsystemGoogle/OnlineSubsystemGoogle.uplugin" 110
"../../../Engine/Plugins/Online/OnlineSubsystemSteam/OnlineSubsystemSteam.uplugin" 111
"../../../Engine/Plugins/Tests/CQTest/CQTest.uplugin" 112
"../../../Engine/Plugins/Online/SocketSubsystemSteamIP/SocketSubsystemSteamIP.uplugin" 113
"../../../Engine/Plugins/Tests/EditorTests/EditorTests.uplugin" 114
"../../../Engine/Plugins/Online/OnlineSubsystemTencent/OnlineSubsystemTencent.uplugin" 115
"../../../Engine/Plugins/Tests/TestFramework/TestFramework.uplugin" 116
"../../../Engine/Plugins/Tests/AutomationDriverTests/AutomationDriverTests.uplugin" 117
"../../../Engine/Plugins/Tests/TestSamples/TestSamples.uplugin" 118
"../../../Engine/Plugins/Tests/CQTestEnhancedInput/CQTestEnhancedInput.uplugin" 119
"../../../Engine/Plugins/Tests/FbxAutomationTestBuilder/FbxAutomationTestBuilder.uplugin" 120
"../../../Engine/Plugins/VirtualProduction/ActorModifierCore/ActorModifierCore.uplugin" 121
"../../../Engine/Plugins/Online/WebAuth/WebAuth.uplugin" 122
"../../../Engine/Plugins/Tests/FunctionalTestingEditor/FunctionalTestingEditor.uplugin" 123
"../../../Engine/Plugins/VirtualProduction/CameraCalibration/CameraCalibration.uplugin" 124
"../../../Engine/Plugins/Tests/RHITests/RHITests.uplugin" 125
"../../../Engine/Plugins/Tests/PythonAutomationTest/PythonAutomationTest.uplugin" 126
"../../../Engine/Plugins/Tests/RuntimeTests/RuntimeTests.uplugin" 127
"../../../Engine/Plugins/VirtualProduction/CameraCalibrationML/CameraCalibrationML.uplugin" 128
"../../../Engine/Plugins/Tests/WidgetAutomationTests/WidgetAutomationTests.uplugin" 129
"../../../Engine/Plugins/VirtualProduction/CaptureData/CaptureData.uplugin" 130
"../../../Engine/Plugins/VirtualProduction/ActorModifier/ActorModifier.uplugin" 131
"../../../Engine/Plugins/VirtualProduction/ClonerEffector/ClonerEffector.uplugin" 132
"../../../Engine/Plugins/VirtualProduction/Avalanche/Avalanche.uplugin" 133
"../../../Engine/Plugins/VirtualProduction/DataCharts/DataCharts.uplugin" 134
"../../../Engine/Plugins/VirtualProduction/CustomDetailsView/CustomDetailsView.uplugin" 135
"../../../Engine/Plugins/VirtualProduction/CinematicAssemblyTools/CinematicAssemblyTools.uplugin" 136
"../../../Engine/Plugins/Tests/InterchangeTests/InterchangeTests.uplugin" 137
"../../../Engine/Plugins/VirtualProduction/CameraCalibrationCore/CameraCalibrationCore.uplugin" 138
"../../../Engine/Plugins/VirtualProduction/ICVFX/ICVFX.uplugin" 139
"../../../Engine/Plugins/VirtualProduction/ICVFXTesting/ICVFXTesting.uplugin" 140
"../../../Engine/Plugins/VirtualProduction/DynamicMaterial/DynamicMaterial.uplugin" 141
"../../../Engine/Plugins/VirtualProduction/LensComponent/LensComponent.uplugin" 142
"../../../Engine/Plugins/VirtualProduction/CompositePlane/CompositePlane.uplugin" 143
"../../../Engine/Plugins/VirtualProduction/GeometryMask/GeometryMask.uplugin" 144
"../../../Engine/Plugins/VirtualProduction/LiveLinkFreeD/LiveLinkFreeD.uplugin" 145
"../../../Engine/Plugins/VirtualProduction/LiveLinkCamera/LiveLinkCamera.uplugin" 146
"../../../Engine/Plugins/VirtualProduction/EpicStageApp/EpicStageApp.uplugin" 147
"../../../Engine/Plugins/VirtualProduction/LevelSnapshots/LevelSnapshots.uplugin" 148
"../../../Engine/Plugins/VirtualProduction/LiveLinkInputDevice/LiveLinkInputDevice.uplugin" 149
"../../../Engine/Plugins/VirtualProduction/LiveLinkLens/LiveLinkLens.uplugin" 150
"../../../Engine/Plugins/VirtualProduction/LiveLinkMasterLockit/LiveLinkMasterLockit.uplugin" 151
"../../../Engine/Plugins/VirtualProduction/LiveLinkPrestonMDR/LiveLinkPrestonMDR.uplugin" 152
"../../../Engine/Plugins/VirtualProduction/LiveLinkXR/LiveLinkXR.uplugin" 153
"../../../Engine/Plugins/VirtualProduction/LiveLinkOpenTrackIO/LiveLinkOpenTrackIO.uplugin" 154
"../../../Engine/Plugins/VirtualProduction/LiveLinkVRPN/LiveLinkVRPN.uplugin" 155
"../../../Engine/Plugins/VirtualProduction/OperatorStack/OperatorStack.uplugin" 156
"../../../Engine/Plugins/VirtualProduction/MultiUserTakes/MultiUserTakes.uplugin" 157
"../../../Engine/Plugins/VirtualProduction/PerformanceCaptureWorkflow/PerformanceCaptureWorkflow.uplugin" 158
"../../../Engine/Plugins/VirtualProduction/PropertyAnimatorCore/PropertyAnimatorCore.uplugin" 159
"../../../Engine/Plugins/VirtualProduction/RemoteControl/RemoteControl.uplugin" 160
"../../../Engine/Plugins/VirtualProduction/RemoteControlProtocolMIDI/RemoteControlProtocolMIDI.uplugin" 161
"../../../Engine/Plugins/VirtualProduction/RemoteControlWebInterface/RemoteControlWebInterface.uplugin" 162
"../../../Engine/Plugins/VirtualProduction/RemoteControlProtocolDMX/RemoteControlProtocolDMX.uplugin" 163
"../../../Engine/Plugins/VirtualProduction/RemoteControlProtocolOSC/RemoteControlProtocolOSC.uplugin" 164
"../../../Engine/Plugins/VirtualProduction/SequencerPlaylists/SequencerPlaylists.uplugin" 165
"../../../Engine/Plugins/VirtualProduction/StormSyncAvalancheBridge/StormSyncAvalancheBridge.uplugin" 166
"../../../Engine/Plugins/VirtualProduction/StormSync/StormSync.uplugin" 167
"../../../Engine/Plugins/VirtualProduction/StageMonitoring/StageMonitoring.uplugin" 168
"../../../Engine/Plugins/VirtualProduction/PropertyAnimator/PropertyAnimator.uplugin" 169
"../../../Engine/Plugins/VirtualProduction/Switchboard/Switchboard.uplugin" 170
"../../../Engine/Plugins/VirtualProduction/RemoteControlInterception/RemoteControlInterception.uplugin" 171
"../../../Engine/Plugins/VirtualProduction/Takes/Takes.uplugin" 172
"../../../Engine/Plugins/VirtualProduction/TimedDataMonitor/TimedDataMonitor.uplugin" 173
"../../../Engine/Plugins/VirtualProduction/TextureShare/TextureShare.uplugin" 174
"../../../Engine/Plugins/VirtualProduction/VirtualCameraCore/VirtualCameraCore.uplugin" 175
"../../../Engine/Plugins/FX/CascadeToNiagaraConverter/CascadeToNiagaraConverter.uplugin" 176
"../../../Engine/Plugins/VirtualProduction/VirtualCamera/VirtualCamera.uplugin" 177
"../../../Engine/Plugins/FX/ExampleCustomDataInterface/ExampleCustomDataInterface.uplugin" 178
"../../../Engine/Plugins/FX/Niagara/Niagara.uplugin" 179
"../../../Engine/Plugins/FX/NiagaraSimCaching/NiagaraSimCaching.uplugin" 180
"../../../Engine/Plugins/FX/Cascade/Cascade.uplugin" 181
"../../../Engine/Plugins/FX/NiagaraFluids/NiagaraFluids.uplugin" 182
"../../../Engine/Plugins/MetaHuman/MetaHumanAnimator/MetaHuman.uplugin" 183
"../../../Engine/Plugins/FX/NiagaraMRQ/NiagaraMRQ.uplugin" 184
"../../../Engine/Plugins/MetaHuman/MetaHumanCalibrationProcessing/MetaHumanCalibrationProcessing.uplugin" 185
"../../../Engine/Plugins/MetaHuman/MetaHumanCharacter/MetaHumanCharacter.uplugin" 186
"../../../Engine/Plugins/VirtualProduction/VirtualScouting/VirtualScouting.uplugin" 187
"../../../Engine/Plugins/NNE/NNEDenoiser/NNEDenoiser.uplugin" 188
"../../../Engine/Plugins/MetaHuman/MetaHumanLiveLink/MetaHumanLiveLink.uplugin" 189
"../../../Engine/Plugins/MetaHuman/MetaHumanCoreTechLib/MetaHumanCoreTech.uplugin" 190
"../../../Engine/Plugins/MetaHuman/MetaHumanSDK/MetaHumanSDK.uplugin" 191
"../../../Engine/Plugins/Protocols/MQTT/MQTT.uplugin" 192
"../../../Engine/Plugins/PCGInterops/PCGExternalDataInterop/PCGExternalDataInterop.uplugin" 193
"../../../Engine/Plugins/Slate/SlateInsights/SlateInsights.uplugin" 194
"../../../Engine/Plugins/NNE/NNERuntimeORT/NNERuntimeORT.uplugin" 195
"../../../Engine/Plugins/PCGInterops/PCGGeometryScriptInterop/PCGGeometryScriptInterop.uplugin" 196
"../../../Engine/Plugins/Slate/SlateScripting/SlateScripting.uplugin" 197
"../../../Engine/Plugins/Web/HttpBlueprint/HttpBlueprint.uplugin" 198
"../../../Engine/Plugins/2D/Paper2D/Paper2D.uplugin" 199
"../../../Engine/Plugins/AI/AISupport/AISupport.uplugin" 200
"../../../Engine/Plugins/AI/HTNPlanner/HTNPlanner.uplugin" 201
"../../../Engine/Plugins/AI/EnvironmentQueryEditor/EnvironmentQueryEditor.uplugin" 202
"../../../Engine/Plugins/Animation/ACLPlugin/ACLPlugin.uplugin" 203
"../../../Engine/Plugins/AI/MassAI/MassAI.uplugin" 204
"../../../Engine/Plugins/AI/MLAdapter/MLAdapter.uplugin" 205
"../../../Engine/Plugins/Animation/AnimationWarping/AnimationWarping.uplugin" 206
"../../../Engine/Plugins/Animation/AnimationModifierLibrary/AnimationModifierLibrary.uplugin" 207
"../../../Engine/Plugins/Animation/AnimationLocomotionLibrary/AnimationLocomotionLibrary.uplugin" 208
"../../../Engine/Plugins/Animation/BlendStack/BlendStack.uplugin" 209
"../../../Engine/Plugins/Animation/AnimationData/AnimationData.uplugin" 210
"../../../Engine/Plugins/Animation/ControlRigModules/ControlRigModules.uplugin" 211
"../../../Engine/Plugins/Animation/BlendSpaceMotionAnalysis/BlendSpaceMotionAnalysis.uplugin" 212
"../../../Engine/Plugins/AI/MassCrowd/MassCrowd.uplugin" 213
"../../../Engine/Plugins/Animation/DeformerGraph/DeformerGraph.uplugin" 214
"../../../Engine/Plugins/Animation/AnimatorKit/AnimatorKit.uplugin" 215
"../../../Engine/Plugins/Animation/GameplayInsights/GameplayInsights.uplugin" 216
"../../../Engine/Plugins/Animation/GeneSplicer/GeneSplicer.uplugin" 217
"../../../Engine/Plugins/Animation/ControlRig/ControlRig.uplugin" 218
"../../../Engine/Plugins/Animation/DNACalib/DNACalib.uplugin" 219
"../../../Engine/Plugins/Animation/IKRig/IKRig.uplugin" 220
"../../../Engine/Plugins/Animation/LiveLinkDevice/LiveLinkDevice.uplugin" 221
"../../../Engine/Plugins/Animation/LiveLink/LiveLink.uplugin" 222
"../../../Engine/Plugins/Animation/LiveLinkHub/LiveLinkHub.uplugin" 223
"../../../Engine/Plugins/Animation/LiveLinkCurveDebugUI/LiveLinkCurveDebugUI.uplugin" 224
"../../../Engine/Plugins/Animation/MotionWarping/MotionWarping.uplugin" 225
"../../../Engine/Plugins/Animation/LiveLinkExampleDevice/LiveLinkExampleDevice.uplugin" 226
"../../../Engine/Plugins/Animation/PoseSearch/PoseSearch.uplugin" 227
"../../../Engine/Plugins/Animation/PerformanceCaptureCore/PerformanceCaptureCore.uplugin" 228
"../../../Engine/Plugins/Animation/RigLogic/RigLogic.uplugin" 229
"../../../Engine/Plugins/Cameras/CameraShakePreviewer/CameraShakePreviewer.uplugin" 230
"../../../Engine/Plugins/Cameras/GameplayCameras/GameplayCameras.uplugin" 231
"../../../Engine/Plugins/Animation/ControlRigSpline/ControlRigSpline.uplugin" 232
"../../../Engine/Plugins/Cameras/EngineCameras/EngineCameras.uplugin" 233
"../../../Engine/Plugins/Animation/SkeletalMeshModelingTools/SkeletalMeshModelingTools.uplugin" 234
"../../../Engine/Plugins/Compositing/LensDistortion/LensDistortion.uplugin" 235
"../../../Engine/Plugins/Developer/AnimationSharing/AnimationSharing.uplugin" 236
"../../../Engine/Plugins/Compositing/OpenColorIO/OpenColorIO.uplugin" 237
"../../../Engine/Plugins/Developer/CLionSourceCodeAccess/CLionSourceCodeAccess.uplugin" 238
"../../../Engine/Plugins/Compositing/OpenCVLensDistortion/OpenCVLensDistortion.uplugin" 239
"../../../Engine/Plugins/Animation/TweeningUtils/TweeningUtils.uplugin" 240
"../../../Engine/Plugins/Developer/DirectoryPlaceholder/DirectoryPlaceholder.uplugin" 241
"../../../Engine/Plugins/Compositing/Composure/Composure.uplugin" 242
"../../../Engine/Plugins/Developer/NamingTokens/NamingTokens.uplugin" 243
"../../../Engine/Plugins/Developer/PluginUtils/PluginUtils.uplugin" 244
"../../../Engine/Plugins/Developer/PixWinPlugin/PixWinPlugin.uplugin" 245
"../../../Engine/Plugins/Developer/BlankPlugin/BlankPlugin.uplugin" 246
"../../../Engine/Plugins/Developer/ProjectLauncher/ProjectLauncher.uplugin" 247
"../../../Engine/Plugins/Developer/GitSourceControl/GitSourceControl.uplugin" 248
"../../../Engine/Plugins/Developer/KDevelopSourceCodeAccess/KDevelopSourceCodeAccess.uplugin" 249
"../../../Engine/Plugins/Developer/FieldNotificationTrace/FieldNotificationTrace.uplugin" 250
"../../../Engine/Plugins/Developer/N10XSourceCodeAccess/N10XSourceCodeAccess.uplugin" 251
"../../../Engine/Plugins/Developer/NullSourceCodeAccess/NullSourceCodeAccess.uplugin" 252
"../../../Engine/Plugins/Developer/PropertyAccessNode/PropertyAccessNode.uplugin" 253
"../../../Engine/Plugins/Developer/PlasticSourceControl/PlasticSourceControl.uplugin" 254
"../../../Engine/Plugins/Developer/DumpGPUServices/DumpGPUServices.uplugin" 255
"../../../Engine/Plugins/Developer/RiderSourceCodeAccess/RiderSourceCodeAccess.uplugin" 256
"../../../Engine/Plugins/Developer/SubversionSourceControl/SubversionSourceControl.uplugin" 257
"../../../Engine/Plugins/Developer/TextureFormatOodle/TextureFormatOodle.uplugin" 258
"../../../Engine/Plugins/Developer/CodeLiteSourceCodeAccess/CodeLiteSourceCodeAccess.uplugin" 259
"../../../Engine/Plugins/Developer/RenderDocPlugin/RenderDocPlugin.uplugin" 260
"../../../Engine/Plugins/Developer/PerforceSourceControl/PerforceSourceControl.uplugin" 261
"../../../Engine/Plugins/Developer/XcodeGPUDebuggerPlugin/XcodeGPUDebuggerPlugin.uplugin" 262
"../../../Engine/Plugins/Developer/OneSkyLocalizationService/OneSkyLocalizationService.uplugin" 263
"../../../Engine/Plugins/Developer/XCodeSourceCodeAccess/XCodeSourceCodeAccess.uplugin" 264
"../../../Engine/Plugins/Developer/UObjectPlugin/UObjectPlugin.uplugin" 265
"../../../Engine/Plugins/Editor/AssetRegistryExport/AssetRegistryExport.uplugin" 266
"../../../Engine/Plugins/Developer/VisualStudioSourceCodeAccess/VisualStudioSourceCodeAccess.uplugin" 267
"../../../Engine/Plugins/Editor/AssetSearch/AssetSearch.uplugin" 268
"../../../Engine/Plugins/Editor/BlueprintHeaderView/BlueprintHeaderView.uplugin" 269
"../../../Engine/Plugins/Developer/TraceDataFiltering/TraceDataFilters.uplugin" 270
"../../../Engine/Plugins/Editor/AssetManagerEditor/AssetManagerEditor.uplugin" 271
"../../../Engine/Plugins/Editor/BlueprintMaterialTextureNodes/BlueprintMaterialTextureNodes.uplugin" 272
"../../../Engine/Plugins/Editor/ChangelistReview/ChangelistReview.uplugin" 273
"../../../Engine/Plugins/Developer/TraceSourceFiltering/TraceSourceFilters.uplugin" 274
"../../../Engine/Plugins/Editor/ConsoleVariablesEditor/ConsoleVariables.uplugin" 275
"../../../Engine/Plugins/Developer/VisualStudioCodeSourceCodeAccess/VisualStudioCodeSourceCodeAccess.uplugin" 276
"../../../Engine/Plugins/Editor/CryptoKeys/CryptoKeys.uplugin" 277
"../../../Engine/Plugins/Editor/AssetReferenceRestrictions/AssetReferenceRestrictions.uplugin" 278
"../../../Engine/Plugins/Editor/DisplayClusterLaunch/DisplayClusterLaunch.uplugin" 279
"../../../Engine/Plugins/Editor/DataValidation/DataValidation.uplugin" 280
"../../../Engine/Plugins/Editor/CurveEditorTools/CurveEditorTools.uplugin" 281
"../../../Engine/Plugins/Editor/EngineAssetDefinitions/EngineAssetDefinitions.uplugin" 282
"../../../Engine/Plugins/Editor/FacialAnimation/FacialAnimation.uplugin" 283
"../../../Engine/Plugins/Editor/EditorScriptingUtilities/EditorScriptingUtilities.uplugin" 284
"../../../Engine/Plugins/Editor/GeometryMode/GeometryMode.uplugin" 285
"../../../Engine/Plugins/Editor/EditorDebugTools/EditorDebugTools.uplugin" 286
"../../../Engine/Plugins/Editor/GuidedTutorials/GuidedTutorials.uplugin" 287
"../../../Engine/Plugins/Editor/LiveUpdateForSlate/LiveUpdateForSlate.uplugin" 288
"../../../Engine/Plugins/Editor/MacGraphicsSwitching/MacGraphicsSwitching.uplugin" 289
"../../../Engine/Plugins/Editor/EditorSysConfigAssistant/EditorSysConfigAssistant.uplugin" 290
"../../../Engine/Plugins/Editor/MaterialAnalyzer/MaterialAnalyzer.uplugin" 291
"../../../Engine/Plugins/Editor/ProxyLODPlugin/ProxyLODPlugin.uplugin" 292
"../../../Engine/Plugins/Editor/ModelingToolsEditorMode/ModelingToolsEditorMode.uplugin" 293
"../../../Engine/Plugins/Editor/MobileLauncherProfileWizard/MobileLauncherProfileWizard.uplugin" 294
"../../../Engine/Plugins/Editor/ModelViewViewModelPreview/ModelViewViewModelPreview.uplugin" 295
"../../../Engine/Plugins/Editor/ColorGrading/ColorGrading.uplugin" 296
"../../../Engine/Plugins/Editor/PluginBrowser/PluginBrowser.uplugin" 297
"../../../Engine/Plugins/Editor/MeshLODToolset/MeshLODToolset.uplugin" 298
"../../../Engine/Plugins/Editor/MakeCookedEditorAsDLC/MakeCookedEditorAsDLC.uplugin" 299
"../../../Engine/Plugins/Editor/ScriptableToolsEditorMode/ScriptableToolsEditorMode.uplugin" 300
"../../../Engine/Plugins/Editor/GameplayTagsEditor/GameplayTagsEditor.uplugin" 301
"../../../Engine/Plugins/Editor/StaticMeshEditorModeling/StaticMeshEditorModeling.uplugin" 302
"../../../Engine/Plugins/Editor/SpeedTreeImporter/SpeedTreeImporter.uplugin" 303
"../../../Engine/Plugins/Editor/StylusInput/StylusInput.uplugin" 304
"../../../Engine/Plugins/Editor/WaveformEditor/WaveformEditor.uplugin" 305
"../../../Engine/Plugins/Editor/SequencerAnimTools/SequencerAnimTools.uplugin" 306
"../../../Engine/Plugins/Editor/UMGWidgetPreview/UMGWidgetPreview.uplugin" 307
"../../../Engine/Plugins/Experimental/AbilitySystemGameFeatureActions/AbilitySystemGameFeatureActions.uplugin" 308
"../../../Engine/Plugins/Experimental/AdvancedRenamer/AdvancedRenamer.uplugin" 309
"../../../Engine/Plugins/Editor/WorldPartitionHLODUtilities/WorldPartitionHLODUtilities.uplugin" 310
"../../../Engine/Plugins/Experimental/AnimNextAnimGraph/AnimNextAnimGraph.uplugin" 311
"../../../Engine/Plugins/Experimental/AnimNextChooser/AnimNextChooser.uplugin" 312
"../../../Engine/Plugins/Experimental/ActorPalette/ActorPalette.uplugin" 313
"../../../Engine/Plugins/Editor/UVEditor/UVEditor.uplugin" 314
"../../../Engine/Plugins/Experimental/AnimToTexture/AnimToTexture.uplugin" 315
"../../../Engine/Plugins/Experimental/AnimNextStateTree/AnimNextStateTree.uplugin" 316
"../../../Engine/Plugins/Experimental/AnimNext/AnimNext.uplugin" 317
"../../../Engine/Plugins/Experimental/AsyncMessageSystem/AsyncMessageSystem.uplugin" 318
"../../../Engine/Plugins/Experimental/AnimNextControlRig/AnimNextControlRig.uplugin" 319
"../../../Engine/Plugins/Experimental/AnimNextWarping/AnimNextWarping.uplugin" 320
"../../../Engine/Plugins/Experimental/AnimNextPoseSearch/AnimNextPoseSearch.uplugin" 321
"../../../Engine/Plugins/Experimental/AvalancheDataLink/AvalancheDataLink.uplugin" 322
"../../../Engine/Plugins/Experimental/AvalancheDisplayCluster/AvalancheDisplayCluster.uplugin" 323
"../../../Engine/Plugins/Editor/SampleToolsEditorMode/SampleToolsEditorMode.uplugin" 324
"../../../Engine/Plugins/Experimental/AsyncMessageSystemTests/AsyncMessageSystemTests.uplugin" 325
"../../../Engine/Plugins/Experimental/AvalancheSequenceNavigator/AvalancheSequenceNavigator.uplugin" 326
"../../../Engine/Plugins/Experimental/AutomationUtils/AutomationUtils.uplugin" 327
"../../../Engine/Plugins/Experimental/BackChannel/BackChannel.uplugin" 328
"../../../Engine/Plugins/Experimental/AvalancheSceneState/AvalancheSceneState.uplugin" 329
"../../../Engine/Plugins/Experimental/BlueprintStats/BlueprintStats.uplugin" 330
"../../../Engine/Plugins/Experimental/Buoyancy/Buoyancy.uplugin" 331
"../../../Engine/Plugins/Experimental/BlueprintSnapNodes/BlueprintSnapNodes.uplugin" 332
"../../../Engine/Plugins/Experimental/CelestialVault/CelestialVault.uplugin" 333
"../../../Engine/Plugins/Experimental/ChaosFlesh/ChaosFlesh.uplugin" 334
"../../../Engine/Plugins/Experimental/ChaosModularVehicle/ChaosModularVehicle.uplugin" 335
"../../../Engine/Plugins/Experimental/ChaosCachingUSD/ChaosCachingUSD.uplugin" 336
"../../../Engine/Plugins/Experimental/ChaosCaching/ChaosCaching.uplugin" 337
"../../../Engine/Plugins/Experimental/ChaosModularVehicleExamples/ChaosModularVehicleExamples.uplugin" 338
"../../../Engine/Plugins/Experimental/ChaosMover/ChaosMover.uplugin" 339
"../../../Engine/Plugins/Experimental/ChaosClothEditor/ChaosClothEditor.uplugin" 340
"../../../Engine/Plugins/Experimental/ChaosSolverPlugin/ChaosSolverPlugin.uplugin" 341
"../../../Engine/Plugins/Experimental/ChaosUserDataPT/ChaosUserDataPT.uplugin" 342
"../../../Engine/Plugins/Experimental/ChaosOutfitAsset/ChaosOutfitAsset.uplugin" 343
"../../../Engine/Plugins/Experimental/ChaosVehiclesPlugin/ChaosVehiclesPlugin.uplugin" 344
"../../../Engine/Plugins/Experimental/CharacterAI/CharacterAI.uplugin" 345
"../../../Engine/Plugins/Experimental/CineCameraRigs/CineCameraRigs.uplugin" 346
"../../../Engine/Plugins/Experimental/ChaosEditor/ChaosEditor.uplugin" 347
"../../../Engine/Plugins/Experimental/CodeEditor/CodeEditor.uplugin" 348
"../../../Engine/Plugins/Experimental/CodeView/CodeView.uplugin" 349
"../../../Engine/Plugins/Experimental/CinematicPrestreaming/CinematicPrestreaming.uplugin" 350
"../../../Engine/Plugins/Experimental/CommonConversation/CommonConversation.uplugin" 351
"../../../Engine/Plugins/Experimental/DataLink/DataLink.uplugin" 352
"../../../Engine/Plugins/Experimental/DataLinkOAuth/DataLinkOAuth.uplugin" 353
"../../../Engine/Plugins/Experimental/CineCameraSceneCapture/CineCameraSceneCapture.uplugin" 354
"../../../Engine/Plugins/Experimental/DaySequence/DaySequence.uplugin" 355
"../../../Engine/Plugins/Experimental/ColorCorrectRegions/ColorCorrectRegions.uplugin" 356
"../../../Engine/Plugins/Experimental/ChaosNiagara/ChaosNiagara.uplugin" 357
"../../../Engine/Plugins/Experimental/EditorDataStorageFeatures/EditorDataStorageFeatures.uplugin" 358
"../../../Engine/Plugins/Experimental/DefaultInstallBundleManager/DefaultInstallBundleManager.uplugin" 359
"../../../Engine/Plugins/Experimental/ControlFlows/ControlFlows.uplugin" 360
"../../../Engine/Plugins/Experimental/EvaluationNotifies/EvaluationNotifies.uplugin" 361
"../../../Engine/Plugins/Experimental/EditorPerformance/EditorPerformance.uplugin" 362
"../../../Engine/Plugins/Experimental/FastGeoStreaming/FastGeoStreaming.uplugin" 363
"../../../Engine/Plugins/Experimental/Dataflow/Dataflow.uplugin" 364
"../../../Engine/Plugins/Experimental/FieldSystemPlugin/FieldSystemPlugin.uplugin" 365
"../../../Engine/Plugins/Experimental/EditorDataStorage/EditorDataStorage.uplugin" 366
"../../../Engine/Plugins/Experimental/FloatingProperties/FloatingProperties.uplugin" 367
"../../../Engine/Plugins/Experimental/DynamicMaterialMediaStreamBridge/DynamicMaterialMediaStreamBridge.uplugin" 368
"../../../Engine/Plugins/Experimental/FullBodyIK/FullBodyIK.uplugin" 369
"../../../Engine/Plugins/Experimental/GameInputWindows/GameInputWindows.uplugin" 370
"../../../Engine/Plugins/Experimental/GameplayBehaviors/GameplayBehaviors.uplugin" 371
"../../../Engine/Plugins/Experimental/EditorTelemetry/EditorTelemetry.uplugin" 372
"../../../Engine/Plugins/Experimental/GameplayGraph/GameplayGraph.uplugin" 373
"../../../Engine/Plugins/Experimental/GeometryCacheAbcFile/GeometryCacheAbcFile.uplugin" 374
"../../../Engine/Plugins/Experimental/GeometryDataflow/GeometryDataflow.uplugin" 375
"../../../Engine/Plugins/Experimental/GeometryCacheLevelSequenceBaker/GeometryCacheLevelSequenceBaker.uplugin" 376
"../../../Engine/Plugins/Experimental/GizmoEdMode/GizmoEdMode.uplugin" 377
"../../../Engine/Plugins/Experimental/GPULightmass/GPULightmass.uplugin" 378
"../../../Engine/Plugins/Experimental/Fracture/Fracture.uplugin" 379
"../../../Engine/Plugins/Experimental/GeometryCollectionPlugin/GeometryCollectionPlugin.uplugin" 380
"../../../Engine/Plugins/Experimental/Gauntlet/Gauntlet.uplugin" 381
"../../../Engine/Plugins/Experimental/GizmoFramework/GizmoFramework.uplugin" 382
"../../../Engine/Plugins/Experimental/GeometryFlow/GeometryFlow.uplugin" 383
"../../../Engine/Plugins/Experimental/HairModelingToolset/HairModelingToolset.uplugin" 384
"../../../Engine/Plugins/Experimental/ImpostorBaker/ImpostorBaker.uplugin" 385
"../../../Engine/Plugins/Experimental/HairStrandsMutable/HairStrandsMutable.uplugin" 386
"../../../Engine/Plugins/Experimental/InteractionInterface/InteractionInterface.uplugin" 387
"../../../Engine/Plugins/Experimental/ImagePlate/ImagePlate.uplugin" 388
"../../../Engine/Plugins/Experimental/ImageWidgets/ImageWidgets.uplugin" 389
"../../../Engine/Plugins/Experimental/Iris/Iris.uplugin" 390
"../../../Engine/Plugins/Experimental/InlineMaterialInstance/InlineMaterialInstance.uplugin" 391
"../../../Engine/Plugins/Experimental/Landmass/Landmass.uplugin" 392
"../../../Engine/Plugins/Experimental/JWT/JWT.uplugin" 393
"../../../Engine/Plugins/Experimental/GameplayTargetingSystem/TargetingSystem.uplugin" 394
"../../../Engine/Plugins/Experimental/LandscapePatch/LandscapePatch.uplugin" 395
"../../../Engine/Plugins/Experimental/InstanceDataObjectFixupTool/InstanceDataObjectFixupTool.uplugin" 396
"../../../Engine/Plugins/Experimental/LiveLinkFaceImporter/LiveLinkFaceImporter.uplugin" 397
"../../../Engine/Plugins/Experimental/LearningAgents/LearningAgents.uplugin" 398
"../../../Engine/Plugins/Experimental/LocalizableMessage/LocalizableMessage.uplugin" 399
"../../../Engine/Plugins/Experimental/LevelSequenceNavigatorBridge/LevelSequenceNavigatorBridge.uplugin" 400
"../../../Engine/Plugins/Experimental/LowLevelNetTrace/LowLevelNetTrace.uplugin" 401
"../../../Engine/Plugins/Experimental/LiveLinkControlRig/LiveLinkControlRig.uplugin" 402
"../../../Engine/Plugins/Experimental/MLflow/MLflow.uplugin" 403
"../../../Engine/Plugins/Experimental/MetasoundExperimental/MetasoundExperimental.uplugin" 404
"../../../Engine/Plugins/Experimental/MeshResizing/MeshResizing.uplugin" 405
"../../../Engine/Plugins/Experimental/LiveLinkOpenVR/LiveLinkOpenVR.uplugin" 406
"../../../Engine/Plugins/Experimental/Mover/Mover.uplugin" 407
"../../../Engine/Plugins/Experimental/MoverExamples/MoverExamples.uplugin" 408
"../../../Engine/Plugins/Experimental/MeshModelingToolsetExp/MeshModelingToolsetExp.uplugin" 409
"../../../Engine/Plugins/Experimental/MoverIntegrations/MoverIntegrations.uplugin" 410
"../../../Engine/Plugins/Experimental/MediaViewer/MediaViewer.uplugin" 411
"../../../Engine/Plugins/Experimental/MotorSimOutputMotoSynth/MotorSimOutputMotoSynth.uplugin" 412
"../../../Engine/Plugins/Experimental/HairCardGenerator/HairCardGenerator.uplugin" 413
"../../../Engine/Plugins/Experimental/MovieSceneAnimMixer/MovieSceneAnimMixer.uplugin" 414
"../../../Engine/Plugins/Experimental/MotoSynth/MotoSynth.uplugin" 415
"../../../Engine/Plugins/Experimental/MutablePopulation/MutablePopulation.uplugin" 416
"../../../Engine/Plugins/Experimental/MovieScenePoseSearchTracks/MovieScenePoseSearchTracks.uplugin" 417
"../../../Engine/Plugins/Experimental/NaniteDisplacedMesh/NaniteDisplacedMesh.uplugin" 418
"../../../Engine/Plugins/Experimental/MutableClothing/MutableClothing.uplugin" 419
"../../../Engine/Plugins/Experimental/MediaStream/MediaStream.uplugin" 420
"../../../Engine/Plugins/Experimental/NNERuntimeCoreML/NNERuntimeCoreML.uplugin" 421
"../../../Engine/Plugins/Experimental/NNERuntimeIREE/NNERuntimeIREE.uplugin" 422
"../../../Engine/Plugins/Experimental/NFORDenoise/NFORDenoise.uplugin" 423
"../../../Engine/Plugins/Experimental/NeuralRendering/NeuralRendering.uplugin" 424
"../../../Engine/Plugins/Experimental/NNERuntimeRDG/NNERuntimeRDG.uplugin" 425
"../../../Engine/Plugins/Experimental/NNERuntimeBasicCpu/NNERuntimeBasicCpu.uplugin" 426
"../../../Engine/Plugins/Experimental/MoverTests/MoverTests.uplugin" 427
"../../../Engine/Plugins/Experimental/OpenImageDenoise/OpenImageDenoise.uplugin" 428
"../../../Engine/Plugins/Experimental/PCGBiomeSample/PCGBiomeSample.uplugin" 429
"../../../Engine/Plugins/Experimental/OptiXDenoise/OptiXDenoise.uplugin" 430
"../../../Engine/Plugins/Experimental/PanoramicCapture/PanoramicCapture.uplugin" 431
"../../../Engine/Plugins/Experimental/PixelStreamingPlayer/PixelStreamingPlayer.uplugin" 432
"../../../Engine/Plugins/Experimental/MoverAnimNext/MoverAnimNext.uplugin" 433
"../../../Engine/Plugins/Experimental/PhysicsControl/PhysicsControl.uplugin" 434
"../../../Engine/Plugins/Experimental/PluginAudit/PluginAudit.uplugin" 435
"../../../Engine/Plugins/Experimental/PCGBiomeCore/PCGBiomeCore.uplugin" 436
"../../../Engine/Plugins/Experimental/PlainPropsUObject/PlainPropsUObject.uplugin" 437
"../../../Engine/Plugins/Experimental/PostProcessMaterialChainGraph/PostProcessMaterialChainGraph.uplugin" 438
"../../../Engine/Plugins/Experimental/PlainProps/PlainProps.uplugin" 439
"../../../Engine/Plugins/Experimental/PlatformCrypto/PlatformCrypto.uplugin" 440
"../../../Engine/Plugins/Experimental/PluginReferenceViewer/PluginReferenceViewer.uplugin" 441
"../../../Engine/Plugins/Experimental/PSDImporter/PSDImporter.uplugin" 442
"../../../Engine/Plugins/Experimental/QuicMessaging/QuicMessaging.uplugin" 443
"../../../Engine/Plugins/Experimental/PythonFoundationPackages/PythonFoundationPackages.uplugin" 444
"../../../Engine/Plugins/Experimental/PluginTemplateTool/PluginTemplateTool.uplugin" 445
"../../../Engine/Plugins/Experimental/RemoteControlComponents/RemoteControlComponents.uplugin" 446
"../../../Engine/Plugins/Experimental/PSDImporterMaterialDesignerBridge/PSDImporterMaterialDesignerBridge.uplugin" 447
"../../../Engine/Plugins/Experimental/RawInput/RawInput.uplugin" 448
"../../../Engine/Plugins/Experimental/RemoteSession/RemoteSession.uplugin" 449
"../../../Engine/Plugins/Experimental/PlanarCutPlugin/PlanarCut.uplugin" 450
"../../../Engine/Plugins/Experimental/PythonScriptPlugin/PythonScriptPlugin.uplugin" 451
"../../../Engine/Plugins/Experimental/RazerChromaDevices/RazerChromaDevices.uplugin" 452
"../../../Engine/Plugins/Experimental/RenderGrid/RenderGrid.uplugin" 453
"../../../Engine/Plugins/Experimental/RigLogicMutable/RigLogicMutable.uplugin" 454
"../../../Engine/Plugins/Experimental/RigLogicAnimNext/RigLogicAnimNext.uplugin" 455
"../../../Engine/Plugins/Experimental/RuntimeTelemetry/RuntimeTelemetry.uplugin" 456
"../../../Engine/Plugins/Experimental/SequenceNavigator/SequenceNavigator.uplugin" 457
"../../../Engine/Plugins/Experimental/SkeletalReduction/SkeletalReduction.uplugin" 458
"../../../Engine/Plugins/Experimental/SecuritySandbox/SecuritySandbox.uplugin" 459
"../../../Engine/Plugins/Experimental/SceneState/SceneState.uplugin" 460
"../../../Engine/Plugins/Experimental/SimpleHMD/SimpleHMD.uplugin" 461
"../../../Engine/Plugins/Experimental/SlateModelViewViewModel/SlateModelViewViewModel.uplugin" 462
"../../../Engine/Plugins/Experimental/SerializationUtils/SerializationUtils.uplugin" 463
"../../../Engine/Plugins/Experimental/SlateIM/SlateIM.uplugin" 464
"../../../Engine/Plugins/Experimental/ScreenReader/ScreenReader.uplugin" 465
"../../../Engine/Plugins/Experimental/SpatialReadiness/SpatialReadiness.uplugin" 466
"../../../Engine/Plugins/Experimental/StateGraph/StateGraph.uplugin" 467
"../../../Engine/Plugins/Experimental/SurfaceEffects/SurfaceEffects.uplugin" 468
"../../../Engine/Plugins/Experimental/Shotgrid/Shotgrid.uplugin" 469
"../../../Engine/Plugins/Experimental/TechAudioTools/TechAudioTools.uplugin" 470
"../../../Engine/Plugins/Experimental/StructUtils/StructUtils.uplugin" 471
"../../../Engine/Plugins/Experimental/SubtitlesAndClosedCaptions/SubtitlesAndClosedCaptions.uplugin" 472
"../../../Engine/Plugins/Experimental/TetMeshing/TetMeshing.uplugin" 473
"../../../Engine/Plugins/Experimental/TargetDeviceServicesScripting/TargetDeviceServicesScripting.uplugin" 474
"../../../Engine/Plugins/Experimental/Tensorboard/Tensorboard.uplugin" 475
"../../../Engine/Plugins/Experimental/SlateScreenReader/SlateScreenReader.uplugin" 476
"../../../Engine/Plugins/Experimental/SubmitToolEditor/SubmitToolEditor.uplugin" 477
"../../../Engine/Plugins/Experimental/Text3D/Text3D.uplugin" 478
"../../../Engine/Plugins/Experimental/TextureMediaPlayer/TextureMediaPlayer.uplugin" 479
"../../../Engine/Plugins/Experimental/UIFramework/UIFramework.uplugin" 480
"../../../Engine/Plugins/Experimental/ToolPresets/ToolPresets.uplugin" 481
"../../../Engine/Plugins/Experimental/VirtualHeightfieldMesh/VirtualHeightfieldMesh.uplugin" 482
"../../../Engine/Plugins/Experimental/WaterAdvanced/WaterAdvanced.uplugin" 483
"../../../Engine/Plugins/Experimental/UserToolBoxCore/UserToolBoxCore.uplugin" 484
"../../../Engine/Plugins/Experimental/Volumetrics/Volumetrics.uplugin" 485
"../../../Engine/Plugins/Experimental/Water/Water.uplugin" 486
"../../../Engine/Plugins/Experimental/SVGImporter/SVGImporter.uplugin" 487
"../../../Engine/Plugins/Experimental/WaterExtras/WaterExtras.uplugin" 488
"../../../Engine/Plugins/Experimental/UserToolBoxBasicCommand/UserToolBoxBasicCommand.uplugin" 489
"../../../Engine/Plugins/Experimental/Workspace/Workspace.uplugin" 490
"../../../Engine/Plugins/Experimental/WaveFunctionCollapse/WaveFunctionCollapse.uplugin" 491
"../../../Engine/Plugins/Experimental/WidgetEditorToolPalette/WidgetEditorToolPalette.uplugin" 492
"../../../Engine/Plugins/Interchange/Editor/InterchangeEditor.uplugin" 493
"../../../Engine/Plugins/Experimental/XRCreativeFramework/XRCreativeFramework.uplugin" 494
"../../../Engine/Plugins/Experimental/TextToSpeech/TextToSpeech.uplugin" 495
"../../../Engine/Plugins/MovieScene/ActorSequence/ActorSequence.uplugin" 496
"../../../Engine/Plugins/Experimental/WebSocketNetworking/WebSocketNetworking.uplugin" 497
"../../../Engine/Plugins/MovieScene/CustomizableSequencerTracks/CustomizableSequencerTracks.uplugin" 498
"../../../Engine/Plugins/Experimental/VirtualProductionUtilities/VirtualProductionUtilities.uplugin" 499
"../../../Engine/Plugins/Experimental/WebSocketMessaging/WebSocketMessaging.uplugin" 500
"../../../Engine/Plugins/MovieScene/MovieSceneTextTrack/MovieSceneTextTrack.uplugin" 501
"../../../Engine/Plugins/Interchange/Assets/InterchangeAssets.uplugin" 502
"../../../Engine/Plugins/MovieScene/MovieRenderPipeline/MovieRenderPipeline.uplugin" 503
"../../../Engine/Plugins/MovieScene/SequencerScripting/SequencerScripting.uplugin" 504
"../../../Engine/Plugins/Interchange/Runtime/Interchange.uplugin" 505
"../../../Engine/Plugins/MovieScene/MoviePipelineMaskRenderPass/MoviePipelineMaskRenderPass.uplugin" 506
"../../../Engine/Plugins/MovieScene/LevelSequenceEditor/LevelSequenceEditor.uplugin" 507
"../../../Engine/Plugins/MovieScene/ReplayTracks/ReplayTracks.uplugin" 508
"../../../Engine/Plugins/NetcodeUnitTest/NUTUnrealEngine/NUTUnrealEngine.uplugin" 509
"../../../Engine/Plugins/Runtime/AndroidFileServer/AndroidFileServer.uplugin" 510
"../../../Engine/Plugins/Runtime/ActorLayerUtilities/ActorLayerUtilities.uplugin" 511
"../../../Engine/Plugins/MovieScene/TemplateSequence/TemplateSequence.uplugin" 512
"../../../Engine/Plugins/Performance/AutomatedPerfTesting/AutomatedPerfTesting.uplugin" 513
"../../../Engine/Plugins/Runtime/AndroidDeviceProfileSelector/AndroidDeviceProfileSelector.uplugin" 514
"../../../Engine/Plugins/Runtime/ADM/ADM.uplugin" 515
"../../../Engine/Plugins/Runtime/AndroidPermission/AndroidPermission.uplugin" 516
"../../../Engine/Plugins/Runtime/AnimationBudgetAllocator/AnimationBudgetAllocator.uplugin" 517
"../../../Engine/Plugins/Runtime/AndroidMoviePlayer/AndroidMoviePlayer.uplugin" 518
"../../../Engine/Plugins/NetcodeUnitTest/NetcodeUnitTest/NetcodeUnitTest.uplugin" 519
"../../../Engine/Plugins/Runtime/ApexDestruction/ApexDestruction.uplugin" 520
"../../../Engine/Plugins/Performance/PerformanceMonitor/PerformanceMonitor.uplugin" 521
"../../../Engine/Plugins/Runtime/AssetTags/AssetTags.uplugin" 522
"../../../Engine/Plugins/Runtime/AudioModulation/AudioModulation.uplugin" 523
"../../../Engine/Plugins/Runtime/AppleMoviePlayer/AppleMoviePlayer.uplugin" 524
"../../../Engine/Plugins/Runtime/AudioMotorSim/AudioMotorSim.uplugin" 525
"../../../Engine/Plugins/Runtime/ChunkDownloader/ChunkDownloader.uplugin" 526
"../../../Engine/Plugins/Runtime/AudioCapture/AudioCapture.uplugin" 527
"../../../Engine/Plugins/Runtime/CommonUI/CommonUI.uplugin" 528
"../../../Engine/Plugins/Runtime/AudioWidgets/AudioWidgets.uplugin" 529
"../../../Engine/Plugins/Runtime/ArchVisCharacter/ArchVisCharacter.uplugin" 530
"../../../Engine/Plugins/Runtime/ComputeFramework/ComputeFramework.uplugin" 531
"../../../Engine/Plugins/Runtime/CableComponent/CableComponent.uplugin" 532
"../../../Engine/Plugins/Runtime/DataRegistry/DataRegistry.uplugin" 533
"../../../Engine/Plugins/Runtime/Firebase/Firebase.uplugin" 534
"../../../Engine/Plugins/Runtime/AppleImageUtils/AppleImageUtils.uplugin" 535
"../../../Engine/Plugins/Runtime/ExampleDeviceProfileSelector/ExampleDeviceProfileSelector.uplugin" 536
"../../../Engine/Plugins/Runtime/GameFeatures/GameFeatures.uplugin" 537
"../../../Engine/Plugins/Runtime/GameInput/GameInput.uplugin" 538
"../../../Engine/Plugins/Runtime/GameplayInteractions/GameplayInteractions.uplugin" 539
"../../../Engine/Plugins/Runtime/GameplayAbilities/GameplayAbilities.uplugin" 540
"../../../Engine/Plugins/Runtime/GameplayBehaviorSmartObjects/GameplayBehaviorSmartObjects.uplugin" 541
"../../../Engine/Plugins/Runtime/AndroidBackgroundService/AndroidBackgroundService.uplugin" 542
"../../../Engine/Plugins/Runtime/GeometryProcessing/GeometryProcessing.uplugin" 543
"../../../Engine/Plugins/Runtime/HairStrands/HairStrands.uplugin" 544
"../../../Engine/Plugins/Runtime/GoogleCloudMessaging/GoogleCloudMessaging.uplugin" 545
"../../../Engine/Plugins/Runtime/Harmonix/Harmonix.uplugin" 546
"../../../Engine/Plugins/Runtime/AudioSynesthesia/AudioSynesthesia.uplugin" 547
"../../../Engine/Plugins/Runtime/GeometryCache/GeometryCache.uplugin" 548
"../../../Engine/Plugins/Runtime/GeoReferencing/GeoReferencing.uplugin" 549
"../../../Engine/Plugins/Runtime/GameplayStateTree/GameplayStateTree.uplugin" 550
"../../../Engine/Plugins/Runtime/GooglePAD/GooglePAD.uplugin" 551
"../../../Engine/Plugins/Runtime/HTTPChunkInstaller/HTTPChunkInstaller.uplugin" 552
"../../../Engine/Plugins/Runtime/GeometryScripting/GeometryScripting.uplugin" 553
"../../../Engine/Plugins/Runtime/LinuxDeviceProfileSelector/LinuxDeviceProfileSelector.uplugin" 554
"../../../Engine/Plugins/Runtime/CustomMeshComponent/CustomMeshComponent.uplugin" 555
"../../../Engine/Plugins/Runtime/HPMotionController/HPMotionController.uplugin" 556
"../../../Engine/Plugins/Runtime/IOSDeviceProfileSelector/IOSDeviceProfileSelector.uplugin" 557
"../../../Engine/Plugins/Runtime/LevelStreamingPersistence/LevelStreamingPersistence.uplugin" 558
"../../../Engine/Plugins/Runtime/LocationServicesAndroidImpl/LocationServicesAndroidImpl.uplugin" 559
"../../../Engine/Plugins/Runtime/InstancedActors/InstancedActors.uplugin" 560
"../../../Engine/Plugins/Runtime/MassEntity/MassEntity.uplugin" 561
"../../../Engine/Plugins/Runtime/InputDebugging/InputDebugging.uplugin" 562
"../../../Engine/Plugins/Runtime/LiveLinkOvernDisplay/LiveLinkOverNDisplay.uplugin" 563
"../../../Engine/Plugins/Runtime/MassGameplay/MassGameplay.uplugin" 564
"../../../Engine/Plugins/Runtime/MeshModelingToolset/MeshModelingToolset.uplugin" 565
"../../../Engine/Plugins/Runtime/ModularGameplay/ModularGameplay.uplugin" 566
"../../../Engine/Plugins/Runtime/LocationServicesIOSImpl/LocationServicesIOSImpl.uplugin" 567
"../../../Engine/Plugins/Runtime/LocationServicesBPLibrary/LocationServicesBPLibrary.uplugin" 568
"../../../Engine/Plugins/Runtime/IOSReplayKit/IOSReplayKit.uplugin" 569
"../../../Engine/Plugins/Runtime/Metasound/Metasound.uplugin" 570
"../../../Engine/Plugins/Runtime/MicrosoftSpatialAudio/MicroSoftSpatialSound.uplugin" 571
"../../../Engine/Plugins/Runtime/MIDIDevice/MIDIDevice.uplugin" 572
"../../../Engine/Plugins/Runtime/MsQuic/MsQuic.uplugin" 573
"../../../Engine/Plugins/Runtime/MixedRealityCaptureFramework/MixedRealityCaptureFramework.uplugin" 574
"../../../Engine/Plugins/Runtime/HDRIBackdrop/HDRIBackdrop.uplugin" 575
"../../../Engine/Plugins/Runtime/MusicEnvironment/MusicEnvironment.uplugin" 576
"../../../Engine/Plugins/Runtime/MobileFSR/MobileFSR.uplugin" 577
"../../../Engine/Plugins/Runtime/ModelViewViewModel/ModelViewViewModel.uplugin" 578
"../../../Engine/Plugins/Runtime/MobilePatchingUtils/MobilePatchingUtils.uplugin" 579
"../../../Engine/Plugins/Runtime/NavCorridor/NavCorridor.uplugin" 580
"../../../Engine/Plugins/Runtime/nDisplay/nDisplay.uplugin" 581
"../../../Engine/Plugins/Runtime/MultiServerReplication/MultiServerReplication.uplugin" 582
"../../../Engine/Plugins/Runtime/OpenXR/OpenXR.uplugin" 583
"../../../Engine/Plugins/Runtime/OpenCV/OpenCV.uplugin" 584
"../../../Engine/Plugins/Runtime/NetworkPredictionExtras/NetworkPredictionExtras.uplugin" 585
"../../../Engine/Plugins/Runtime/OpenXRHandTracking/OpenXRHandTracking.uplugin" 586
"../../../Engine/Plugins/Runtime/OptionalMobileFeaturesBPLibrary/OptionalMobileFeaturesBPLibrary.uplugin" 587
"../../../Engine/Plugins/Runtime/OpenXREyeTracker/OpenXREyeTracker.uplugin" 588
"../../../Engine/Plugins/Runtime/nDisplayModularFeatures/nDisplayModularFeatures.uplugin" 589
"../../../Engine/Plugins/Runtime/ProceduralMeshComponent/ProceduralMeshComponent.uplugin" 590
"../../../Engine/Plugins/Runtime/OpenXRViveTracker/OpenXRViveTracker.uplugin" 591
"../../../Engine/Plugins/Runtime/OSC/OSC.uplugin" 592
"../../../Engine/Plugins/Runtime/OpenXRMsftHandInteraction/OpenXRMsftHandInteraction.uplugin" 593
"../../../Engine/Plugins/Runtime/PreLoadScreenMoviePlayer/PreLoadScreenMoviePlayer.uplugin" 594
"../../../Engine/Plugins/Runtime/NetworkPredictionInsights/NetworkPredictionInsights.uplugin" 595
"../../../Engine/Plugins/Runtime/PropertyBindingUtils/PropertyBindingUtils.uplugin" 596
"../../../Engine/Plugins/Runtime/PropertyAccess/PropertyAccessEditor.uplugin" 597
"../../../Engine/Plugins/Runtime/RenderTrace/RenderTrace.uplugin" 598
"../../../Engine/Plugins/Runtime/ReplicationSystemTestPlugin/ReplicationSystemTestPlugin.uplugin" 599
"../../../Engine/Plugins/Runtime/ReplicationGraph/ReplicationGraph.uplugin" 600
"../../../Engine/Plugins/Runtime/SmartObjects/SmartObjects.uplugin" 601
"../../../Engine/Plugins/Runtime/ResonanceAudio/ResonanceAudio.uplugin" 602
"../../../Engine/Plugins/Runtime/SkeletalMerging/SkeletalMerging.uplugin" 603
"../../../Engine/Plugins/Runtime/SignificanceManager/SignificanceManager.uplugin" 604
"../../../Engine/Plugins/Runtime/ScriptableToolsFramework/ScriptableToolsFramework.uplugin" 605
"../../../Engine/Plugins/Runtime/SoundCueTemplates/SoundCueTemplates.uplugin" 606
"../../../Engine/Plugins/Runtime/SoundUtilities/SoundUtilities.uplugin" 607
"../../../Engine/Plugins/Runtime/SunPosition/SunPosition.uplugin" 608
"../../../Engine/Plugins/Runtime/Soundscape/Soundscape.uplugin" 609
"../../../Engine/Plugins/Runtime/RigVM/RigVM.uplugin" 610
"../../../Engine/Plugins/Runtime/StateTree/StateTree.uplugin" 611
"../../../Engine/Plugins/Runtime/NetworkPrediction/NetworkPrediction.uplugin" 612
"../../../Engine/Plugins/Runtime/Synthesis/Synthesis.uplugin" 613
"../../../Engine/Plugins/Runtime/USDCore/USDCore.uplugin" 614
"../../../Engine/Plugins/Runtime/WaveTable/WaveTable.uplugin" 615
"../../../Engine/Plugins/Runtime/WebMMoviePlayer/WebMMoviePlayer.uplugin" 616
"../../../Engine/Plugins/Runtime/WarpUtils/WarpUtils.uplugin" 617
"../../../Engine/Plugins/Runtime/SoundFields/SoundFields.uplugin" 618
"../../../Engine/Plugins/Runtime/WebBrowserNativeProxy/WebBrowserNativeProxy.uplugin" 619
"../../../Engine/Plugins/Runtime/WebBrowserWidget/WebBrowserWidget.uplugin" 620
"../../../Engine/Plugins/Runtime/ZoneGraph/ZoneGraph.uplugin" 621
"../../../Engine/Plugins/Runtime/SoundMod/SoundMod.uplugin" 622
"../../../Engine/Plugins/Runtime/Spatialization/Spatialization.uplugin" 623
"../../../Engine/Plugins/Runtime/WindowsMoviePlayer/WindowsMoviePlayer.uplugin" 624
"../../../Engine/Plugins/Runtime/XRBase/XRBase.uplugin" 625
"../../../Engine/Plugins/Runtime/ZoneGraphAnnotations/ZoneGraphAnnotations.uplugin" 626
"../../../Engine/Plugins/Runtime/WorldConditions/WorldConditions.uplugin" 627
"../../../Engine/Plugins/Editor/ObjectMixer/ObjectMixer/ObjectMixer.uplugin" 628
"../../../Engine/Plugins/Runtime/AR/ARUtilities/ARUtilities.uplugin" 629
"../../../Engine/Plugins/Editor/ObjectMixer/LightMixer/LightMixer.uplugin" 630
"../../../Engine/Plugins/Runtime/WindowsDeviceProfileSelector/WindowsDeviceProfileSelector.uplugin" 631
"../../../Engine/Plugins/Online/IOS/OnlineSubsystemIOS/OnlineSubsystemIOS.uplugin" 632
"../../../Engine/Plugins/Runtime/Nvidia/GeForceNOWWrapper/GeForceNOWWrapper.uplugin" 633
"../../../Engine/Plugins/VirtualProduction/CaptureManager/CaptureManagerApp/CaptureManagerApp.uplugin" 634
"../../../Engine/Plugins/Runtime/MeshReconstruction/DummyMeshReconstructor/DummyMeshReconstructor.uplugin" 635
"../../../Engine/Plugins/VirtualProduction/CaptureManager/CaptureManagerEditor/CaptureManagerEditor.uplugin" 636
"../../../Engine/Plugins/VirtualProduction/CaptureManager/CaptureManagerCore/CaptureManagerCore.uplugin" 637
"../../../Engine/Plugins/VirtualProduction/CaptureManager/CaptureManagerDevices/CaptureManagerDevices.uplugin" 638
"../../../Engine/Plugins/Developer/Concert/ConcertMain/ConcertMain.uplugin" 639
"../../../Engine/Plugins/Runtime/Nvidia/Reflex/Reflex.uplugin" 640
"../../../Engine/Plugins/VirtualProduction/DMX/DMXControlConsole/DMXControlConsole.uplugin" 641
"../../../Engine/Plugins/VirtualProduction/DMX/DMXDisplayCluster/DMXDisplayCluster.uplugin" 642
"../../../Engine/Plugins/VirtualProduction/DMX/DMXGDTF/DMXGDTF.uplugin" 643
"../../../Engine/Plugins/VirtualProduction/DMX/DMXEngine/DMXEngine.uplugin" 644
"../../../Engine/Plugins/VirtualProduction/DMX/DMXModularFeatures/DMXModularFeatures.uplugin" 645
"../../../Engine/Plugins/VirtualProduction/DMX/DMXFixtures/DMXFixtures.uplugin" 646
"../../../Engine/Plugins/Online/Android/AndroidFetchBackgroundDownload/AndroidFetchBackgroundDownload.uplugin" 647
"../../../Engine/Plugins/VirtualProduction/DMX/DatasmithMVR/DatasmithMVR.uplugin" 648
"../../../Engine/Plugins/VirtualProduction/DMX/DMXProtocol/DMXProtocol.uplugin" 649
"../../../Engine/Plugins/Online/Android/OnlineSubsystemGooglePlay/OnlineSubsystemGooglePlay.uplugin" 650
"../../../Engine/Plugins/Online/VoiceChat/EOSVoiceChat/EOSVoiceChat.uplugin" 651
"../../../Engine/Plugins/Online/VoiceChat/VoiceChat/VoiceChat.uplugin" 652
"../../../Engine/Plugins/Experimental/VirtualProduction/LedWallCalibration/LedWallCalibration.uplugin" 653
"../../../Engine/Plugins/Experimental/Compositing/HoldoutComposite/HoldoutComposite.uplugin" 654
"../../../Engine/Plugins/Experimental/VirtualProduction/VPRoles/VPRoles.uplugin" 655
"../../../Engine/Plugins/Editor/ContentBrowser/ContentBrowserAssetDataSource/ContentBrowserAssetDataSource.uplugin" 656
"../../../Engine/Plugins/Editor/ContentBrowser/ContentBrowserAliasDataSource/ContentBrowserAliasDataSource.uplugin" 657
"../../../Engine/Plugins/Runtime/XR/XRVisualization/XRVisualization.uplugin" 658
"../../../Engine/Plugins/Editor/Localization/PortableObjectFileDataSource/PortableObjectFileDataSource.uplugin" 659
"../../../Engine/Plugins/Experimental/VirtualProduction/VPSettings/VPSettings.uplugin" 660
"../../../Engine/Plugins/VirtualProduction/DMX/DMXPixelMapping/DMXPixelMapping.uplugin" 661
"../../../Engine/Plugins/Editor/ContentBrowser/ContentBrowserFileDataSource/ContentBrowserFileDataSource.uplugin" 662
"../../../Engine/Plugins/Experimental/Animation/CurveExpression/CurveExpression.uplugin" 663
"../../../Engine/Plugins/Experimental/Animation/ContextualAnimation/ContextualAnimation.uplugin" 664
"../../../Engine/Plugins/Editor/ContentBrowser/ContentBrowserClassDataSource/ContentBrowserClassDataSource.uplugin" 665
"../../../Engine/Plugins/Experimental/Animation/Locomotor/Locomotor.uplugin" 666
"../../../Engine/Plugins/Experimental/Animation/HierarchyTable/HierarchyTable.uplugin" 667
"../../../Engine/Plugins/Experimental/Compositing/CompositeCore/CompositeCore.uplugin" 668
"../../../Engine/Plugins/Experimental/Animation/HierarchyTableAnimation/HierarchyTableAnimation.uplugin" 669
"../../../Engine/Plugins/Experimental/Animation/MotionTrajectory/MotionTrajectory.uplugin" 670
"../../../Engine/Plugins/Experimental/Animation/SkeletonTemplateFramework/SkeletonTemplateFramework.uplugin" 671
"../../../Engine/Plugins/Experimental/Animation/PackedAttributes/PackedAttributes.uplugin" 672
"../../../Engine/Plugins/Experimental/Animation/Optimus/Optimus.uplugin" 673
"../../../Engine/Plugins/Experimental/Animation/RigMapper/RigMapper.uplugin" 674
"../../../Engine/Plugins/Experimental/Animation/TrajectoryTools/TrajectoryTools.uplugin" 675
"../../../Engine/Plugins/Experimental/Animation/SkeletalMeshMorphTargetEditingTools/SkeletalMeshMorphTargetEditingTools.uplugin" 676
"../../../Engine/Plugins/Experimental/Enterprise/DataprepGeometryOperations/DataprepGeometryOperations.uplugin" 677
"../../../Engine/Plugins/Experimental/PCGInterops/PCGInstancedActorsInterop/PCGInstancedActorsInterop.uplugin" 678
"../../../Engine/Plugins/Experimental/PCGInterops/PCGNiagaraInterop/PCGNiagaraInterop.uplugin" 679
"../../../Engine/Plugins/Runtime/XR/XRScribe/XRScribe.uplugin" 680
"../../../Engine/Plugins/Experimental/Enterprise/DatasmithInterchange/DatasmithInterchange.uplugin" 681
"../../../Engine/Plugins/Runtime/Steam/SteamController/SteamController.uplugin" 682
"../../../Engine/Plugins/Runtime/Steam/SteamShared/SteamShared.uplugin" 683
"../../../Engine/Plugins/Runtime/Windows/WinDualShock/WinDualShock.uplugin" 684
"../../../Engine/Plugins/Runtime/Steam/SteamAudio/SteamAudio.uplugin" 685
"../../../Engine/Plugins/Experimental/AVCodecs/AMFCodecs/AMFCodecs.uplugin" 686
"../../../Engine/Plugins/Experimental/PCGInterops/PCGWaterInterop/PCGWaterInterop.uplugin" 687
"../../../Engine/Plugins/Experimental/Web/WebAPI/WebAPI.uplugin" 688
"../../../Engine/Plugins/Experimental/Enterprise/DatasmithRuntime/DatasmithRuntime.uplugin" 689
"../../../Engine/Plugins/Experimental/AVCodecs/AVCodecsCore/AVCodecsCore.uplugin" 690
"../../../Engine/Plugins/Runtime/Windows/XInputDevice/XInputDevice.uplugin" 691
"../../../Engine/Plugins/Experimental/AVCodecs/VTCodecs/VTCodecs.uplugin" 692
"../../../Engine/Plugins/Experimental/AVCodecs/LibVpxCodecs/LibVpxCodecs.uplugin" 693
"../../../Engine/Plugins/Runtime/Steam/SteamSockets/SteamSockets.uplugin" 694
"../../../Engine/Plugins/Experimental/AVCodecs/NVCodecs/NVCodecs.uplugin" 695
"../../../Engine/Plugins/Experimental/AVCodecs/WMFCodecs/WMFCodecs.uplugin" 696
"../../../Engine/Plugins/Runtime/Database/ADOSupport/ADOSupport.uplugin" 697
"../../../Engine/Plugins/Runtime/Database/SQLiteSupport/SQLiteSupport.uplugin" 698
"../../../Engine/Plugins/Runtime/Database/SQLiteCore/SQLiteCore.uplugin" 699
"../../../Engine/Plugins/Runtime/Database/RemoteDatabaseSupport/RemoteDatabaseSupport.uplugin" 700
"../../../Engine/Plugins/Runtime/Database/DatabaseSupport/DatabaseSupport.uplugin" 701
"../../../Engine/Plugins/Runtime/PacketHandlers/AESGCMHandlerComponent/AESGCMHandlerComponent.uplugin" 702
"../../../Engine/Plugins/Runtime/PacketHandlers/AESHandlerComponent/AESHandlerComponent.uplugin" 703
"../../../Engine/Plugins/Runtime/Analytics/Adjust/Adjust.uplugin" 704
"../../../Engine/Plugins/Runtime/Analytics/FileLogging/FileLogging.uplugin" 705
"../../../Engine/Plugins/Runtime/Analytics/AnalyticsMulticast/AnalyticsMulticast.uplugin" 706
"../../../Engine/Plugins/Runtime/Analytics/AnalyticsBlueprintLibrary/AnalyticsBlueprintLibrary.uplugin" 707
"../../../Engine/Plugins/Animation/MLDeformer/ChaosClothGenerator/ChaosClothGenerator.uplugin" 708
"../../../Engine/Plugins/VirtualProduction/Rivermax/RivermaxSync/RivermaxSync.uplugin" 709
"../../../Engine/Plugins/VirtualProduction/Rivermax/RivermaxMedia/RivermaxMedia.uplugin" 710
"../../../Engine/Plugins/Animation/MLDeformer/ChaosFleshGenerator/ChaosFleshGenerator.uplugin" 711
"../../../Engine/Plugins/Runtime/PacketHandlers/DTLSHandlerComponent/DTLSHandlerComponent.uplugin" 712
"../../../Engine/Plugins/Animation/MLDeformer/NearestNeighborModel/NearestNeighborModel.uplugin" 713
"../../../Engine/Plugins/VirtualProduction/Rivermax/RivermaxCore/RivermaxCore.uplugin" 714
"../../../Engine/Plugins/Animation/MLDeformer/NeuralMorphModel/NeuralMorphModel.uplugin" 715
"../../../Engine/Plugins/Experimental/CharacterFXEditor/BaseCharacterFXEditor/BaseCharacterFXEditor.uplugin" 716
"../../../Engine/Plugins/Animation/MLDeformer/VertexDeltaModel/VertexDeltaModel.uplugin" 717
"../../../Engine/Plugins/Runtime/Advertising/IOSTapJoy/IOSTapJoy.uplugin" 718
"../../../Engine/Plugins/Experimental/CharacterFXEditor/ExampleCharacterFXEditor/ExampleCharacterFXEditor.uplugin" 719
"../../../Engine/Plugins/Interchange/Extensions/OpenUSD/InterchangeOpenUSD.uplugin" 720
"../../../Engine/Plugins/Experimental/MetaHuman/MetaHumanRuntime/MetaHumanRuntime.uplugin" 721
"../../../Engine/Plugins/Interchange/Extensions/OpenVDB/InterchangeOpenVDB.uplugin" 722
"../../../Engine/Plugins/Runtime/AR/AppleAR/AppleARKit/AppleARKit.uplugin" 723
"../../../Engine/Plugins/Runtime/AR/AppleAR/AppleARKitFaceSupport/AppleARKitFaceSupport.uplugin" 724
"../../../Engine/Plugins/Developer/Concert/ConcertUI/ConcertClientSharedSlate/ConcertClientSharedSlate.uplugin" 725
"../../../Engine/Plugins/Developer/Concert/ConcertUI/ConcertSharedSlate/ConcertSharedSlate.uplugin" 726
"../../../Engine/Plugins/Runtime/AR/Google/GoogleARCore/GoogleARCore.uplugin" 727
"../../../Engine/Plugins/Developer/Concert/ConcertSync/ConcertSyncClient/ConcertSyncClient.uplugin" 728
"../../../Engine/Plugins/Animation/MLDeformer/MLDeformerFramework/MLDeformerFramework.uplugin" 729
"../../../Engine/Plugins/Runtime/AR/Google/GoogleARCoreServices/GoogleARCoreServices.uplugin" 730
"../../../Engine/Plugins/Developer/Concert/ConcertApp/DisasterRecoveryClient/DisasterRecoveryClient.uplugin" 731
"../../../Engine/Plugins/Developer/Concert/ConcertSync/ConcertSyncCore/ConcertSyncCore.uplugin" 732
"../../../Engine/Plugins/Developer/Concert/ConcertScripting/ConcertReplicationScripting/ConcertReplicationScripting.uplugin" 733
"../../../Engine/Plugins/Developer/Concert/ConcertApp/MultiUserClient/MultiUserClient.uplugin" 734
"../../../Engine/Plugins/Developer/Concert/ConcertApp/MultiUserServer/MultiUserServer.uplugin" 735
"../../../Engine/Plugins/Developer/Concert/ConcertInsights/ConcertInsightsVisualizer/ConcertInsightsVisualizer.uplugin" 736
"../../../Engine/Plugins/Developer/Concert/ConcertInsights/ConcertInsightsClient/ConcertInsightsClient.uplugin" 737
"../../../Engine/Plugins/Developer/Concert/ConcertInsights/ConcertInsightsServer/ConcertInsightsServer.uplugin" 738
"../../../Engine/Plugins/Developer/Concert/ConcertSync/ConcertSyncTest/ConcertSyncTest.uplugin" 739
"../../../Engine/Plugins/Experimental/Animation/MLDeformer/DetailPoseModel/DetailPoseModel.uplugin" 740
"../../../Engine/Plugins/Developer/Concert/ConcertSync/ConcertSyncServer/ConcertSyncServer.uplugin" 741
"../../../Engine/Plugins/Developer/Concert/ConcertInsights/ConcertInsightsCore/ConcertInsightsCore.uplugin" 742
"../../../Engine/Platforms/Android/Plugins/RigLogic/RigLogic_Android.uplugin" 743
"../../../Engine/Platforms/Android/Plugins/Animation/ACLPlugin/ACLPlugin_Android.uplugin" 744
"../../../Engine/Platforms/IOS/Plugins/RigLogic/RigLogic_IOS.uplugin" 745
"../../../Engine/Content/Internationalization/icudt64l/cnvalias.icu" 746
"../../../Engine/Content/Internationalization/icudt64l/res_index.res" 747
"../../../Engine/Content/Internationalization/icudt64l/plurals.res" 748
"../../../Engine/Content/Internationalization/icudt64l/lang/en_GB.res" 749
"../../../Engine/Content/Internationalization/icudt64l/lang/pool.res" 750
"../../../Engine/Content/Internationalization/icudt64l/lang/en_001.res" 751
"../../../Engine/Content/Internationalization/icudt64l/lang/en.res" 752
"../../../Engine/Content/Internationalization/icudt64l/lang/root.res" 753
"../../../Engine/Content/Internationalization/icudt64l/region/en_GB.res" 754
"../../../Engine/Content/Internationalization/icudt64l/region/pool.res" 755
"../../../Engine/Content/Internationalization/icudt64l/region/en.res" 756
"../../../Engine/Content/Internationalization/icudt64l/region/root.res" 757
"../../../Engine/Content/Internationalization/icudt64l/windowsZones.res" 758
"../../../Engine/Content/Internationalization/icudt64l/zoneinfo64.res" 759
"../../../Engine/Content/Internationalization/icudt64l/keyTypeData.res" 760
"../../../Engine/Content/Internationalization/icudt64l/timezoneTypes.res" 761
"../../../Engine/Content/Internationalization/icudt64l/likelySubtags.res" 762
"../../../Engine/Content/Internationalization/icudt64l/en_GB.res" 763
"../../../Engine/Content/Internationalization/icudt64l/pool.res" 764
"../../../Engine/Content/Internationalization/icudt64l/en_001.res" 765
"../../../Engine/Content/Internationalization/icudt64l/en.res" 766
"../../../Engine/Content/Internationalization/icudt64l/root.res" 767
"../../../Engine/Content/Internationalization/icudt64l/supplementalData.res" 768
"../../../Engine/Config/ConfigRedirects.ini" 769
"C:/Users/finle/AppData/Local/UnrealEngine/5.6/Saved/Config/WindowsEditor/Manifest.ini" 770
"../../../Engine/Config/BaseEngine.ini" 771
"../../../Engine/Config/Windows/BaseWindowsEngine.ini" 772
"C:/Users/finle/Documents/GitHub/CI536_Integrated_Group_Project/CI536_Group_Project/Config/DefaultEngine.ini" 773
"C:/Users/finle/Documents/GitHub/CI536_Integrated_Group_Project/CI536_Group_Project/Saved/Config/WindowsEditor/Engine.ini" 774
"../../../Engine/Config/BaseGame.ini" 775
"C:/Users/finle/Documents/GitHub/CI536_Integrated_Group_Project/CI536_Group_Project/Config/DefaultGame.ini" 776
"../../../Engine/Config/Windows/WindowsGame.ini" 777
"../../../Engine/Config/BaseInput.ini" 778
"../../../Engine/Config/Windows/BaseWindowsInput.ini" 779
"C:/Users/finle/Documents/GitHub/CI536_Integrated_Group_Project/CI536_Group_Project/Config/DefaultInput.ini" 780
"../../../Engine/Config/Windows/WindowsInput.ini" 781
"../../../Engine/Config/BaseDeviceProfiles.ini" 782
"../../../Engine/Config/BaseGameUserSettings.ini" 783
"C:/Users/finle/Documents/GitHub/CI536_Integrated_Group_Project/CI536_Group_Project/Saved/Config/WindowsEditor/GameUserSettings.ini" 784
"../../../Engine/Config/BaseScalability.ini" 785
"../../../Engine/Config/BaseRuntimeOptions.ini" 786
"../../../Engine/Config/BaseInstallBundle.ini" 787
"../../../Engine/Config/BaseHardware.ini" 788
"../../../Engine/Config/BaseCompat.ini" 789
"../../../Engine/Config/BaseLightmass.ini" 790
"../../../Engine/Config/BaseEditor.ini" 791
"C:/Users/finle/Documents/GitHub/CI536_Integrated_Group_Project/CI536_Group_Project/Config/DefaultEditor.ini" 792
"C:/Users/finle/Documents/GitHub/CI536_Integrated_Group_Project/CI536_Group_Project/Saved/Config/WindowsEditor/Editor.ini" 793
"../../../Engine/Config/BaseMaterialExpressions.ini" 794
"../../../Engine/Config/BaseEditorPerProjectUserSettings.ini" 795
"C:/Users/finle/Documents/GitHub/CI536_Integrated_Group_Project/CI536_Group_Project/Config/DefaultEditorPerProjectUserSettings.ini" 796
"../../../Engine/Config/Windows/WindowsEditorPerProjectUserSettings.ini" 797
"C:/Users/finle/Documents/GitHub/CI536_Integrated_Group_Project/CI536_Group_Project/Saved/Config/WindowsEditor/EditorPerProjectUserSettings.ini" 798
"../../../Engine/Config/BaseEditorSettings.ini" 799
"../../../Engine/Config/Windows/WindowsEditorSettings.ini" 800
"C:/Users/finle/AppData/Local/UnrealEngine/5.6/Saved/Config/WindowsEditor/EditorSettings.ini" 801
"../../../Engine/Config/BaseEditorKeyBindings.ini" 802
"C:/Users/finle/AppData/Local/UnrealEngine/5.6/Saved/Config/WindowsEditor/EditorLayout.ini" 803
"C:/Users/finle/Documents/GitHub/CI536_Integrated_Group_Project/CI536_Group_Project/Binaries/Win64/CI536_Group_Project.target" 804
"../../../Engine/Config/IOS/BaseIOSEngine.ini" 805
"../../../Engine/Config/TVOS/TVOSEngine.ini" 806
"../../../Engine/Config/Mac/BaseMacEngine.ini" 807
"../../../Engine/Config/Android/BaseAndroidEngine.ini" 808
"../../../Engine/Config/Android/AndroidEngine.ini" 809
"../../../Engine/Config/Unix/UnixEngine.ini" 810
"../../../Engine/Binaries/Win64/BootstrapPackagedGame-Win64-Shipping.target" 811
"../../../Engine/Config/Linux/BaseLinuxEngine.ini" 812
"../../../Engine/Platforms/VisionOS/Config/BaseVisionOSEngine.ini" 813
"../../../Engine/Config/Mac/MacGame.ini" 814
"../../../Engine/Config/IOS/BaseIOSGame.ini" 815
"../../../Engine/Platforms/VisionOS/Config/VisionOSEngine.ini" 816
"../../../Engine/Config/Linux/LinuxEngine.ini" 817
"../../../Engine/Config/Android/BaseAndroidGame.ini" 818
"../../../Engine/Config/IOS/IOSGame.ini" 819
"../../../Engine/Binaries/Win64/BuildPatchTool-Win64-Shipping.target" 820
"../../../Engine/Config/Linux/LinuxGame.ini" 821
"../../../Engine/Config/Mac/BaseMacInput.ini" 822
"../../../Engine/Binaries/Win64/CrashReportClient-Win64-Shipping.target" 823
"../../../Engine/Config/IOS/BaseIOSInput.ini" 824
"../../../Engine/Config/Android/BaseAndroidInput.ini" 825
"../../../Engine/Binaries/Win64/CrashReportClientEditor-Win64-Shipping.target" 826
"../../../Engine/Binaries/Win64/DatasmithCADWorker.target" 827
"../../../Engine/Config/IOS/IOSScalability.ini" 828
"../../../Engine/Binaries/Win64/EpicWebHelper-Win64-Shipping.target" 829
"../../../Engine/Config/Android/AndroidScalability.ini" 830
"../../../Engine/Binaries/Win64/InterchangeWorker.target" 831
"../../../Engine/Config/IOS/BaseIOSInstallBundle.ini" 832
"../../../Engine/Config/Android/BaseAndroidInstallBundle.ini" 833
"../../../Engine/Binaries/Win64/LiveCodingConsole.target" 834
"../../../Engine/Binaries/Win64/LiveLinkHub.target" 835
"../../../Engine/Binaries/Win64/ShaderCompileWorker.target" 836
"../../../Engine/Binaries/Win64/SwitchboardListener.target" 837
"../../../Engine/Binaries/Win64/SwitchboardListenerHelper.target" 838
"../../../Engine/Binaries/Win64/UnrealEditor-Win64-DebugGame.target" 839
"../../../Engine/Binaries/Win64/UnrealEditor.target" 840
"../../../Engine/Config/PluginBase.ini" 841
"../../../Engine/Plugins/ChaosVD/Config/DefaultChaosVD.ini" 842
"../../../Engine/Plugins/EnhancedInput/Config/BaseEnhancedInput.ini" 843
"../../../Engine/Plugins/TraceUtilities/Config/BaseTraceUtilities.ini" 844
"../../../Engine/Plugins/Enterprise/DatasmithContent/Config/BaseDatasmithContent.ini" 845
"../../../Engine/Plugins/Enterprise/GLTFExporter/Config/BaseGLTFExporter.ini" 846
"../../../Engine/Plugins/Enterprise/GLTFExporter/Config/DefaultGLTFExporter.ini" 847
"../../../Engine/Plugins/Enterprise/VariantManagerContent/Config/BaseVariantManagerContent.ini" 848
"../../../Engine/Plugins/VirtualProduction/CameraCalibrationCore/Config/BaseCameraCalibrationCore.ini" 849
"../../../Engine/Plugins/VirtualProduction/Takes/Config/BaseTakes.ini" 850
"../../../Engine/Plugins/FX/Niagara/Config/BaseNiagara.ini" 851
"../../../Engine/Plugins/MetaHuman/MetaHumanSDK/Config/BaseMetaHumanSDK.ini" 852
"../../../Engine/Plugins/2D/Paper2D/Config/BasePaper2D.ini" 853
"../../../Engine/Plugins/Animation/ControlRig/Config/BaseControlRig.ini" 854
"../../../Engine/Plugins/Animation/DeformerGraph/Config/BaseDeformerGraph.ini" 855
"../../../Engine/Plugins/Animation/IKRig/Config/BaseIKRig.ini" 856
"../../../Engine/Plugins/Cameras/GameplayCameras/Config/BaseGameplayCameras.ini" 857
"../../../Engine/Plugins/Editor/EditorScriptingUtilities/Config/BaseEditorScriptingUtilities.ini" 858
"../../../Engine/Plugins/Experimental/FullBodyIK/Config/BaseFullBodyIK.ini" 859
"../../../Engine/Plugins/Experimental/ToolPresets/Config/BaseToolPresets.ini" 860
"../../../Engine/Plugins/Interchange/Assets/Config/BaseInterchangeAssets.ini" 861
"../../../Engine/Plugins/Interchange/Runtime/Config/BaseInterchange.ini" 862
"../../../Engine/Plugins/Runtime/GameplayStateTree/Config/BaseGameplayStateTree.ini" 863
"../../../Engine/Plugins/Runtime/HairStrands/Config/BaseHairStrands.ini" 864
"../../../Engine/Plugins/Runtime/Metasound/Config/BaseMetasound.ini" 865
"../../../Engine/Plugins/Runtime/Metasound/Config/DefaultMetasound.ini" 866
"../../../Engine/Plugins/Runtime/PropertyBindingUtils/Config/BasePropertyBindingUtils.ini" 867
"../../../Engine/Plugins/Runtime/RigVM/Config/BaseRigVM.ini" 868
"../../../Engine/Plugins/Runtime/StateTree/Config/BaseStateTree.ini" 869
"../../../Engine/Plugins/Runtime/Synthesis/Config/BaseSynthesis.ini" 870
"../../../Engine/Plugins/Experimental/Compositing/CompositeCore/Config/BaseCompositeCore.ini" 871
"../../../Engine/Plugins/ChaosVD/Config/Engine.ini" 872
"../../../Engine/Plugins/EnhancedInput/Config/Input.ini" 873
"../../../Engine/Plugins/Runtime/InputDebugging/Config/Input.ini" 874
"../../../Engine/Plugins/Runtime/Windows/XInputDevice/Config/Input.ini" 875
"../../../Engine/Plugins/Online/OnlineSubsystemUtils/Config/Editor.ini" 876
"../../../Engine/Plugins/Runtime/RigVM/Config/Editor.ini" 877
"../../../Engine/Plugins/NNE/NNEDenoiser/Config/Game.ini" 878
"../../../Engine/Plugins/Editor/ModelingToolsEditorMode/Binaries/Win64/UnrealEditor.modules" 879
"../../../Engine/Plugins/Runtime/MeshModelingToolset/Binaries/Win64/UnrealEditor.modules" 880
"../../../Engine/Plugins/Experimental/MeshModelingToolsetExp/Binaries/Win64/UnrealEditor.modules" 881
"../../../Engine/Plugins/Editor/MeshLODToolset/Binaries/Win64/UnrealEditor.modules" 882
"../../../Engine/Plugins/Experimental/ToolPresets/Binaries/Win64/UnrealEditor.modules" 883
"../../../Engine/Plugins/Editor/StylusInput/Binaries/Win64/UnrealEditor.modules" 884
"../../../Engine/Plugins/Runtime/GeometryProcessing/Binaries/Win64/UnrealEditor.modules" 885
"../../../Engine/Plugins/Editor/ProxyLODPlugin/Binaries/Win64/UnrealEditor.modules" 886
"../../../Engine/Plugins/Experimental/PlanarCutPlugin/Binaries/Win64/UnrealEditor.modules" 887
"../../../Engine/Plugins/Runtime/GeometryCache/Binaries/Win64/UnrealEditor.modules" 888
"../../../Engine/Plugins/Experimental/GeometryFlow/Binaries/Win64/UnrealEditor.modules" 889
"../../../Engine/Plugins/Editor/EditorScriptingUtilities/Binaries/Win64/UnrealEditor.modules" 890
"../../../Engine/Plugins/FX/Niagara/Binaries/Win64/UnrealEditor.modules" 891
"../../../Engine/Plugins/Experimental/PythonScriptPlugin/Binaries/Win64/UnrealEditor.modules" 892
"../../../Engine/Plugins/Editor/ContentBrowser/ContentBrowserFileDataSource/Binaries/Win64/UnrealEditor.modules" 893
"../../../Engine/Plugins/Runtime/GameplayStateTree/Binaries/Win64/UnrealEditor.modules" 894
"../../../Engine/Plugins/Runtime/StateTree/Binaries/Win64/UnrealEditor.modules" 895
"../../../Engine/Plugins/Animation/GameplayInsights/Binaries/Win64/UnrealEditor.modules" 896
"../../../Engine/Plugins/Runtime/PropertyAccess/Binaries/Win64/UnrealEditor.modules" 897
"../../../Engine/Plugins/Runtime/PropertyBindingUtils/Binaries/Win64/UnrealEditor.modules" 898
"../../../Engine/Plugins/ChaosCloth/Binaries/Win64/UnrealEditor.modules" 899
"../../../Engine/Plugins/Experimental/ChaosCaching/Binaries/Win64/UnrealEditor.modules" 900
"../../../Engine/Plugins/VirtualProduction/Takes/Binaries/Win64/UnrealEditor.modules" 901
"../../../Engine/Plugins/Runtime/AudioCapture/Binaries/Win64/UnrealEditor.modules" 902
"../../../Engine/Plugins/MovieScene/LevelSequenceEditor/Binaries/Win64/UnrealEditor.modules" 903
"../../../Engine/Plugins/Developer/NamingTokens/Binaries/Win64/UnrealEditor.modules" 904
"../../../Engine/Plugins/MovieScene/SequencerScripting/Binaries/Win64/UnrealEditor.modules" 905
"../../../Engine/Plugins/Editor/EngineAssetDefinitions/Binaries/Win64/UnrealEditor.modules" 906
"../../../Engine/Plugins/ChaosInsights/Binaries/Win64/UnrealEditor.modules" 907
"../../../Engine/Plugins/ChaosVD/Binaries/Win64/UnrealEditor.modules" 908
"../../../Engine/Plugins/Experimental/EditorDataStorage/Binaries/Win64/UnrealEditor.modules" 909
"../../../Engine/Plugins/Experimental/EditorDataStorageFeatures/Binaries/Win64/UnrealEditor.modules" 910
"../../../Engine/Plugins/CmdLinkServer/Binaries/Win64/UnrealEditor.modules" 911
"../../../Engine/Plugins/EnhancedInput/Binaries/Win64/UnrealEditor.modules" 912
"../../../Engine/Plugins/Editor/DataValidation/Binaries/Win64/UnrealEditor.modules" 913
"../../../Engine/Plugins/FastBuildController/Binaries/Win64/UnrealEditor.modules" 914
"../../../Engine/Plugins/IoStoreInsights/Binaries/Win64/UnrealEditor.modules" 915
"../../../Engine/Plugins/MassInsights/Binaries/Win64/UnrealEditor.modules" 916
"../../../Engine/Plugins/MeshPainting/Binaries/Win64/UnrealEditor.modules" 917
"../../../Engine/Plugins/Interchange/Editor/Binaries/Win64/UnrealEditor.modules" 918
"../../../Engine/Plugins/Interchange/Runtime/Binaries/Win64/UnrealEditor.modules" 919
"../../../Engine/Plugins/Enterprise/VariantManagerContent/Binaries/Win64/UnrealEditor.modules" 920
"../../../Engine/Plugins/Enterprise/VariantManager/Binaries/Win64/UnrealEditor.modules" 921
"../../../Engine/Plugins/Interchange/Assets/Binaries/Win64/UnrealEditor.modules" 922
"../../../Engine/Plugins/RenderGraphInsights/Binaries/Win64/UnrealEditor.modules" 923
"../../../Engine/Plugins/TraceUtilities/Binaries/Win64/UnrealEditor.modules" 924
"../../../Engine/Plugins/UbaController/Binaries/Win64/UnrealEditor.modules" 925
"../../../Engine/Plugins/WorldMetrics/Binaries/Win64/UnrealEditor.modules" 926
"../../../Engine/Plugins/XGEController/Binaries/Win64/UnrealEditor.modules" 927
"../../../Engine/Plugins/Compression/OodleNetwork/Binaries/Win64/UnrealEditor.modules" 928
"../../../Engine/Plugins/Enterprise/DatasmithContent/Binaries/Win64/UnrealEditor.modules" 929
"../../../Engine/Plugins/Enterprise/GLTFExporter/Binaries/Win64/UnrealEditor.modules" 930
"../../../Engine/Plugins/Importers/AlembicImporter/Binaries/Win64/UnrealEditor.modules" 931
"../../../Engine/Plugins/Media/AndroidMedia/Binaries/Win64/UnrealEditor.modules" 932
"../../../Engine/Plugins/Media/AvfMedia/Binaries/Win64/UnrealEditor.modules" 933
"../../../Engine/Plugins/Media/ImgMedia/Binaries/Win64/UnrealEditor.modules" 934
"../../../Engine/Plugins/Media/MediaPlayerEditor/Binaries/Win64/UnrealEditor.modules" 935
"../../../Engine/Plugins/Media/MediaCompositing/Binaries/Win64/UnrealEditor.modules" 936
"../../../Engine/Plugins/Media/MediaPlate/Binaries/Win64/UnrealEditor.modules" 937
"../../../Engine/Plugins/Experimental/Compositing/CompositeCore/Binaries/Win64/UnrealEditor.modules" 938
"../../../Engine/Plugins/Media/WmfMedia/Binaries/Win64/UnrealEditor.modules" 939
"../../../Engine/Plugins/Messaging/TcpMessaging/Binaries/Win64/UnrealEditor.modules" 940
"../../../Engine/Plugins/Messaging/UdpMessaging/Binaries/Win64/UnrealEditor.modules" 941
"../../../Engine/Plugins/Online/OnlineBase/Binaries/Win64/UnrealEditor.modules" 942
"../../../Engine/Plugins/Online/OnlineSubsystem/Binaries/Win64/UnrealEditor.modules" 943
"../../../Engine/Plugins/Online/OnlineSubsystemNull/Binaries/Win64/UnrealEditor.modules" 944
"../../../Engine/Plugins/Online/OnlineSubsystemUtils/Binaries/Win64/UnrealEditor.modules" 945
"../../../Engine/Plugins/Online/OnlineServices/Binaries/Win64/UnrealEditor.modules" 946
"../../../Engine/Plugins/Portal/LauncherChunkInstaller/Binaries/Win64/UnrealEditor.modules" 947
"../../../Engine/Plugins/Tests/InterchangeTests/Binaries/Win64/UnrealEditor.modules" 948
"../../../Engine/Plugins/FX/Cascade/Binaries/Win64/UnrealEditor.modules" 949
"../../../Engine/Plugins/FX/NiagaraSimCaching/Binaries/Win64/UnrealEditor.modules" 950
"../../../Engine/Plugins/MetaHuman/MetaHumanSDK/Binaries/Win64/UnrealEditor.modules" 951
"../../../Engine/Plugins/Animation/ControlRig/Binaries/Win64/UnrealEditor.modules" 952
"../../../Engine/Plugins/Runtime/HairStrands/Binaries/Win64/UnrealEditor.modules" 953
"../../../Engine/Plugins/Animation/RigLogic/Binaries/Win64/UnrealEditor.modules" 954
"../../../Engine/Plugins/Online/EOSShared/Binaries/Win64/UnrealEditor.modules" 955
"../../../Engine/Plugins/Runtime/RigVM/Binaries/Win64/UnrealEditor.modules" 956
"../../../Engine/Plugins/Animation/TweeningUtils/Binaries/Win64/UnrealEditor.modules" 957
"../../../Engine/Plugins/Animation/DeformerGraph/Binaries/Win64/UnrealEditor.modules" 958
"../../../Engine/Plugins/Experimental/Dataflow/Binaries/Win64/UnrealEditor.modules" 959
"../../../Engine/Plugins/Runtime/ComputeFramework/Binaries/Win64/UnrealEditor.modules" 960
"../../../Engine/Plugins/Experimental/CharacterFXEditor/BaseCharacterFXEditor/Binaries/Win64/UnrealEditor.modules" 961
"../../../Engine/Plugins/Runtime/ProceduralMeshComponent/Binaries/Win64/UnrealEditor.modules" 962
"../../../Engine/Plugins/NNE/NNEDenoiser/Binaries/Win64/UnrealEditor.modules" 963
"../../../Engine/Plugins/NNE/NNERuntimeORT/Binaries/Win64/UnrealEditor.modules" 964
"../../../Engine/Plugins/2D/Paper2D/Binaries/Win64/UnrealEditor.modules" 965
"../../../Engine/Plugins/AI/AISupport/Binaries/Win64/UnrealEditor.modules" 966
"../../../Engine/Plugins/AI/EnvironmentQueryEditor/Binaries/Win64/UnrealEditor.modules" 967
"../../../Engine/Plugins/Animation/ACLPlugin/Binaries/Win64/UnrealEditor.modules" 968
"../../../Engine/Plugins/Animation/AnimationData/Binaries/Win64/UnrealEditor.modules" 969
"../../../Engine/Plugins/Animation/AnimationModifierLibrary/Binaries/Win64/UnrealEditor.modules" 970
"../../../Engine/Plugins/Animation/ControlRigSpline/Binaries/Win64/UnrealEditor.modules" 971
"../../../Engine/Plugins/Animation/BlendSpaceMotionAnalysis/Binaries/Win64/UnrealEditor.modules" 972
"../../../Engine/Plugins/Animation/IKRig/Binaries/Win64/UnrealEditor.modules" 973
"../../../Engine/Plugins/Experimental/FullBodyIK/Binaries/Win64/UnrealEditor.modules" 974
"../../../Engine/Plugins/Animation/SkeletalMeshModelingTools/Binaries/Win64/UnrealEditor.modules" 975
"../../../Engine/Plugins/Cameras/CameraShakePreviewer/Binaries/Win64/UnrealEditor.modules" 976
"../../../Engine/Plugins/Cameras/GameplayCameras/Binaries/Win64/UnrealEditor.modules" 977
"../../../Engine/Plugins/VirtualProduction/CameraCalibrationCore/Binaries/Win64/UnrealEditor.modules" 978
"../../../Engine/Plugins/MovieScene/TemplateSequence/Binaries/Win64/UnrealEditor.modules" 979
"../../../Engine/Plugins/Cameras/EngineCameras/Binaries/Win64/UnrealEditor.modules" 980
"../../../Engine/Plugins/Developer/AnimationSharing/Binaries/Win64/UnrealEditor.modules" 981
"../../../Engine/Plugins/Runtime/SignificanceManager/Binaries/Win64/UnrealEditor.modules" 982
"../../../Engine/Plugins/Developer/CLionSourceCodeAccess/Binaries/Win64/UnrealEditor.modules" 983
"../../../Engine/Plugins/Developer/DumpGPUServices/Binaries/Win64/UnrealEditor.modules" 984
"../../../Engine/Plugins/Developer/GitSourceControl/Binaries/Win64/UnrealEditor.modules" 985
"../../../Engine/Plugins/Developer/N10XSourceCodeAccess/Binaries/Win64/UnrealEditor.modules" 986
"../../../Engine/Plugins/Developer/PlasticSourceControl/Binaries/Win64/UnrealEditor.modules" 987
"../../../Engine/Plugins/Developer/PluginUtils/Binaries/Win64/UnrealEditor.modules" 988
"../../../Engine/Plugins/Developer/PixWinPlugin/Binaries/Win64/UnrealEditor.modules" 989
"../../../Engine/Plugins/Developer/ProjectLauncher/Binaries/Win64/UnrealEditor.modules" 990
"../../../Engine/Plugins/Developer/PerforceSourceControl/Binaries/Win64/UnrealEditor.modules" 991
"../../../Engine/Plugins/Developer/RenderDocPlugin/Binaries/Win64/UnrealEditor.modules" 992
"../../../Engine/Plugins/Developer/PropertyAccessNode/Binaries/Win64/UnrealEditor.modules" 993
"../../../Engine/Plugins/Developer/RiderSourceCodeAccess/Binaries/Win64/UnrealEditor.modules" 994
"../../../Engine/Plugins/Developer/SubversionSourceControl/Binaries/Win64/UnrealEditor.modules" 995
"../../../Engine/Plugins/Developer/TextureFormatOodle/Binaries/Win64/UnrealEditor.modules" 996
"../../../Engine/Plugins/Developer/VisualStudioCodeSourceCodeAccess/Binaries/Win64/UnrealEditor.modules" 997
"../../../Engine/Plugins/Developer/VisualStudioSourceCodeAccess/Binaries/Win64/UnrealEditor.modules" 998
"../../../Engine/Plugins/Developer/UObjectPlugin/Binaries/Win64/UnrealEditor.modules" 999
"../../../Engine/Plugins/Editor/BlueprintHeaderView/Binaries/Win64/UnrealEditor.modules" 1000
"../../../Engine/Plugins/Editor/AssetManagerEditor/Binaries/Win64/UnrealEditor.modules" 1001
"../../../Engine/Plugins/Editor/ContentBrowser/ContentBrowserAssetDataSource/Binaries/Win64/UnrealEditor.modules" 1002
"../../../Engine/Plugins/Editor/ChangelistReview/Binaries/Win64/UnrealEditor.modules" 1003
"../../../Engine/Plugins/Editor/ColorGrading/Binaries/Win64/UnrealEditor.modules" 1004
"../../../Engine/Plugins/Editor/ObjectMixer/ObjectMixer/Binaries/Win64/UnrealEditor.modules" 1005
"../../../Engine/Plugins/Editor/CryptoKeys/Binaries/Win64/UnrealEditor.modules" 1006
"../../../Engine/Plugins/Editor/CurveEditorTools/Binaries/Win64/UnrealEditor.modules" 1007
"../../../Engine/Plugins/Editor/EditorDebugTools/Binaries/Win64/UnrealEditor.modules" 1008
"../../../Engine/Plugins/Editor/FacialAnimation/Binaries/Win64/UnrealEditor.modules" 1009
"../../../Engine/Plugins/Editor/GeometryMode/Binaries/Win64/UnrealEditor.modules" 1010
"../../../Engine/Plugins/Editor/GameplayTagsEditor/Binaries/Win64/UnrealEditor.modules" 1011
"../../../Engine/Plugins/Editor/MaterialAnalyzer/Binaries/Win64/UnrealEditor.modules" 1012
"../../../Engine/Plugins/Editor/MobileLauncherProfileWizard/Binaries/Win64/UnrealEditor.modules" 1013
"../../../Engine/Plugins/Editor/PluginBrowser/Binaries/Win64/UnrealEditor.modules" 1014
"../../../Engine/Plugins/Editor/SequencerAnimTools/Binaries/Win64/UnrealEditor.modules" 1015
"../../../Engine/Plugins/Editor/SpeedTreeImporter/Binaries/Win64/UnrealEditor.modules" 1016
"../../../Engine/Plugins/Editor/UVEditor/Binaries/Win64/UnrealEditor.modules" 1017
"../../../Engine/Plugins/Editor/UMGWidgetPreview/Binaries/Win64/UnrealEditor.modules" 1018
"../../../Engine/Plugins/Experimental/AdvancedRenamer/Binaries/Win64/UnrealEditor.modules" 1019
"../../../Engine/Plugins/Editor/WorldPartitionHLODUtilities/Binaries/Win64/UnrealEditor.modules" 1020
"../../../Engine/Plugins/Experimental/AutomationUtils/Binaries/Win64/UnrealEditor.modules" 1021
"../../../Engine/Plugins/Experimental/BackChannel/Binaries/Win64/UnrealEditor.modules" 1022
"../../../Engine/Plugins/Experimental/ChaosEditor/Binaries/Win64/UnrealEditor.modules" 1023
"../../../Engine/Plugins/Experimental/GeometryCollectionPlugin/Binaries/Win64/UnrealEditor.modules" 1024
"../../../Engine/Plugins/Experimental/Fracture/Binaries/Win64/UnrealEditor.modules" 1025
"../../../Engine/Plugins/Experimental/ChaosSolverPlugin/Binaries/Win64/UnrealEditor.modules" 1026
"../../../Engine/Plugins/Experimental/GeometryDataflow/Binaries/Win64/UnrealEditor.modules" 1027
"../../../Engine/Plugins/Experimental/ChaosNiagara/Binaries/Win64/UnrealEditor.modules" 1028
"../../../Engine/Plugins/Experimental/ChaosUserDataPT/Binaries/Win64/UnrealEditor.modules" 1029
"../../../Engine/Plugins/Experimental/CharacterAI/Binaries/Win64/UnrealEditor.modules" 1030
"../../../Engine/Plugins/Experimental/EditorTelemetry/Binaries/Win64/UnrealEditor.modules" 1031
"../../../Engine/Plugins/Experimental/EditorPerformance/Binaries/Win64/UnrealEditor.modules" 1032
"../../../Engine/Plugins/Experimental/LocalizableMessage/Binaries/Win64/UnrealEditor.modules" 1033
"../../../Engine/Plugins/Experimental/LevelSequenceNavigatorBridge/Binaries/Win64/UnrealEditor.modules" 1034
"../../../Engine/Plugins/Experimental/SequenceNavigator/Binaries/Win64/UnrealEditor.modules" 1035
"../../../Engine/Plugins/Experimental/NFORDenoise/Binaries/Win64/UnrealEditor.modules" 1036
"../../../Engine/Plugins/Experimental/PlatformCrypto/Binaries/Win64/UnrealEditor.modules" 1037
"../../../Engine/Plugins/Experimental/RuntimeTelemetry/Binaries/Win64/UnrealEditor.modules" 1038
"../../../Engine/Plugins/Experimental/SkeletalReduction/Binaries/Win64/UnrealEditor.modules" 1039
"../../../Engine/Plugins/MovieScene/ActorSequence/Binaries/Win64/UnrealEditor.modules" 1040
"../../../Engine/Plugins/Runtime/ActorLayerUtilities/Binaries/Win64/UnrealEditor.modules" 1041
"../../../Engine/Plugins/Runtime/AndroidFileServer/Binaries/Win64/UnrealEditor.modules" 1042
"../../../Engine/Plugins/Runtime/AndroidDeviceProfileSelector/Binaries/Win64/UnrealEditor.modules" 1043
"../../../Engine/Plugins/Runtime/AndroidPermission/Binaries/Win64/UnrealEditor.modules" 1044
"../../../Engine/Plugins/Runtime/ArchVisCharacter/Binaries/Win64/UnrealEditor.modules" 1045
"../../../Engine/Plugins/Runtime/AppleImageUtils/Binaries/Win64/UnrealEditor.modules" 1046
"../../../Engine/Plugins/Runtime/AssetTags/Binaries/Win64/UnrealEditor.modules" 1047
"../../../Engine/Plugins/Runtime/ChunkDownloader/Binaries/Win64/UnrealEditor.modules" 1048
"../../../Engine/Plugins/Runtime/CableComponent/Binaries/Win64/UnrealEditor.modules" 1049
"../../../Engine/Plugins/Runtime/CustomMeshComponent/Binaries/Win64/UnrealEditor.modules" 1050
"../../../Engine/Plugins/Runtime/ExampleDeviceProfileSelector/Binaries/Win64/UnrealEditor.modules" 1051
"../../../Engine/Plugins/Runtime/GooglePAD/Binaries/Win64/UnrealEditor.modules" 1052
"../../../Engine/Plugins/Runtime/LocationServicesBPLibrary/Binaries/Win64/UnrealEditor.modules" 1053
"../../../Engine/Plugins/Runtime/InputDebugging/Binaries/Win64/UnrealEditor.modules" 1054
"../../../Engine/Plugins/Runtime/Metasound/Binaries/Win64/UnrealEditor.modules" 1055
"../../../Engine/Plugins/Runtime/AudioWidgets/Binaries/Win64/UnrealEditor.modules" 1056
"../../../Engine/Plugins/Runtime/AudioSynesthesia/Binaries/Win64/UnrealEditor.modules" 1057
"../../../Engine/Plugins/Runtime/WaveTable/Binaries/Win64/UnrealEditor.modules" 1058
"../../../Engine/Plugins/Runtime/MobilePatchingUtils/Binaries/Win64/UnrealEditor.modules" 1059
"../../../Engine/Plugins/Runtime/MsQuic/Binaries/Win64/UnrealEditor.modules" 1060
"../../../Engine/Plugins/Runtime/ResonanceAudio/Binaries/Win64/UnrealEditor.modules" 1061
"../../../Engine/Plugins/Runtime/SoundFields/Binaries/Win64/UnrealEditor.modules" 1062
"../../../Engine/Plugins/Runtime/Synthesis/Binaries/Win64/UnrealEditor.modules" 1063
"../../../Engine/Plugins/Runtime/WebMMoviePlayer/Binaries/Win64/UnrealEditor.modules" 1064
"../../../Engine/Plugins/Media/WebMMedia/Binaries/Win64/UnrealEditor.modules" 1065
"../../../Engine/Plugins/Runtime/WindowsMoviePlayer/Binaries/Win64/UnrealEditor.modules" 1066
"../../../Engine/Plugins/Runtime/WindowsDeviceProfileSelector/Binaries/Win64/UnrealEditor.modules" 1067
"../../../Engine/Plugins/Editor/ObjectMixer/LightMixer/Binaries/Win64/UnrealEditor.modules" 1068
"../../../Engine/Plugins/Editor/ContentBrowser/ContentBrowserClassDataSource/Binaries/Win64/UnrealEditor.modules" 1069
"../../../Engine/Plugins/Editor/Localization/PortableObjectFileDataSource/Binaries/Win64/UnrealEditor.modules" 1070
"../../../Engine/Plugins/Runtime/Windows/XInputDevice/Binaries/Win64/UnrealEditor.modules" 1071
"../../../Engine/Config/BaseSourceControlSettings.ini" 1072
"../../../Engine/Content/Internationalization/icudt64l/coll/ucadata.icu" 1073
"../../../Engine/Content/Internationalization/icudt64l/coll/en.res" 1074
"../../../Engine/Content/Internationalization/icudt64l/coll/root.res" 1075
"../../../Engine/Content/Certificates/ThirdParty/cacert.pem" 1076
"../../../Engine/Config/ConsoleVariables.ini" 1077
"../../../Engine/Binaries/Win64/Android/UnrealEditor.modules" 1078
"../../../Engine/Binaries/Win64/IOS/UnrealEditor.modules" 1079
"../../../Engine/Binaries/Win64/Linux/UnrealEditor.modules" 1080
"../../../Engine/Content/Localization/Editor/en/Editor.locres" 1081
"../../../Engine/Content/Localization/EditorTutorials/en/EditorTutorials.locres" 1082
"../../../Engine/Content/Localization/Keywords/en/Keywords.locres" 1083
"../../../Engine/Content/Localization/Category/en/Category.locres" 1084
"../../../Engine/Content/Localization/ToolTips/en/ToolTips.locres" 1085
"../../../Engine/Content/Localization/PropertyNames/en/PropertyNames.locres" 1086
"../../../Engine/Content/Localization/Engine/en/Engine.locres" 1087
"../../../Engine/Plugins/Online/OnlineSubsystem/Content/Localization/OnlineSubsystem/en/OnlineSubsystem.locres" 1088
"../../../Engine/Plugins/Online/OnlineSubsystemUtils/Content/Localization/OnlineSubsystemUtils/en/OnlineSubsystemUtils.locres" 1089
"../../../Engine/Plugins/MetaHuman/MetaHumanSDK/Content/Localization/MetaHumanSDK/en/MetaHumanSDK.locres" 1090
"../../../Engine/Plugins/Online/IOS/OnlineSubsystemIOS/Content/Localization/OnlineSubsystemIOS/en/OnlineSubsystemIOS.locres" 1091
"../../../Engine/Plugins/Online/Android/OnlineSubsystemGooglePlay/Content/Localization/OnlineSubsystemGooglePlay/en/OnlineSubsystemGooglePlay.locres" 1092
"../../../Engine/Content/Internationalization/icudt64l/numberingSystems.res" 1093
"../../../Engine/Content/Internationalization/icudt64l/curr/supplementalData.res" 1094
"../../../Engine/Content/Internationalization/icudt64l/curr/en_GB.res" 1095
"../../../Engine/Content/Internationalization/icudt64l/curr/pool.res" 1096
"../../../Engine/Content/Internationalization/icudt64l/curr/en_001.res" 1097
"../../../Engine/Content/Internationalization/icudt64l/curr/en.res" 1098
"../../../Engine/Content/Internationalization/icudt64l/curr/root.res" 1099
"../../../Engine/Content/Internationalization/icudt64l/lang/af.res" 1100
"../../../Engine/Content/Internationalization/icudt64l/region/af.res" 1101
"../../../Engine/Content/Internationalization/icudt64l/lang/agq.res" 1102
"../../../Engine/Content/Internationalization/icudt64l/region/agq.res" 1103
"../../../Engine/Content/Internationalization/icudt64l/lang/ak.res" 1104
"../../../Engine/Content/Internationalization/icudt64l/region/ak.res" 1105
"../../../Engine/Content/Internationalization/icudt64l/lang/am.res" 1106
"../../../Engine/Content/Internationalization/icudt64l/region/am.res" 1107
"../../../Engine/Content/Internationalization/icudt64l/lang/ar.res" 1108
"../../../Engine/Content/Internationalization/icudt64l/region/ar.res" 1109
"../../../Engine/Content/Internationalization/icudt64l/region/ar_AE.res" 1110
"../../../Engine/Content/Internationalization/icudt64l/lang/ar_EG.res" 1111
"../../../Engine/Content/Internationalization/icudt64l/lang/ar_LY.res" 1112
"../../../Engine/Content/Internationalization/icudt64l/region/ar_LY.res" 1113
"../../../Engine/Content/Internationalization/icudt64l/lang/ar_SA.res" 1114
"../../../Engine/Content/Internationalization/icudt64l/region/ar_SA.res" 1115
"../../../Engine/Content/Internationalization/icudt64l/lang/as.res" 1116
"../../../Engine/Content/Internationalization/icudt64l/region/as.res" 1117
"../../../Engine/Content/Internationalization/icudt64l/lang/asa.res" 1118
"../../../Engine/Content/Internationalization/icudt64l/region/asa.res" 1119
"../../../Engine/Content/Internationalization/icudt64l/lang/ast.res" 1120
"../../../Engine/Content/Internationalization/icudt64l/region/ast.res" 1121
"../../../Engine/Content/Internationalization/icudt64l/lang/az.res" 1122
"../../../Engine/Content/Internationalization/icudt64l/lang/az_Cyrl.res" 1123
"../../../Engine/Content/Internationalization/icudt64l/lang/az_AZ.res" 1124
"../../../Engine/Content/Internationalization/icudt64l/lang/az_Latn_AZ.res" 1125
"../../../Engine/Content/Internationalization/icudt64l/lang/az_Latn.res" 1126
"../../../Engine/Content/Internationalization/icudt64l/region/az_AZ.res" 1127
"../../../Engine/Content/Internationalization/icudt64l/region/az_Latn_AZ.res" 1128
"../../../Engine/Content/Internationalization/icudt64l/region/az_Latn.res" 1129
"../../../Engine/Content/Internationalization/icudt64l/region/az.res" 1130
"../../../Engine/Content/Internationalization/icudt64l/region/az_Cyrl.res" 1131
"../../../Engine/Content/Internationalization/icudt64l/lang/bas.res" 1132
"../../../Engine/Content/Internationalization/icudt64l/region/bas.res" 1133
"../../../Engine/Content/Internationalization/icudt64l/lang/be.res" 1134
"../../../Engine/Content/Internationalization/icudt64l/region/be.res" 1135
"../../../Engine/Content/Internationalization/icudt64l/lang/bem.res" 1136
"../../../Engine/Content/Internationalization/icudt64l/region/bem.res" 1137
"../../../Engine/Content/Internationalization/icudt64l/lang/bez.res" 1138
"../../../Engine/Content/Internationalization/icudt64l/region/bez.res" 1139
"../../../Engine/Content/Internationalization/icudt64l/lang/bg.res" 1140
"../../../Engine/Content/Internationalization/icudt64l/region/bg.res" 1141
"../../../Engine/Content/Internationalization/icudt64l/lang/bm.res" 1142
"../../../Engine/Content/Internationalization/icudt64l/region/bm.res" 1143
"../../../Engine/Content/Internationalization/icudt64l/lang/bn.res" 1144
"../../../Engine/Content/Internationalization/icudt64l/region/bn.res" 1145
"../../../Engine/Content/Internationalization/icudt64l/lang/bn_IN.res" 1146
"../../../Engine/Content/Internationalization/icudt64l/region/bn_IN.res" 1147
"../../../Engine/Content/Internationalization/icudt64l/lang/bo.res" 1148
"../../../Engine/Content/Internationalization/icudt64l/region/bo.res" 1149
"../../../Engine/Content/Internationalization/icudt64l/region/bo_IN.res" 1150
"../../../Engine/Content/Internationalization/icudt64l/lang/br.res" 1151
"../../../Engine/Content/Internationalization/icudt64l/region/br.res" 1152
"../../../Engine/Content/Internationalization/icudt64l/lang/brx.res" 1153
"../../../Engine/Content/Internationalization/icudt64l/region/brx.res" 1154
"../../../Engine/Content/Internationalization/icudt64l/lang/bs.res" 1155
"../../../Engine/Content/Internationalization/icudt64l/lang/bs_Cyrl.res" 1156
"../../../Engine/Content/Internationalization/icudt64l/lang/bs_BA.res" 1157
"../../../Engine/Content/Internationalization/icudt64l/lang/bs_Latn_BA.res" 1158
"../../../Engine/Content/Internationalization/icudt64l/lang/bs_Latn.res" 1159
"../../../Engine/Content/Internationalization/icudt64l/region/bs_BA.res" 1160
"../../../Engine/Content/Internationalization/icudt64l/region/bs_Latn_BA.res" 1161
"../../../Engine/Content/Internationalization/icudt64l/region/bs_Latn.res" 1162
"../../../Engine/Content/Internationalization/icudt64l/region/bs.res" 1163
"../../../Engine/Content/Internationalization/icudt64l/region/bs_Cyrl.res" 1164
"../../../Engine/Content/Internationalization/icudt64l/lang/ca.res" 1165
"../../../Engine/Content/Internationalization/icudt64l/region/ca.res" 1166
"../../../Engine/Content/Internationalization/icudt64l/lang/ccp.res" 1167
"../../../Engine/Content/Internationalization/icudt64l/region/ccp.res" 1168
"../../../Engine/Content/Internationalization/icudt64l/lang/ce.res" 1169
"../../../Engine/Content/Internationalization/icudt64l/region/ce.res" 1170
"../../../Engine/Content/Internationalization/icudt64l/lang/ceb.res" 1171
"../../../Engine/Content/Internationalization/icudt64l/region/ceb.res" 1172
"../../../Engine/Content/Internationalization/icudt64l/lang/cgg.res" 1173
"../../../Engine/Content/Internationalization/icudt64l/region/cgg.res" 1174
"../../../Engine/Content/Internationalization/icudt64l/lang/chr.res" 1175
"../../../Engine/Content/Internationalization/icudt64l/region/chr.res" 1176
"../../../Engine/Content/Internationalization/icudt64l/lang/ckb.res" 1177
"../../../Engine/Content/Internationalization/icudt64l/region/ckb.res" 1178
"../../../Engine/Content/Internationalization/icudt64l/lang/cs.res" 1179
"../../../Engine/Content/Internationalization/icudt64l/region/cs.res" 1180
"../../../Engine/Content/Internationalization/icudt64l/lang/cy.res" 1181
"../../../Engine/Content/Internationalization/icudt64l/region/cy.res" 1182
"../../../Engine/Content/Internationalization/icudt64l/lang/da.res" 1183
"../../../Engine/Content/Internationalization/icudt64l/region/da.res" 1184
"../../../Engine/Content/Internationalization/icudt64l/lang/dav.res" 1185
"../../../Engine/Content/Internationalization/icudt64l/region/dav.res" 1186
"../../../Engine/Content/Internationalization/icudt64l/lang/de.res" 1187
"../../../Engine/Content/Internationalization/icudt64l/lang/de_AT.res" 1188
"../../../Engine/Content/Internationalization/icudt64l/region/de_AT.res" 1189
"../../../Engine/Content/Internationalization/icudt64l/region/de.res" 1190
"../../../Engine/Content/Internationalization/icudt64l/lang/de_CH.res" 1191
"../../../Engine/Content/Internationalization/icudt64l/region/de_CH.res" 1192
"../../../Engine/Content/Internationalization/icudt64l/lang/de_LU.res" 1193
"../../../Engine/Content/Internationalization/icudt64l/lang/dje.res" 1194
"../../../Engine/Content/Internationalization/icudt64l/region/dje.res" 1195
"../../../Engine/Content/Internationalization/icudt64l/lang/dsb.res" 1196
"../../../Engine/Content/Internationalization/icudt64l/region/dsb.res" 1197
"../../../Engine/Content/Internationalization/icudt64l/lang/dua.res" 1198
"../../../Engine/Content/Internationalization/icudt64l/region/dua.res" 1199
"../../../Engine/Content/Internationalization/icudt64l/lang/dyo.res" 1200
"../../../Engine/Content/Internationalization/icudt64l/region/dyo.res" 1201
"../../../Engine/Content/Internationalization/icudt64l/lang/dz.res" 1202
"../../../Engine/Content/Internationalization/icudt64l/region/dz.res" 1203
"../../../Engine/Content/Internationalization/icudt64l/lang/ebu.res" 1204
"../../../Engine/Content/Internationalization/icudt64l/region/ebu.res" 1205
"../../../Engine/Content/Internationalization/icudt64l/lang/ee.res" 1206
"../../../Engine/Content/Internationalization/icudt64l/region/ee.res" 1207
"../../../Engine/Content/Internationalization/icudt64l/lang/el.res" 1208
"../../../Engine/Content/Internationalization/icudt64l/region/el.res" 1209
"../../../Engine/Content/Internationalization/icudt64l/lang/en_150.res" 1210
"../../../Engine/Content/Internationalization/icudt64l/region/en_150.res" 1211
"../../../Engine/Content/Internationalization/icudt64l/lang/en_AG.res" 1212
"../../../Engine/Content/Internationalization/icudt64l/region/en_AG.res" 1213
"../../../Engine/Content/Internationalization/icudt64l/lang/en_AI.res" 1214
"../../../Engine/Content/Internationalization/icudt64l/region/en_AI.res" 1215
"../../../Engine/Content/Internationalization/icudt64l/lang/en_AT.res" 1216
"../../../Engine/Content/Internationalization/icudt64l/region/en_AT.res" 1217
"../../../Engine/Content/Internationalization/icudt64l/lang/en_AU.res" 1218
"../../../Engine/Content/Internationalization/icudt64l/region/en_AU.res" 1219
"../../../Engine/Content/Internationalization/icudt64l/lang/en_BB.res" 1220
"../../../Engine/Content/Internationalization/icudt64l/region/en_BB.res" 1221
"../../../Engine/Content/Internationalization/icudt64l/lang/en_BE.res" 1222
"../../../Engine/Content/Internationalization/icudt64l/region/en_BE.res" 1223
"../../../Engine/Content/Internationalization/icudt64l/lang/en_BM.res" 1224
"../../../Engine/Content/Internationalization/icudt64l/region/en_BM.res" 1225
"../../../Engine/Content/Internationalization/icudt64l/lang/en_BS.res" 1226
"../../../Engine/Content/Internationalization/icudt64l/region/en_BS.res" 1227
"../../../Engine/Content/Internationalization/icudt64l/lang/en_BW.res" 1228
"../../../Engine/Content/Internationalization/icudt64l/region/en_BW.res" 1229
"../../../Engine/Content/Internationalization/icudt64l/lang/en_BZ.res" 1230
"../../../Engine/Content/Internationalization/icudt64l/region/en_BZ.res" 1231
"../../../Engine/Content/Internationalization/icudt64l/lang/en_CA.res" 1232
"../../../Engine/Content/Internationalization/icudt64l/region/en_CA.res" 1233
"../../../Engine/Content/Internationalization/icudt64l/lang/en_CC.res" 1234
"../../../Engine/Content/Internationalization/icudt64l/region/en_CC.res" 1235
"../../../Engine/Content/Internationalization/icudt64l/lang/en_CH.res" 1236
"../../../Engine/Content/Internationalization/icudt64l/region/en_CH.res" 1237
"../../../Engine/Content/Internationalization/icudt64l/lang/en_CK.res" 1238
"../../../Engine/Content/Internationalization/icudt64l/region/en_CK.res" 1239
"../../../Engine/Content/Internationalization/icudt64l/lang/en_CM.res" 1240
"../../../Engine/Content/Internationalization/icudt64l/region/en_CM.res" 1241
"../../../Engine/Content/Internationalization/icudt64l/lang/en_CX.res" 1242
"../../../Engine/Content/Internationalization/icudt64l/region/en_CX.res" 1243
"../../../Engine/Content/Internationalization/icudt64l/lang/en_CY.res" 1244
"../../../Engine/Content/Internationalization/icudt64l/region/en_CY.res" 1245
"../../../Engine/Content/Internationalization/icudt64l/lang/en_DE.res" 1246
"../../../Engine/Content/Internationalization/icudt64l/region/en_DE.res" 1247
"../../../Engine/Content/Internationalization/icudt64l/lang/en_DG.res" 1248
"../../../Engine/Content/Internationalization/icudt64l/region/en_DG.res" 1249
"../../../Engine/Content/Internationalization/icudt64l/lang/en_DK.res" 1250
"../../../Engine/Content/Internationalization/icudt64l/region/en_DK.res" 1251
"../../../Engine/Content/Internationalization/icudt64l/lang/en_DM.res" 1252
"../../../Engine/Content/Internationalization/icudt64l/region/en_DM.res" 1253
"../../../Engine/Content/Internationalization/icudt64l/lang/en_ER.res" 1254
"../../../Engine/Content/Internationalization/icudt64l/region/en_ER.res" 1255
"../../../Engine/Content/Internationalization/icudt64l/lang/en_FI.res" 1256
"../../../Engine/Content/Internationalization/icudt64l/region/en_FI.res" 1257
"../../../Engine/Content/Internationalization/icudt64l/lang/en_FJ.res" 1258
"../../../Engine/Content/Internationalization/icudt64l/region/en_FJ.res" 1259
"../../../Engine/Content/Internationalization/icudt64l/lang/en_FK.res" 1260
"../../../Engine/Content/Internationalization/icudt64l/region/en_FK.res" 1261
"../../../Engine/Content/Internationalization/icudt64l/lang/en_FM.res" 1262
"../../../Engine/Content/Internationalization/icudt64l/region/en_FM.res" 1263
"../../../Engine/Content/Internationalization/icudt64l/lang/en_GD.res" 1264
"../../../Engine/Content/Internationalization/icudt64l/region/en_GD.res" 1265
"../../../Engine/Content/Internationalization/icudt64l/lang/en_GG.res" 1266
"../../../Engine/Content/Internationalization/icudt64l/region/en_GG.res" 1267
"../../../Engine/Content/Internationalization/icudt64l/lang/en_GH.res" 1268
"../../../Engine/Content/Internationalization/icudt64l/region/en_GH.res" 1269
"../../../Engine/Content/Internationalization/icudt64l/lang/en_GI.res" 1270
"../../../Engine/Content/Internationalization/icudt64l/region/en_GI.res" 1271
"../../../Engine/Content/Internationalization/icudt64l/lang/en_GM.res" 1272
"../../../Engine/Content/Internationalization/icudt64l/region/en_GM.res" 1273
"../../../Engine/Content/Internationalization/icudt64l/lang/en_GY.res" 1274
"../../../Engine/Content/Internationalization/icudt64l/region/en_GY.res" 1275
"../../../Engine/Content/Internationalization/icudt64l/lang/en_HK.res" 1276
"../../../Engine/Content/Internationalization/icudt64l/region/en_HK.res" 1277
"../../../Engine/Content/Internationalization/icudt64l/lang/en_IE.res" 1278
"../../../Engine/Content/Internationalization/icudt64l/region/en_IE.res" 1279
"../../../Engine/Content/Internationalization/icudt64l/lang/en_IL.res" 1280
"../../../Engine/Content/Internationalization/icudt64l/region/en_IL.res" 1281
"../../../Engine/Content/Internationalization/icudt64l/lang/en_IM.res" 1282
"../../../Engine/Content/Internationalization/icudt64l/region/en_IM.res" 1283
"../../../Engine/Content/Internationalization/icudt64l/lang/en_IN.res" 1284
"../../../Engine/Content/Internationalization/icudt64l/region/en_IN.res" 1285
"../../../Engine/Content/Internationalization/icudt64l/lang/en_IO.res" 1286
"../../../Engine/Content/Internationalization/icudt64l/region/en_IO.res" 1287
"../../../Engine/Content/Internationalization/icudt64l/lang/en_JE.res" 1288
"../../../Engine/Content/Internationalization/icudt64l/region/en_JE.res" 1289
"../../../Engine/Content/Internationalization/icudt64l/lang/en_JM.res" 1290
"../../../Engine/Content/Internationalization/icudt64l/region/en_JM.res" 1291
"../../../Engine/Content/Internationalization/icudt64l/lang/en_KE.res" 1292
"../../../Engine/Content/Internationalization/icudt64l/region/en_KE.res" 1293
"../../../Engine/Content/Internationalization/icudt64l/lang/en_KI.res" 1294
"../../../Engine/Content/Internationalization/icudt64l/region/en_KI.res" 1295
"../../../Engine/Content/Internationalization/icudt64l/lang/en_KN.res" 1296
"../../../Engine/Content/Internationalization/icudt64l/region/en_KN.res" 1297
"../../../Engine/Content/Internationalization/icudt64l/lang/en_KY.res" 1298
"../../../Engine/Content/Internationalization/icudt64l/region/en_KY.res" 1299
"../../../Engine/Content/Internationalization/icudt64l/lang/en_LC.res" 1300
"../../../Engine/Content/Internationalization/icudt64l/region/en_LC.res" 1301
"../../../Engine/Content/Internationalization/icudt64l/lang/en_LR.res" 1302
"../../../Engine/Content/Internationalization/icudt64l/region/en_LR.res" 1303
"../../../Engine/Content/Internationalization/icudt64l/lang/en_LS.res" 1304
"../../../Engine/Content/Internationalization/icudt64l/region/en_LS.res" 1305
"../../../Engine/Content/Internationalization/icudt64l/lang/en_MG.res" 1306
"../../../Engine/Content/Internationalization/icudt64l/region/en_MG.res" 1307
"../../../Engine/Content/Internationalization/icudt64l/lang/en_MO.res" 1308
"../../../Engine/Content/Internationalization/icudt64l/region/en_MO.res" 1309
"../../../Engine/Content/Internationalization/icudt64l/lang/en_MS.res" 1310
"../../../Engine/Content/Internationalization/icudt64l/region/en_MS.res" 1311
"../../../Engine/Content/Internationalization/icudt64l/lang/en_MT.res" 1312
"../../../Engine/Content/Internationalization/icudt64l/region/en_MT.res" 1313
"../../../Engine/Content/Internationalization/icudt64l/lang/en_MU.res" 1314
"../../../Engine/Content/Internationalization/icudt64l/region/en_MU.res" 1315
"../../../Engine/Content/Internationalization/icudt64l/lang/en_MW.res" 1316
"../../../Engine/Content/Internationalization/icudt64l/region/en_MW.res" 1317
"../../../Engine/Content/Internationalization/icudt64l/lang/en_MY.res" 1318
"../../../Engine/Content/Internationalization/icudt64l/region/en_MY.res" 1319
"../../../Engine/Content/Internationalization/icudt64l/lang/en_NA.res" 1320
"../../../Engine/Content/Internationalization/icudt64l/region/en_NA.res" 1321
"../../../Engine/Content/Internationalization/icudt64l/lang/en_NF.res" 1322
"../../../Engine/Content/Internationalization/icudt64l/region/en_NF.res" 1323
"../../../Engine/Content/Internationalization/icudt64l/lang/en_NG.res" 1324
"../../../Engine/Content/Internationalization/icudt64l/region/en_NG.res" 1325
"../../../Engine/Content/Internationalization/icudt64l/lang/en_NL.res" 1326
"../../../Engine/Content/Internationalization/icudt64l/region/en_NL.res" 1327
"../../../Engine/Content/Internationalization/icudt64l/lang/en_NR.res" 1328
"../../../Engine/Content/Internationalization/icudt64l/region/en_NR.res" 1329
"../../../Engine/Content/Internationalization/icudt64l/lang/en_NU.res" 1330
"../../../Engine/Content/Internationalization/icudt64l/region/en_NU.res" 1331
"../../../Engine/Content/Internationalization/icudt64l/lang/en_NZ.res" 1332
"../../../Engine/Content/Internationalization/icudt64l/region/en_NZ.res" 1333
"../../../Engine/Content/Internationalization/icudt64l/lang/en_PG.res" 1334
"../../../Engine/Content/Internationalization/icudt64l/region/en_PG.res" 1335
"../../../Engine/Content/Internationalization/icudt64l/lang/en_PH.res" 1336
"../../../Engine/Content/Internationalization/icudt64l/region/en_PH.res" 1337
"../../../Engine/Content/Internationalization/icudt64l/lang/en_PK.res" 1338
"../../../Engine/Content/Internationalization/icudt64l/region/en_PK.res" 1339
"../../../Engine/Content/Internationalization/icudt64l/lang/en_PN.res" 1340
"../../../Engine/Content/Internationalization/icudt64l/region/en_PN.res" 1341
"../../../Engine/Content/Internationalization/icudt64l/lang/en_PW.res" 1342
"../../../Engine/Content/Internationalization/icudt64l/region/en_PW.res" 1343
"../../../Engine/Content/Internationalization/icudt64l/lang/en_RW.res" 1344
"../../../Engine/Content/Internationalization/icudt64l/region/en_RW.res" 1345
"../../../Engine/Content/Internationalization/icudt64l/lang/en_SB.res" 1346
"../../../Engine/Content/Internationalization/icudt64l/region/en_SB.res" 1347
"../../../Engine/Content/Internationalization/icudt64l/lang/en_SC.res" 1348
"../../../Engine/Content/Internationalization/icudt64l/region/en_SC.res" 1349
"../../../Engine/Content/Internationalization/icudt64l/lang/en_SD.res" 1350
"../../../Engine/Content/Internationalization/icudt64l/region/en_SD.res" 1351
"../../../Engine/Content/Internationalization/icudt64l/lang/en_SE.res" 1352
"../../../Engine/Content/Internationalization/icudt64l/region/en_SE.res" 1353
"../../../Engine/Content/Internationalization/icudt64l/lang/en_SG.res" 1354
"../../../Engine/Content/Internationalization/icudt64l/region/en_SG.res" 1355
"../../../Engine/Content/Internationalization/icudt64l/lang/en_SH.res" 1356
"../../../Engine/Content/Internationalization/icudt64l/region/en_SH.res" 1357
"../../../Engine/Content/Internationalization/icudt64l/lang/en_SI.res" 1358
"../../../Engine/Content/Internationalization/icudt64l/region/en_SI.res" 1359
"../../../Engine/Content/Internationalization/icudt64l/lang/en_SL.res" 1360
"../../../Engine/Content/Internationalization/icudt64l/region/en_SL.res" 1361
"../../../Engine/Content/Internationalization/icudt64l/lang/en_SS.res" 1362
"../../../Engine/Content/Internationalization/icudt64l/region/en_SS.res" 1363
"../../../Engine/Content/Internationalization/icudt64l/lang/en_SX.res" 1364
"../../../Engine/Content/Internationalization/icudt64l/region/en_SX.res" 1365
"../../../Engine/Content/Internationalization/icudt64l/lang/en_SZ.res" 1366
"../../../Engine/Content/Internationalization/icudt64l/region/en_SZ.res" 1367
"../../../Engine/Content/Internationalization/icudt64l/lang/en_TC.res" 1368
"../../../Engine/Content/Internationalization/icudt64l/region/en_TC.res" 1369
"../../../Engine/Content/Internationalization/icudt64l/lang/en_TK.res" 1370
"../../../Engine/Content/Internationalization/icudt64l/region/en_TK.res" 1371
"../../../Engine/Content/Internationalization/icudt64l/lang/en_TO.res" 1372
"../../../Engine/Content/Internationalization/icudt64l/region/en_TO.res" 1373
"../../../Engine/Content/Internationalization/icudt64l/lang/en_TT.res" 1374
"../../../Engine/Content/Internationalization/icudt64l/region/en_TT.res" 1375
"../../../Engine/Content/Internationalization/icudt64l/lang/en_TV.res" 1376
"../../../Engine/Content/Internationalization/icudt64l/region/en_TV.res" 1377
"../../../Engine/Content/Internationalization/icudt64l/lang/en_TZ.res" 1378
"../../../Engine/Content/Internationalization/icudt64l/region/en_TZ.res" 1379
"../../../Engine/Content/Internationalization/icudt64l/lang/en_UG.res" 1380
"../../../Engine/Content/Internationalization/icudt64l/region/en_UG.res" 1381
"../../../Engine/Content/Internationalization/icudt64l/lang/en_VC.res" 1382
"../../../Engine/Content/Internationalization/icudt64l/region/en_VC.res" 1383
"../../../Engine/Content/Internationalization/icudt64l/lang/en_VG.res" 1384
"../../../Engine/Content/Internationalization/icudt64l/region/en_VG.res" 1385
"../../../Engine/Content/Internationalization/icudt64l/lang/en_VU.res" 1386
"../../../Engine/Content/Internationalization/icudt64l/region/en_VU.res" 1387
"../../../Engine/Content/Internationalization/icudt64l/lang/en_WS.res" 1388
"../../../Engine/Content/Internationalization/icudt64l/region/en_WS.res" 1389
"../../../Engine/Content/Internationalization/icudt64l/lang/en_ZA.res" 1390
"../../../Engine/Content/Internationalization/icudt64l/region/en_ZA.res" 1391
"../../../Engine/Content/Internationalization/icudt64l/lang/en_ZM.res" 1392
"../../../Engine/Content/Internationalization/icudt64l/region/en_ZM.res" 1393
"../../../Engine/Content/Internationalization/icudt64l/lang/en_ZW.res" 1394
"../../../Engine/Content/Internationalization/icudt64l/region/en_ZW.res" 1395
"../../../Engine/Content/Internationalization/icudt64l/lang/eo.res" 1396
"../../../Engine/Content/Internationalization/icudt64l/region/eo.res" 1397
"../../../Engine/Content/Internationalization/icudt64l/lang/es.res" 1398
"../../../Engine/Content/Internationalization/icudt64l/lang/es_419.res" 1399
"../../../Engine/Content/Internationalization/icudt64l/region/es_419.res" 1400
"../../../Engine/Content/Internationalization/icudt64l/region/es.res" 1401
"../../../Engine/Content/Internationalization/icudt64l/lang/es_AR.res" 1402
"../../../Engine/Content/Internationalization/icudt64l/region/es_AR.res" 1403
"../../../Engine/Content/Internationalization/icudt64l/lang/es_BO.res" 1404
"../../../Engine/Content/Internationalization/icudt64l/region/es_BO.res" 1405
"../../../Engine/Content/Internationalization/icudt64l/lang/es_BR.res" 1406
"../../../Engine/Content/Internationalization/icudt64l/region/es_BR.res" 1407
"../../../Engine/Content/Internationalization/icudt64l/lang/es_BZ.res" 1408
"../../../Engine/Content/Internationalization/icudt64l/region/es_BZ.res" 1409
"../../../Engine/Content/Internationalization/icudt64l/lang/es_CL.res" 1410
"../../../Engine/Content/Internationalization/icudt64l/region/es_CL.res" 1411
"../../../Engine/Content/Internationalization/icudt64l/lang/es_CO.res" 1412
"../../../Engine/Content/Internationalization/icudt64l/region/es_CO.res" 1413
"../../../Engine/Content/Internationalization/icudt64l/lang/es_CR.res" 1414
"../../../Engine/Content/Internationalization/icudt64l/region/es_CR.res" 1415
"../../../Engine/Content/Internationalization/icudt64l/lang/es_CU.res" 1416
"../../../Engine/Content/Internationalization/icudt64l/region/es_CU.res" 1417
"../../../Engine/Content/Internationalization/icudt64l/lang/es_DO.res" 1418
"../../../Engine/Content/Internationalization/icudt64l/region/es_DO.res" 1419
"../../../Engine/Content/Internationalization/icudt64l/lang/es_EC.res" 1420
"../../../Engine/Content/Internationalization/icudt64l/region/es_EC.res" 1421
"../../../Engine/Content/Internationalization/icudt64l/lang/es_GT.res" 1422
"../../../Engine/Content/Internationalization/icudt64l/region/es_GT.res" 1423
"../../../Engine/Content/Internationalization/icudt64l/lang/es_HN.res" 1424
"../../../Engine/Content/Internationalization/icudt64l/region/es_HN.res" 1425
"../../../Engine/Content/Internationalization/icudt64l/lang/es_MX.res" 1426
"../../../Engine/Content/Internationalization/icudt64l/region/es_MX.res" 1427
"../../../Engine/Content/Internationalization/icudt64l/lang/es_NI.res" 1428
"../../../Engine/Content/Internationalization/icudt64l/region/es_NI.res" 1429
"../../../Engine/Content/Internationalization/icudt64l/lang/es_PA.res" 1430
"../../../Engine/Content/Internationalization/icudt64l/region/es_PA.res" 1431
"../../../Engine/Content/Internationalization/icudt64l/lang/es_PE.res" 1432
"../../../Engine/Content/Internationalization/icudt64l/region/es_PE.res" 1433
"../../../Engine/Content/Internationalization/icudt64l/lang/es_PR.res" 1434
"../../../Engine/Content/Internationalization/icudt64l/region/es_PR.res" 1435
"../../../Engine/Content/Internationalization/icudt64l/lang/es_PY.res" 1436
"../../../Engine/Content/Internationalization/icudt64l/region/es_PY.res" 1437
"../../../Engine/Content/Internationalization/icudt64l/lang/es_SV.res" 1438
"../../../Engine/Content/Internationalization/icudt64l/region/es_SV.res" 1439
"../../../Engine/Content/Internationalization/icudt64l/lang/es_US.res" 1440
"../../../Engine/Content/Internationalization/icudt64l/region/es_US.res" 1441
"../../../Engine/Content/Internationalization/icudt64l/lang/es_UY.res" 1442
"../../../Engine/Content/Internationalization/icudt64l/region/es_UY.res" 1443
"../../../Engine/Content/Internationalization/icudt64l/lang/es_VE.res" 1444
"../../../Engine/Content/Internationalization/icudt64l/region/es_VE.res" 1445
"../../../Engine/Content/Internationalization/icudt64l/lang/et.res" 1446
"../../../Engine/Content/Internationalization/icudt64l/region/et.res" 1447
"../../../Engine/Content/Internationalization/icudt64l/lang/eu.res" 1448
"../../../Engine/Content/Internationalization/icudt64l/region/eu.res" 1449
"../../../Engine/Content/Internationalization/icudt64l/lang/ewo.res" 1450
"../../../Engine/Content/Internationalization/icudt64l/region/ewo.res" 1451
"../../../Engine/Content/Internationalization/icudt64l/lang/fa.res" 1452
"../../../Engine/Content/Internationalization/icudt64l/lang/fa_AF.res" 1453
"../../../Engine/Content/Internationalization/icudt64l/region/fa_AF.res" 1454
"../../../Engine/Content/Internationalization/icudt64l/region/fa.res" 1455
"../../../Engine/Content/Internationalization/icudt64l/lang/ff.res" 1456
"../../../Engine/Content/Internationalization/icudt64l/lang/ff_Latn.res" 1457
"../../../Engine/Content/Internationalization/icudt64l/region/ff.res" 1458
"../../../Engine/Content/Internationalization/icudt64l/region/ff_Latn.res" 1459
"../../../Engine/Content/Internationalization/icudt64l/lang/ff_CM.res" 1460
"../../../Engine/Content/Internationalization/icudt64l/lang/ff_Latn_CM.res" 1461
"../../../Engine/Content/Internationalization/icudt64l/region/ff_CM.res" 1462
"../../../Engine/Content/Internationalization/icudt64l/region/ff_Latn_CM.res" 1463
"../../../Engine/Content/Internationalization/icudt64l/lang/ff_GN.res" 1464
"../../../Engine/Content/Internationalization/icudt64l/lang/ff_Latn_GN.res" 1465
"../../../Engine/Content/Internationalization/icudt64l/region/ff_GN.res" 1466
"../../../Engine/Content/Internationalization/icudt64l/region/ff_Latn_GN.res" 1467
"../../../Engine/Content/Internationalization/icudt64l/lang/ff_MR.res" 1468
"../../../Engine/Content/Internationalization/icudt64l/lang/ff_Latn_MR.res" 1469
"../../../Engine/Content/Internationalization/icudt64l/region/ff_MR.res" 1470
"../../../Engine/Content/Internationalization/icudt64l/region/ff_Latn_MR.res" 1471
"../../../Engine/Content/Internationalization/icudt64l/lang/ff_SN.res" 1472
"../../../Engine/Content/Internationalization/icudt64l/lang/ff_Latn_SN.res" 1473
"../../../Engine/Content/Internationalization/icudt64l/region/ff_SN.res" 1474
"../../../Engine/Content/Internationalization/icudt64l/region/ff_Latn_SN.res" 1475
"../../../Engine/Content/Internationalization/icudt64l/lang/fi.res" 1476
"../../../Engine/Content/Internationalization/icudt64l/region/fi.res" 1477
"../../../Engine/Content/Internationalization/icudt64l/lang/fil.res" 1478
"../../../Engine/Content/Internationalization/icudt64l/lang/fil_PH.res" 1479
"../../../Engine/Content/Internationalization/icudt64l/region/fil_PH.res" 1480
"../../../Engine/Content/Internationalization/icudt64l/region/fil.res" 1481
"../../../Engine/Content/Internationalization/icudt64l/lang/fo.res" 1482
"../../../Engine/Content/Internationalization/icudt64l/region/fo.res" 1483
"../../../Engine/Content/Internationalization/icudt64l/lang/fr.res" 1484
"../../../Engine/Content/Internationalization/icudt64l/lang/fr_BE.res" 1485
"../../../Engine/Content/Internationalization/icudt64l/region/fr_BE.res" 1486
"../../../Engine/Content/Internationalization/icudt64l/region/fr.res" 1487
"../../../Engine/Content/Internationalization/icudt64l/lang/fr_CA.res" 1488
"../../../Engine/Content/Internationalization/icudt64l/region/fr_CA.res" 1489
"../../../Engine/Content/Internationalization/icudt64l/lang/fr_CH.res" 1490
"../../../Engine/Content/Internationalization/icudt64l/lang/fur.res" 1491
"../../../Engine/Content/Internationalization/icudt64l/region/fur.res" 1492
"../../../Engine/Content/Internationalization/icudt64l/lang/fy.res" 1493
"../../../Engine/Content/Internationalization/icudt64l/region/fy.res" 1494
"../../../Engine/Content/Internationalization/icudt64l/lang/ga.res" 1495
"../../../Engine/Content/Internationalization/icudt64l/region/ga.res" 1496
"../../../Engine/Content/Internationalization/icudt64l/lang/gd.res" 1497
"../../../Engine/Content/Internationalization/icudt64l/region/gd.res" 1498
"../../../Engine/Content/Internationalization/icudt64l/lang/gl.res" 1499
"../../../Engine/Content/Internationalization/icudt64l/region/gl.res" 1500
"../../../Engine/Content/Internationalization/icudt64l/lang/gsw.res" 1501
"../../../Engine/Content/Internationalization/icudt64l/region/gsw.res" 1502
"../../../Engine/Content/Internationalization/icudt64l/lang/gu.res" 1503
"../../../Engine/Content/Internationalization/icudt64l/region/gu.res" 1504
"../../../Engine/Content/Internationalization/icudt64l/lang/guz.res" 1505
"../../../Engine/Content/Internationalization/icudt64l/region/guz.res" 1506
"../../../Engine/Content/Internationalization/icudt64l/lang/gv.res" 1507
"../../../Engine/Content/Internationalization/icudt64l/region/gv.res" 1508
"../../../Engine/Content/Internationalization/icudt64l/lang/ha.res" 1509
"../../../Engine/Content/Internationalization/icudt64l/region/ha.res" 1510
"../../../Engine/Content/Internationalization/icudt64l/lang/ha_NE.res" 1511
"../../../Engine/Content/Internationalization/icudt64l/region/ha_NE.res" 1512
"../../../Engine/Content/Internationalization/icudt64l/lang/haw.res" 1513
"../../../Engine/Content/Internationalization/icudt64l/region/haw.res" 1514
"../../../Engine/Content/Internationalization/icudt64l/lang/he.res" 1515
"../../../Engine/Content/Internationalization/icudt64l/lang/he_IL.res" 1516
"../../../Engine/Content/Internationalization/icudt64l/region/he_IL.res" 1517
"../../../Engine/Content/Internationalization/icudt64l/region/he.res" 1518
"../../../Engine/Content/Internationalization/icudt64l/lang/hi.res" 1519
"../../../Engine/Content/Internationalization/icudt64l/region/hi.res" 1520
"../../../Engine/Content/Internationalization/icudt64l/lang/hr.res" 1521
"../../../Engine/Content/Internationalization/icudt64l/region/hr.res" 1522
"../../../Engine/Content/Internationalization/icudt64l/lang/hsb.res" 1523
"../../../Engine/Content/Internationalization/icudt64l/region/hsb.res" 1524
"../../../Engine/Content/Internationalization/icudt64l/lang/hu.res" 1525
"../../../Engine/Content/Internationalization/icudt64l/region/hu.res" 1526
"../../../Engine/Content/Internationalization/icudt64l/lang/hy.res" 1527
"../../../Engine/Content/Internationalization/icudt64l/region/hy.res" 1528
"../../../Engine/Content/Internationalization/icudt64l/lang/ia.res" 1529
"../../../Engine/Content/Internationalization/icudt64l/region/ia.res" 1530
"../../../Engine/Content/Internationalization/icudt64l/lang/id.res" 1531
"../../../Engine/Content/Internationalization/icudt64l/lang/id_ID.res" 1532
"../../../Engine/Content/Internationalization/icudt64l/region/id_ID.res" 1533
"../../../Engine/Content/Internationalization/icudt64l/region/id.res" 1534
"../../../Engine/Content/Internationalization/icudt64l/lang/ig.res" 1535
"../../../Engine/Content/Internationalization/icudt64l/region/ig.res" 1536
"../../../Engine/Content/Internationalization/icudt64l/lang/ii.res" 1537
"../../../Engine/Content/Internationalization/icudt64l/region/ii.res" 1538
"../../../Engine/Content/Internationalization/icudt64l/lang/is.res" 1539
"../../../Engine/Content/Internationalization/icudt64l/region/is.res" 1540
"../../../Engine/Content/Internationalization/icudt64l/lang/it.res" 1541
"../../../Engine/Content/Internationalization/icudt64l/region/it.res" 1542
"../../../Engine/Content/Internationalization/icudt64l/lang/ja.res" 1543
"../../../Engine/Content/Internationalization/icudt64l/lang/ja_JP.res" 1544
"../../../Engine/Content/Internationalization/icudt64l/region/ja_JP.res" 1545
"../../../Engine/Content/Internationalization/icudt64l/region/ja.res" 1546
"../../../Engine/Content/Internationalization/icudt64l/lang/jgo.res" 1547
"../../../Engine/Content/Internationalization/icudt64l/region/jgo.res" 1548
"../../../Engine/Content/Internationalization/icudt64l/lang/jmc.res" 1549
"../../../Engine/Content/Internationalization/icudt64l/region/jmc.res" 1550
"../../../Engine/Content/Internationalization/icudt64l/lang/jv.res" 1551
"../../../Engine/Content/Internationalization/icudt64l/region/jv.res" 1552
"../../../Engine/Content/Internationalization/icudt64l/lang/ka.res" 1553
"../../../Engine/Content/Internationalization/icudt64l/region/ka.res" 1554
"../../../Engine/Content/Internationalization/icudt64l/lang/kab.res" 1555
"../../../Engine/Content/Internationalization/icudt64l/region/kab.res" 1556
"../../../Engine/Content/Internationalization/icudt64l/lang/kam.res" 1557
"../../../Engine/Content/Internationalization/icudt64l/region/kam.res" 1558
"../../../Engine/Content/Internationalization/icudt64l/lang/kde.res" 1559
"../../../Engine/Content/Internationalization/icudt64l/region/kde.res" 1560
"../../../Engine/Content/Internationalization/icudt64l/lang/kea.res" 1561
"../../../Engine/Content/Internationalization/icudt64l/region/kea.res" 1562
"../../../Engine/Content/Internationalization/icudt64l/lang/khq.res" 1563
"../../../Engine/Content/Internationalization/icudt64l/region/khq.res" 1564
"../../../Engine/Content/Internationalization/icudt64l/lang/ki.res" 1565
"../../../Engine/Content/Internationalization/icudt64l/region/ki.res" 1566
"../../../Engine/Content/Internationalization/icudt64l/lang/kk.res" 1567
"../../../Engine/Content/Internationalization/icudt64l/region/kk.res" 1568
"../../../Engine/Content/Internationalization/icudt64l/lang/kkj.res" 1569
"../../../Engine/Content/Internationalization/icudt64l/region/kkj.res" 1570
"../../../Engine/Content/Internationalization/icudt64l/lang/kl.res" 1571
"../../../Engine/Content/Internationalization/icudt64l/region/kl.res" 1572
"../../../Engine/Content/Internationalization/icudt64l/lang/kln.res" 1573
"../../../Engine/Content/Internationalization/icudt64l/region/kln.res" 1574
"../../../Engine/Content/Internationalization/icudt64l/lang/km.res" 1575
"../../../Engine/Content/Internationalization/icudt64l/region/km.res" 1576
"../../../Engine/Content/Internationalization/icudt64l/lang/kn.res" 1577
"../../../Engine/Content/Internationalization/icudt64l/region/kn.res" 1578
"../../../Engine/Content/Internationalization/icudt64l/lang/ko.res" 1579
"../../../Engine/Content/Internationalization/icudt64l/region/ko_KP.res" 1580
"../../../Engine/Content/Internationalization/icudt64l/region/ko.res" 1581
"../../../Engine/Content/Internationalization/icudt64l/lang/kok.res" 1582
"../../../Engine/Content/Internationalization/icudt64l/region/kok.res" 1583
"../../../Engine/Content/Internationalization/icudt64l/lang/ks.res" 1584
"../../../Engine/Content/Internationalization/icudt64l/region/ks.res" 1585
"../../../Engine/Content/Internationalization/icudt64l/lang/ksb.res" 1586
"../../../Engine/Content/Internationalization/icudt64l/region/ksb.res" 1587
"../../../Engine/Content/Internationalization/icudt64l/lang/ksf.res" 1588
"../../../Engine/Content/Internationalization/icudt64l/region/ksf.res" 1589
"../../../Engine/Content/Internationalization/icudt64l/lang/ksh.res" 1590
"../../../Engine/Content/Internationalization/icudt64l/region/ksh.res" 1591
"../../../Engine/Content/Internationalization/icudt64l/lang/ku.res" 1592
"../../../Engine/Content/Internationalization/icudt64l/region/ku.res" 1593
"../../../Engine/Content/Internationalization/icudt64l/lang/kw.res" 1594
"../../../Engine/Content/Internationalization/icudt64l/region/kw.res" 1595
"../../../Engine/Content/Internationalization/icudt64l/lang/ky.res" 1596
"../../../Engine/Content/Internationalization/icudt64l/region/ky.res" 1597
"../../../Engine/Content/Internationalization/icudt64l/lang/lag.res" 1598
"../../../Engine/Content/Internationalization/icudt64l/region/lag.res" 1599
"../../../Engine/Content/Internationalization/icudt64l/lang/lb.res" 1600
"../../../Engine/Content/Internationalization/icudt64l/region/lb.res" 1601
"../../../Engine/Content/Internationalization/icudt64l/lang/lg.res" 1602
"../../../Engine/Content/Internationalization/icudt64l/region/lg.res" 1603
"../../../Engine/Content/Internationalization/icudt64l/lang/lkt.res" 1604
"../../../Engine/Content/Internationalization/icudt64l/region/lkt.res" 1605
"../../../Engine/Content/Internationalization/icudt64l/lang/ln.res" 1606
"../../../Engine/Content/Internationalization/icudt64l/region/ln.res" 1607
"../../../Engine/Content/Internationalization/icudt64l/lang/lo.res" 1608
"../../../Engine/Content/Internationalization/icudt64l/region/lo.res" 1609
"../../../Engine/Content/Internationalization/icudt64l/lang/lrc.res" 1610
"../../../Engine/Content/Internationalization/icudt64l/region/lrc.res" 1611
"../../../Engine/Content/Internationalization/icudt64l/lang/lt.res" 1612
"../../../Engine/Content/Internationalization/icudt64l/region/lt.res" 1613
"../../../Engine/Content/Internationalization/icudt64l/lang/lu.res" 1614
"../../../Engine/Content/Internationalization/icudt64l/region/lu.res" 1615
"../../../Engine/Content/Internationalization/icudt64l/lang/luo.res" 1616
"../../../Engine/Content/Internationalization/icudt64l/region/luo.res" 1617
"../../../Engine/Content/Internationalization/icudt64l/lang/luy.res" 1618
"../../../Engine/Content/Internationalization/icudt64l/region/luy.res" 1619
"../../../Engine/Content/Internationalization/icudt64l/lang/lv.res" 1620
"../../../Engine/Content/Internationalization/icudt64l/region/lv.res" 1621
"../../../Engine/Content/Internationalization/icudt64l/lang/mas.res" 1622
"../../../Engine/Content/Internationalization/icudt64l/region/mas.res" 1623
"../../../Engine/Content/Internationalization/icudt64l/lang/mer.res" 1624
"../../../Engine/Content/Internationalization/icudt64l/region/mer.res" 1625
"../../../Engine/Content/Internationalization/icudt64l/lang/mfe.res" 1626
"../../../Engine/Content/Internationalization/icudt64l/region/mfe.res" 1627
"../../../Engine/Content/Internationalization/icudt64l/lang/mg.res" 1628
"../../../Engine/Content/Internationalization/icudt64l/region/mg.res" 1629
"../../../Engine/Content/Internationalization/icudt64l/lang/mgh.res" 1630
"../../../Engine/Content/Internationalization/icudt64l/region/mgh.res" 1631
"../../../Engine/Content/Internationalization/icudt64l/lang/mgo.res" 1632
"../../../Engine/Content/Internationalization/icudt64l/region/mgo.res" 1633
"../../../Engine/Content/Internationalization/icudt64l/lang/mi.res" 1634
"../../../Engine/Content/Internationalization/icudt64l/region/mi.res" 1635
"../../../Engine/Content/Internationalization/icudt64l/lang/mk.res" 1636
"../../../Engine/Content/Internationalization/icudt64l/region/mk.res" 1637
"../../../Engine/Content/Internationalization/icudt64l/lang/ml.res" 1638
"../../../Engine/Content/Internationalization/icudt64l/region/ml.res" 1639
"../../../Engine/Content/Internationalization/icudt64l/lang/mn.res" 1640
"../../../Engine/Content/Internationalization/icudt64l/region/mn.res" 1641
"../../../Engine/Content/Internationalization/icudt64l/lang/mr.res" 1642
"../../../Engine/Content/Internationalization/icudt64l/region/mr.res" 1643
"../../../Engine/Content/Internationalization/icudt64l/lang/ms.res" 1644
"../../../Engine/Content/Internationalization/icudt64l/region/ms.res" 1645
"../../../Engine/Content/Internationalization/icudt64l/lang/mt.res" 1646
"../../../Engine/Content/Internationalization/icudt64l/region/mt.res" 1647
"../../../Engine/Content/Internationalization/icudt64l/lang/mua.res" 1648
"../../../Engine/Content/Internationalization/icudt64l/region/mua.res" 1649
"../../../Engine/Content/Internationalization/icudt64l/lang/my.res" 1650
"../../../Engine/Content/Internationalization/icudt64l/region/my.res" 1651
"../../../Engine/Content/Internationalization/icudt64l/lang/mzn.res" 1652
"../../../Engine/Content/Internationalization/icudt64l/region/mzn.res" 1653
"../../../Engine/Content/Internationalization/icudt64l/lang/naq.res" 1654
"../../../Engine/Content/Internationalization/icudt64l/region/naq.res" 1655
"../../../Engine/Content/Internationalization/icudt64l/lang/nb.res" 1656
"../../../Engine/Content/Internationalization/icudt64l/lang/nb_NO.res" 1657
"../../../Engine/Content/Internationalization/icudt64l/region/nb_NO.res" 1658
"../../../Engine/Content/Internationalization/icudt64l/region/nb.res" 1659
"../../../Engine/Content/Internationalization/icudt64l/lang/nd.res" 1660
"../../../Engine/Content/Internationalization/icudt64l/region/nd.res" 1661
"../../../Engine/Content/Internationalization/icudt64l/lang/nds.res" 1662
"../../../Engine/Content/Internationalization/icudt64l/region/nds.res" 1663
"../../../Engine/Content/Internationalization/icudt64l/lang/ne.res" 1664
"../../../Engine/Content/Internationalization/icudt64l/region/ne.res" 1665
"../../../Engine/Content/Internationalization/icudt64l/lang/nl.res" 1666
"../../../Engine/Content/Internationalization/icudt64l/region/nl.res" 1667
"../../../Engine/Content/Internationalization/icudt64l/lang/nmg.res" 1668
"../../../Engine/Content/Internationalization/icudt64l/region/nmg.res" 1669
"../../../Engine/Content/Internationalization/icudt64l/lang/nn.res" 1670
"../../../Engine/Content/Internationalization/icudt64l/lang/nn_NO.res" 1671
"../../../Engine/Content/Internationalization/icudt64l/region/nn_NO.res" 1672
"../../../Engine/Content/Internationalization/icudt64l/region/nn.res" 1673
"../../../Engine/Content/Internationalization/icudt64l/lang/nnh.res" 1674
"../../../Engine/Content/Internationalization/icudt64l/region/nnh.res" 1675
"../../../Engine/Content/Internationalization/icudt64l/lang/nus.res" 1676
"../../../Engine/Content/Internationalization/icudt64l/region/nus.res" 1677
"../../../Engine/Content/Internationalization/icudt64l/lang/nyn.res" 1678
"../../../Engine/Content/Internationalization/icudt64l/region/nyn.res" 1679
"../../../Engine/Content/Internationalization/icudt64l/lang/om.res" 1680
"../../../Engine/Content/Internationalization/icudt64l/region/om.res" 1681
"../../../Engine/Content/Internationalization/icudt64l/lang/or.res" 1682
"../../../Engine/Content/Internationalization/icudt64l/region/or.res" 1683
"../../../Engine/Content/Internationalization/icudt64l/lang/os.res" 1684
"../../../Engine/Content/Internationalization/icudt64l/region/os.res" 1685
"../../../Engine/Content/Internationalization/icudt64l/lang/pa.res" 1686
"../../../Engine/Content/Internationalization/icudt64l/lang/pa_Arab.res" 1687
"../../../Engine/Content/Internationalization/icudt64l/lang/pa_PK.res" 1688
"../../../Engine/Content/Internationalization/icudt64l/lang/pa_Arab_PK.res" 1689
"../../../Engine/Content/Internationalization/icudt64l/region/pa_PK.res" 1690
"../../../Engine/Content/Internationalization/icudt64l/region/pa_Arab_PK.res" 1691
"../../../Engine/Content/Internationalization/icudt64l/region/pa_Arab.res" 1692
"../../../Engine/Content/Internationalization/icudt64l/lang/pa_Guru.res" 1693
"../../../Engine/Content/Internationalization/icudt64l/lang/pa_IN.res" 1694
"../../../Engine/Content/Internationalization/icudt64l/lang/pa_Guru_IN.res" 1695
"../../../Engine/Content/Internationalization/icudt64l/region/pa_IN.res" 1696
"../../../Engine/Content/Internationalization/icudt64l/region/pa_Guru_IN.res" 1697
"../../../Engine/Content/Internationalization/icudt64l/region/pa_Guru.res" 1698
"../../../Engine/Content/Internationalization/icudt64l/region/pa.res" 1699
"../../../Engine/Content/Internationalization/icudt64l/lang/pl.res" 1700
"../../../Engine/Content/Internationalization/icudt64l/region/pl.res" 1701
"../../../Engine/Content/Internationalization/icudt64l/lang/ps.res" 1702
"../../../Engine/Content/Internationalization/icudt64l/region/ps.res" 1703
"../../../Engine/Content/Internationalization/icudt64l/lang/ps_PK.res" 1704
"../../../Engine/Content/Internationalization/icudt64l/region/ps_PK.res" 1705
"../../../Engine/Content/Internationalization/icudt64l/lang/pt.res" 1706
"../../../Engine/Content/Internationalization/icudt64l/lang/pt_AO.res" 1707
"../../../Engine/Content/Internationalization/icudt64l/lang/pt_PT.res" 1708
"../../../Engine/Content/Internationalization/icudt64l/region/pt_AO.res" 1709
"../../../Engine/Content/Internationalization/icudt64l/region/pt_PT.res" 1710
"../../../Engine/Content/Internationalization/icudt64l/region/pt.res" 1711
"../../../Engine/Content/Internationalization/icudt64l/lang/pt_CH.res" 1712
"../../../Engine/Content/Internationalization/icudt64l/region/pt_CH.res" 1713
"../../../Engine/Content/Internationalization/icudt64l/lang/pt_CV.res" 1714
"../../../Engine/Content/Internationalization/icudt64l/region/pt_CV.res" 1715
"../../../Engine/Content/Internationalization/icudt64l/lang/pt_GQ.res" 1716
"../../../Engine/Content/Internationalization/icudt64l/region/pt_GQ.res" 1717
"../../../Engine/Content/Internationalization/icudt64l/lang/pt_GW.res" 1718
"../../../Engine/Content/Internationalization/icudt64l/region/pt_GW.res" 1719
"../../../Engine/Content/Internationalization/icudt64l/lang/pt_LU.res" 1720
"../../../Engine/Content/Internationalization/icudt64l/region/pt_LU.res" 1721
"../../../Engine/Content/Internationalization/icudt64l/lang/pt_MO.res" 1722
"../../../Engine/Content/Internationalization/icudt64l/region/pt_MO.res" 1723
"../../../Engine/Content/Internationalization/icudt64l/lang/pt_MZ.res" 1724
"../../../Engine/Content/Internationalization/icudt64l/region/pt_MZ.res" 1725
"../../../Engine/Content/Internationalization/icudt64l/lang/pt_ST.res" 1726
"../../../Engine/Content/Internationalization/icudt64l/region/pt_ST.res" 1727
"../../../Engine/Content/Internationalization/icudt64l/lang/pt_TL.res" 1728
"../../../Engine/Content/Internationalization/icudt64l/region/pt_TL.res" 1729
"../../../Engine/Content/Internationalization/icudt64l/lang/qu.res" 1730
"../../../Engine/Content/Internationalization/icudt64l/region/qu.res" 1731
"../../../Engine/Content/Internationalization/icudt64l/lang/rm.res" 1732
"../../../Engine/Content/Internationalization/icudt64l/region/rm.res" 1733
"../../../Engine/Content/Internationalization/icudt64l/lang/rn.res" 1734
"../../../Engine/Content/Internationalization/icudt64l/region/rn.res" 1735
"../../../Engine/Content/Internationalization/icudt64l/lang/ro.res" 1736
"../../../Engine/Content/Internationalization/icudt64l/lang/ro_MD.res" 1737
"../../../Engine/Content/Internationalization/icudt64l/region/ro_MD.res" 1738
"../../../Engine/Content/Internationalization/icudt64l/region/ro.res" 1739
"../../../Engine/Content/Internationalization/icudt64l/lang/rof.res" 1740
"../../../Engine/Content/Internationalization/icudt64l/region/rof.res" 1741
"../../../Engine/Content/Internationalization/icudt64l/lang/ru.res" 1742
"../../../Engine/Content/Internationalization/icudt64l/region/ru.res" 1743
"../../../Engine/Content/Internationalization/icudt64l/region/ru_UA.res" 1744
"../../../Engine/Content/Internationalization/icudt64l/lang/rw.res" 1745
"../../../Engine/Content/Internationalization/icudt64l/region/rw.res" 1746
"../../../Engine/Content/Internationalization/icudt64l/lang/rwk.res" 1747
"../../../Engine/Content/Internationalization/icudt64l/region/rwk.res" 1748
"../../../Engine/Content/Internationalization/icudt64l/lang/sah.res" 1749
"../../../Engine/Content/Internationalization/icudt64l/region/sah.res" 1750
"../../../Engine/Content/Internationalization/icudt64l/lang/saq.res" 1751
"../../../Engine/Content/Internationalization/icudt64l/region/saq.res" 1752
"../../../Engine/Content/Internationalization/icudt64l/lang/sbp.res" 1753
"../../../Engine/Content/Internationalization/icudt64l/region/sbp.res" 1754
"../../../Engine/Content/Internationalization/icudt64l/lang/sd.res" 1755
"../../../Engine/Content/Internationalization/icudt64l/region/sd.res" 1756
"../../../Engine/Content/Internationalization/icudt64l/lang/se.res" 1757
"../../../Engine/Content/Internationalization/icudt64l/lang/se_FI.res" 1758
"../../../Engine/Content/Internationalization/icudt64l/region/se_FI.res" 1759
"../../../Engine/Content/Internationalization/icudt64l/region/se.res" 1760
"../../../Engine/Content/Internationalization/icudt64l/lang/seh.res" 1761
"../../../Engine/Content/Internationalization/icudt64l/region/seh.res" 1762
"../../../Engine/Content/Internationalization/icudt64l/lang/ses.res" 1763
"../../../Engine/Content/Internationalization/icudt64l/region/ses.res" 1764
"../../../Engine/Content/Internationalization/icudt64l/lang/sg.res" 1765
"../../../Engine/Content/Internationalization/icudt64l/region/sg.res" 1766
"../../../Engine/Content/Internationalization/icudt64l/lang/shi.res" 1767
"../../../Engine/Content/Internationalization/icudt64l/lang/shi_Latn.res" 1768
"../../../Engine/Content/Internationalization/icudt64l/lang/shi_MA.res" 1769
"../../../Engine/Content/Internationalization/icudt64l/lang/shi_Tfng_MA.res" 1770
"../../../Engine/Content/Internationalization/icudt64l/lang/shi_Tfng.res" 1771
"../../../Engine/Content/Internationalization/icudt64l/region/shi_MA.res" 1772
"../../../Engine/Content/Internationalization/icudt64l/region/shi_Tfng_MA.res" 1773
"../../../Engine/Content/Internationalization/icudt64l/region/shi_Tfng.res" 1774
"../../../Engine/Content/Internationalization/icudt64l/region/shi.res" 1775
"../../../Engine/Content/Internationalization/icudt64l/region/shi_Latn.res" 1776
"../../../Engine/Content/Internationalization/icudt64l/lang/si.res" 1777
"../../../Engine/Content/Internationalization/icudt64l/region/si.res" 1778
"../../../Engine/Content/Internationalization/icudt64l/lang/sk.res" 1779
"../../../Engine/Content/Internationalization/icudt64l/region/sk.res" 1780
"../../../Engine/Content/Internationalization/icudt64l/lang/sl.res" 1781
"../../../Engine/Content/Internationalization/icudt64l/region/sl.res" 1782
"../../../Engine/Content/Internationalization/icudt64l/lang/smn.res" 1783
"../../../Engine/Content/Internationalization/icudt64l/region/smn.res" 1784
"../../../Engine/Content/Internationalization/icudt64l/lang/sn.res" 1785
"../../../Engine/Content/Internationalization/icudt64l/region/sn.res" 1786
"../../../Engine/Content/Internationalization/icudt64l/lang/so.res" 1787
"../../../Engine/Content/Internationalization/icudt64l/region/so.res" 1788
"../../../Engine/Content/Internationalization/icudt64l/lang/sq.res" 1789
"../../../Engine/Content/Internationalization/icudt64l/region/sq.res" 1790
"../../../Engine/Content/Internationalization/icudt64l/lang/sr.res" 1791
"../../../Engine/Content/Internationalization/icudt64l/lang/sr_Cyrl.res" 1792
"../../../Engine/Content/Internationalization/icudt64l/lang/sr_BA.res" 1793
"../../../Engine/Content/Internationalization/icudt64l/lang/sr_Cyrl_BA.res" 1794
"../../../Engine/Content/Internationalization/icudt64l/region/sr_BA.res" 1795
"../../../Engine/Content/Internationalization/icudt64l/region/sr_Cyrl_BA.res" 1796
"../../../Engine/Content/Internationalization/icudt64l/region/sr_Cyrl.res" 1797
"../../../Engine/Content/Internationalization/icudt64l/region/sr.res" 1798
"../../../Engine/Content/Internationalization/icudt64l/lang/sr_ME.res" 1799
"../../../Engine/Content/Internationalization/icudt64l/lang/sr_Latn_ME.res" 1800
"../../../Engine/Content/Internationalization/icudt64l/lang/sr_Latn.res" 1801
"../../../Engine/Content/Internationalization/icudt64l/region/sr_ME.res" 1802
"../../../Engine/Content/Internationalization/icudt64l/region/sr_Latn_ME.res" 1803
"../../../Engine/Content/Internationalization/icudt64l/region/sr_Latn.res" 1804
"../../../Engine/Content/Internationalization/icudt64l/lang/sr_Cyrl_ME.res" 1805
"../../../Engine/Content/Internationalization/icudt64l/region/sr_Cyrl_ME.res" 1806
"../../../Engine/Content/Internationalization/icudt64l/lang/sr_RS.res" 1807
"../../../Engine/Content/Internationalization/icudt64l/lang/sr_Cyrl_RS.res" 1808
"../../../Engine/Content/Internationalization/icudt64l/region/sr_RS.res" 1809
"../../../Engine/Content/Internationalization/icudt64l/region/sr_Cyrl_RS.res" 1810
"../../../Engine/Content/Internationalization/icudt64l/lang/sr_XK.res" 1811
"../../../Engine/Content/Internationalization/icudt64l/lang/sr_Cyrl_XK.res" 1812
"../../../Engine/Content/Internationalization/icudt64l/region/sr_XK.res" 1813
"../../../Engine/Content/Internationalization/icudt64l/region/sr_Cyrl_XK.res" 1814
"../../../Engine/Content/Internationalization/icudt64l/lang/sr_Latn_BA.res" 1815
"../../../Engine/Content/Internationalization/icudt64l/region/sr_Latn_BA.res" 1816
"../../../Engine/Content/Internationalization/icudt64l/lang/sr_Latn_RS.res" 1817
"../../../Engine/Content/Internationalization/icudt64l/region/sr_Latn_RS.res" 1818
"../../../Engine/Content/Internationalization/icudt64l/lang/sr_Latn_XK.res" 1819
"../../../Engine/Content/Internationalization/icudt64l/region/sr_Latn_XK.res" 1820
"../../../Engine/Content/Internationalization/icudt64l/lang/sv.res" 1821
"../../../Engine/Content/Internationalization/icudt64l/region/sv.res" 1822
"../../../Engine/Content/Internationalization/icudt64l/lang/sv_FI.res" 1823
"../../../Engine/Content/Internationalization/icudt64l/lang/sw.res" 1824
"../../../Engine/Content/Internationalization/icudt64l/lang/sw_CD.res" 1825
"../../../Engine/Content/Internationalization/icudt64l/region/sw_CD.res" 1826
"../../../Engine/Content/Internationalization/icudt64l/region/sw.res" 1827
"../../../Engine/Content/Internationalization/icudt64l/lang/sw_KE.res" 1828
"../../../Engine/Content/Internationalization/icudt64l/region/sw_KE.res" 1829
"../../../Engine/Content/Internationalization/icudt64l/lang/ta.res" 1830
"../../../Engine/Content/Internationalization/icudt64l/region/ta.res" 1831
"../../../Engine/Content/Internationalization/icudt64l/lang/te.res" 1832
"../../../Engine/Content/Internationalization/icudt64l/region/te.res" 1833
"../../../Engine/Content/Internationalization/icudt64l/lang/teo.res" 1834
"../../../Engine/Content/Internationalization/icudt64l/region/teo.res" 1835
"../../../Engine/Content/Internationalization/icudt64l/lang/tg.res" 1836
"../../../Engine/Content/Internationalization/icudt64l/region/tg.res" 1837
"../../../Engine/Content/Internationalization/icudt64l/lang/th.res" 1838
"../../../Engine/Content/Internationalization/icudt64l/lang/th_TH.res" 1839
"../../../Engine/Content/Internationalization/icudt64l/region/th_TH.res" 1840
"../../../Engine/Content/Internationalization/icudt64l/region/th.res" 1841
"../../../Engine/Content/Internationalization/icudt64l/lang/ti.res" 1842
"../../../Engine/Content/Internationalization/icudt64l/region/ti.res" 1843
"../../../Engine/Content/Internationalization/icudt64l/lang/tk.res" 1844
"../../../Engine/Content/Internationalization/icudt64l/region/tk.res" 1845
"../../../Engine/Content/Internationalization/icudt64l/lang/to.res" 1846
"../../../Engine/Content/Internationalization/icudt64l/region/to.res" 1847
"../../../Engine/Content/Internationalization/icudt64l/lang/tr.res" 1848
"../../../Engine/Content/Internationalization/icudt64l/region/tr.res" 1849
"../../../Engine/Content/Internationalization/icudt64l/lang/tt.res" 1850
"../../../Engine/Content/Internationalization/icudt64l/region/tt.res" 1851
"../../../Engine/Content/Internationalization/icudt64l/lang/twq.res" 1852
"../../../Engine/Content/Internationalization/icudt64l/region/twq.res" 1853
"../../../Engine/Content/Internationalization/icudt64l/lang/tzm.res" 1854
"../../../Engine/Content/Internationalization/icudt64l/region/tzm.res" 1855
"../../../Engine/Content/Internationalization/icudt64l/lang/ug.res" 1856
"../../../Engine/Content/Internationalization/icudt64l/region/ug.res" 1857
"../../../Engine/Content/Internationalization/icudt64l/lang/uk.res" 1858
"../../../Engine/Content/Internationalization/icudt64l/region/uk.res" 1859
"../../../Engine/Content/Internationalization/icudt64l/lang/ur.res" 1860
"../../../Engine/Content/Internationalization/icudt64l/lang/ur_IN.res" 1861
"../../../Engine/Content/Internationalization/icudt64l/region/ur_IN.res" 1862
"../../../Engine/Content/Internationalization/icudt64l/region/ur.res" 1863
"../../../Engine/Content/Internationalization/icudt64l/lang/uz.res" 1864
"../../../Engine/Content/Internationalization/icudt64l/lang/uz_Arab.res" 1865
"../../../Engine/Content/Internationalization/icudt64l/lang/uz_AF.res" 1866
"../../../Engine/Content/Internationalization/icudt64l/lang/uz_Arab_AF.res" 1867
"../../../Engine/Content/Internationalization/icudt64l/region/uz_AF.res" 1868
"../../../Engine/Content/Internationalization/icudt64l/region/uz_Arab_AF.res" 1869
"../../../Engine/Content/Internationalization/icudt64l/region/uz_Arab.res" 1870
"../../../Engine/Content/Internationalization/icudt64l/lang/uz_Cyrl.res" 1871
"../../../Engine/Content/Internationalization/icudt64l/lang/uz_UZ.res" 1872
"../../../Engine/Content/Internationalization/icudt64l/lang/uz_Latn_UZ.res" 1873
"../../../Engine/Content/Internationalization/icudt64l/lang/uz_Latn.res" 1874
"../../../Engine/Content/Internationalization/icudt64l/region/uz_UZ.res" 1875
"../../../Engine/Content/Internationalization/icudt64l/region/uz_Latn_UZ.res" 1876
"../../../Engine/Content/Internationalization/icudt64l/region/uz_Latn.res" 1877
"../../../Engine/Content/Internationalization/icudt64l/region/uz.res" 1878
"../../../Engine/Content/Internationalization/icudt64l/region/uz_Cyrl.res" 1879
"../../../Engine/Content/Internationalization/icudt64l/lang/vai.res" 1880
"../../../Engine/Content/Internationalization/icudt64l/lang/vai_Latn.res" 1881
"../../../Engine/Content/Internationalization/icudt64l/lang/vai_LR.res" 1882
"../../../Engine/Content/Internationalization/icudt64l/lang/vai_Vaii_LR.res" 1883
"../../../Engine/Content/Internationalization/icudt64l/lang/vai_Vaii.res" 1884
"../../../Engine/Content/Internationalization/icudt64l/region/vai_LR.res" 1885
"../../../Engine/Content/Internationalization/icudt64l/region/vai_Vaii_LR.res" 1886
"../../../Engine/Content/Internationalization/icudt64l/region/vai_Vaii.res" 1887
"../../../Engine/Content/Internationalization/icudt64l/region/vai.res" 1888
"../../../Engine/Content/Internationalization/icudt64l/region/vai_Latn.res" 1889
"../../../Engine/Content/Internationalization/icudt64l/lang/vi.res" 1890
"../../../Engine/Content/Internationalization/icudt64l/region/vi.res" 1891
"../../../Engine/Content/Internationalization/icudt64l/lang/vun.res" 1892
"../../../Engine/Content/Internationalization/icudt64l/region/vun.res" 1893
"../../../Engine/Content/Internationalization/icudt64l/lang/wae.res" 1894
"../../../Engine/Content/Internationalization/icudt64l/region/wae.res" 1895
"../../../Engine/Content/Internationalization/icudt64l/lang/wo.res" 1896
"../../../Engine/Content/Internationalization/icudt64l/region/wo.res" 1897
"../../../Engine/Content/Internationalization/icudt64l/lang/xh.res" 1898
"../../../Engine/Content/Internationalization/icudt64l/region/xh.res" 1899
"../../../Engine/Content/Internationalization/icudt64l/lang/xog.res" 1900
"../../../Engine/Content/Internationalization/icudt64l/region/xog.res" 1901
"../../../Engine/Content/Internationalization/icudt64l/lang/yav.res" 1902
"../../../Engine/Content/Internationalization/icudt64l/region/yav.res" 1903
"../../../Engine/Content/Internationalization/icudt64l/lang/yi.res" 1904
"../../../Engine/Content/Internationalization/icudt64l/region/yi.res" 1905
"../../../Engine/Content/Internationalization/icudt64l/lang/yo.res" 1906
"../../../Engine/Content/Internationalization/icudt64l/lang/yo_BJ.res" 1907
"../../../Engine/Content/Internationalization/icudt64l/region/yo_BJ.res" 1908
"../../../Engine/Content/Internationalization/icudt64l/region/yo.res" 1909
"../../../Engine/Content/Internationalization/icudt64l/lang/yue.res" 1910
"../../../Engine/Content/Internationalization/icudt64l/lang/yue_Hans.res" 1911
"../../../Engine/Content/Internationalization/icudt64l/lang/yue_CN.res" 1912
"../../../Engine/Content/Internationalization/icudt64l/lang/yue_Hans_CN.res" 1913
"../../../Engine/Content/Internationalization/icudt64l/region/yue_CN.res" 1914
"../../../Engine/Content/Internationalization/icudt64l/region/yue_Hans_CN.res" 1915
"../../../Engine/Content/Internationalization/icudt64l/region/yue_Hans.res" 1916
"../../../Engine/Content/Internationalization/icudt64l/lang/yue_Hant.res" 1917
"../../../Engine/Content/Internationalization/icudt64l/lang/yue_HK.res" 1918
"../../../Engine/Content/Internationalization/icudt64l/lang/yue_Hant_HK.res" 1919
"../../../Engine/Content/Internationalization/icudt64l/region/yue_HK.res" 1920
"../../../Engine/Content/Internationalization/icudt64l/region/yue_Hant_HK.res" 1921
"../../../Engine/Content/Internationalization/icudt64l/region/yue_Hant.res" 1922
"../../../Engine/Content/Internationalization/icudt64l/region/yue.res" 1923
"../../../Engine/Content/Internationalization/icudt64l/lang/zgh.res" 1924
"../../../Engine/Content/Internationalization/icudt64l/region/zgh.res" 1925
"../../../Engine/Content/Internationalization/icudt64l/lang/zh.res" 1926
"../../../Engine/Content/Internationalization/icudt64l/lang/zh_Hans.res" 1927
"../../../Engine/Content/Internationalization/icudt64l/lang/zh_CN.res" 1928
"../../../Engine/Content/Internationalization/icudt64l/lang/zh_Hans_CN.res" 1929
"../../../Engine/Content/Internationalization/icudt64l/region/zh_CN.res" 1930
"../../../Engine/Content/Internationalization/icudt64l/region/zh_Hans_CN.res" 1931
"../../../Engine/Content/Internationalization/icudt64l/region/zh_Hans.res" 1932
"../../../Engine/Content/Internationalization/icudt64l/region/zh.res" 1933
"../../../Engine/Content/Internationalization/icudt64l/lang/zh_HK.res" 1934
"../../../Engine/Content/Internationalization/icudt64l/lang/zh_Hant_HK.res" 1935
"../../../Engine/Content/Internationalization/icudt64l/lang/zh_Hant.res" 1936
"../../../Engine/Content/Internationalization/icudt64l/region/zh_HK.res" 1937
"../../../Engine/Content/Internationalization/icudt64l/region/zh_Hant_HK.res" 1938
"../../../Engine/Content/Internationalization/icudt64l/region/zh_Hant.res" 1939
"../../../Engine/Content/Internationalization/icudt64l/lang/zh_MO.res" 1940
"../../../Engine/Content/Internationalization/icudt64l/lang/zh_Hant_MO.res" 1941
"../../../Engine/Content/Internationalization/icudt64l/region/zh_MO.res" 1942
"../../../Engine/Content/Internationalization/icudt64l/region/zh_Hant_MO.res" 1943
"../../../Engine/Content/Internationalization/icudt64l/lang/zh_SG.res" 1944
"../../../Engine/Content/Internationalization/icudt64l/lang/zh_Hans_SG.res" 1945
"../../../Engine/Content/Internationalization/icudt64l/region/zh_SG.res" 1946
"../../../Engine/Content/Internationalization/icudt64l/region/zh_Hans_SG.res" 1947
"../../../Engine/Content/Internationalization/icudt64l/lang/zh_TW.res" 1948
"../../../Engine/Content/Internationalization/icudt64l/lang/zh_Hant_TW.res" 1949
"../../../Engine/Content/Internationalization/icudt64l/region/zh_TW.res" 1950
"../../../Engine/Content/Internationalization/icudt64l/region/zh_Hant_TW.res" 1951
"../../../Engine/Content/Internationalization/icudt64l/lang/zu.res" 1952
"../../../Engine/Content/Internationalization/icudt64l/region/zu.res" 1953
"../../../Engine/Content/Internationalization/icudt64l/lang/no.res" 1954
"../../../Engine/Content/Internationalization/icudt64l/lang/tl.res" 1955
"../../../Engine/Config/Android/DataDrivenPlatformInfo.ini" 1956
"../../../Engine/Config/IOS/DataDrivenPlatformInfo.ini" 1957
"../../../Engine/Config/Linux/DataDrivenPlatformInfo.ini" 1958
"../../../Engine/Config/Mac/DataDrivenPlatformInfo.ini" 1959
"../../../Engine/Config/TVOS/DataDrivenPlatformInfo.ini" 1960
"../../../Engine/Config/Unix/DataDrivenPlatformInfo.ini" 1961
"../../../Engine/Config/VulkanPC/DataDrivenPlatformInfo.ini" 1962
"../../../Engine/Config/Windows/DataDrivenPlatformInfo.ini" 1963
"../../../Engine/Platforms/VisionOS/Config/DataDrivenPlatformInfo.ini" 1964
"../../../Engine/Content/Renderer/TessellationTable.bin" 1965
"../../../Engine/DerivedDataCache/Compressed.ddp" 1966
"C:/Users/finle/AppData/Local/UnrealEngine/5.6/Saved/Zen/zen.version" 1967
"C:/Users/finle/AppData/Local/UnrealEngine/Common/Zen/Install/zen.version" 1968
"C:/Users/finle/AppData/Local/UnrealEngine/Common/Zen/Install/zenserver.runcontext" 1969
"C:/Users/finle/AppData/Local/UnrealEngine/Common/DerivedDataCache/TestData/0/TestData_4kb.dat" 1970
"C:/Users/finle/AppData/Local/UnrealEngine/Common/DerivedDataCache/TestData/1/TestData_4kb.dat" 1971
"C:/Users/finle/AppData/Local/UnrealEngine/Common/DerivedDataCache/TestData/0/TestData_8kb.dat" 1972
"C:/Users/finle/AppData/Local/UnrealEngine/Common/DerivedDataCache/TestData/1/TestData_8kb.dat" 1973
"C:/Users/finle/AppData/Local/UnrealEngine/Common/DerivedDataCache/TestData/0/TestData_16kb.dat" 1974
"C:/Users/finle/AppData/Local/UnrealEngine/Common/DerivedDataCache/TestData/1/TestData_16kb.dat" 1975
"C:/Users/finle/AppData/Local/UnrealEngine/Common/DerivedDataCache/TestData/0/TestData_64kb.dat" 1976
"C:/Users/finle/AppData/Local/UnrealEngine/Common/DerivedDataCache/TestData/1/TestData_64kb.dat" 1977
"C:/Users/finle/AppData/Local/UnrealEngine/Common/DerivedDataCache/TestData/0/TestData_128kb.dat" 1978
"C:/Users/finle/AppData/Local/UnrealEngine/Common/DerivedDataCache/TestData/1/TestData_128kb.dat" 1979
"C:/Users/finle/AppData/Local/UnrealEngine/Common/DerivedDataCache/TestData/0/TestData_256kb.dat" 1980
"C:/Users/finle/AppData/Local/UnrealEngine/Common/DerivedDataCache/TestData/1/TestData_256kb.dat" 1981
"C:/Users/finle/AppData/Roaming/Unreal Engine/UnrealBuildTool/BuildConfiguration.xml" 1982
"C:/Users/finle/Documents/GitHub/CI536_Integrated_Group_Project/CI536_Group_Project/Intermediate/ShaderAutogen/PCD3D_SM6/AutogenShaderHeaders.ush" 1983
"../../../Engine/Shaders/Private/HairStrands/HairStrandsVertexFactory.ush" 1984
"../../../Engine/Shaders/Private/VertexFactoryCommon.ush" 1985
"../../../Engine/Shaders/Private/Common.ush" 1986
"../../../Engine/Shaders/Public/Platform.ush" 1987
"../../../Engine/Shaders/Public/FP16Math.ush" 1988
"../../../Engine/Shaders/Public/Platform/D3D/D3DCommon.ush" 1989
"../../../Engine/Shaders/Shared/HLSLReservedSpaces.h" 1990
"../../../Engine/Shaders/Public/BindlessResources.ush" 1991
"../../../Engine/Shaders/Public/Platform/D3D/PlatformBindlessResources.ush" 1992
"../../../Engine/Shaders/Shared/RayTracingBuiltInResources.h" 1993
"../../../Engine/Shaders/Shared/RayTracingDefinitions.h" 1994
"../../../Engine/Shaders/Public/OverloadMacros.ush" 1995
"../../../Engine/Shaders/Public/ShaderVersion.ush" 1996
"../../../Engine/Shaders/Shared/ThirdParty/NVIDIA/nvHLSLExtns.h" 1997
"../../../Engine/Shaders/Shared/ThirdParty/NVIDIA/nvHLSLExtnsInternal.h" 1998
"../../../Engine/Shaders/Shared/ThirdParty/NVIDIA/nvShaderExtnEnums.h" 1999
"../../../Engine/Shaders/Private/PackUnpack.ush" 2000
"../../../Engine/Shaders/Private/GeneratedUniformBufferTypes.ush" 2001
"../../../Engine/Shaders/Private/Nanite/NanitePackedNaniteView.ush" 2002
"../../../Engine/Shaders/Private/HairStrands/HairStrandsVisibilityCommonStruct.ush" 2003
"../../../Engine/Shaders/Private/HairStrands/HairStrandsVoxelPageCommonStruct.ush" 2004
"../../../Engine/Shaders/Private/HairStrands/HairStrandsDeepShadowCommonStruct.ush" 2005
"../../../Engine/Shaders/Shared/LightSceneData.h" 2006
"../../../Engine/Shaders/Shared/HLSLTypeAliases.h" 2007
"../../../Engine/Shaders/Private/LargeWorldCoordinates.ush" 2008
"../../../Engine/Shaders/Private/DoubleFloat.ush" 2009
"../../../Engine/Shaders/Private/RandomPCG.ush" 2010
"../../../Engine/Shaders/Private/DoubleFloatOperations.ush" 2011
"../../../Engine/Shaders/Private/DoubleFloatVectorDefinition.ush" 2012
"../../../Engine/Shaders/Private/LWCOperations.ush" 2013
"../../../Engine/Shaders/Shared/LightViewData.h" 2014
"../../../Engine/Shaders/Shared/RayTracingTypes.h" 2015
"../../../Engine/Shaders/Shared/HLSLStaticAssert.h" 2016
"../../../Engine/Shaders/Private/CommonViewUniformBuffer.ush" 2017
"../../../Engine/Shaders/Private/InstancedStereo.ush" 2018
"../../../Engine/Shaders/Private/Definitions.usf" 2019
"../../../Engine/Shaders/Private/AssertionMacros.ush" 2020
"../../../Engine/Shaders/Private/FastMath.ush" 2021
"../../../Engine/Shaders/Private/FastMathThirdParty.ush" 2022
"../../../Engine/Shaders/Private/Random.ush" 2023
"../../../Engine/Shaders/Private/RandomInterleavedGradientNoise.ush" 2024
"../../../Engine/Shaders/Private/SceneData.ush" 2025
"../../../Engine/Shaders/Private/OctahedralCommon.ush" 2026
"../../../Engine/Shaders/Private/WaveOpUtil.ush" 2027
"../../../Engine/Shaders/Private/ByteBuffer.ush" 2028
"../../../Engine/Shaders/Shared/SceneDefinitions.h" 2029
"../../../Engine/Shaders/Private/SceneDataMobileLoader.ush" 2030
"../../../Engine/Shaders/Private/LocalVertexFactoryCommon.ush" 2031
"../../../Engine/Shaders/Private/HairStrands/HairStrandsVisibilityCommon.ush" 2032
"../../../Engine/Shaders/Shared/HairStrandsDefinitions.h" 2033
"../../../Engine/Shaders/Private/HairStrands/HairStrandsVertexFactoryCommon.ush" 2034
"../../../Engine/Shaders/Private/HairStrands/HairStrandsPack.ush" 2035
"../../../Engine/Shaders/Private/HairStrands/HairStrandsAttributeCommon.ush" 2036
"../../../Engine/Shaders/Private/HairStrands/HairStrandsAttributeTemplate.ush" 2037
"../../../Engine/Shaders/Private/VertexFactoryDefaultInterface.ush" 2038
"../../../Engine/Shaders/Private/HairStrands/HairCardsVertexFactory.ush" 2039
"../../../Engine/Shaders/Private/HairStrands/HairCardsAttributeCommon.ush" 2040
"../../../Engine/Shaders/Private/RayTracing/RayTracingCommon.ush" 2041
"../../../Engine/Shaders/Private/ShadingCommon.ush" 2042
"../../../Engine/Shaders/Shared/RayTracingPayloadType.h" 2043
"../../../Engine/Shaders/Private/RayTracing/RayTracingRayCone.ush" 2044
"../../../Engine/Shaders/Private/Substrate/Substrate.ush" 2045
"../../../Engine/Shaders/Private/ShadingEnergyConservation.ush" 2046
"../../../Engine/Shaders/Private/ShadingEnergyConservationTemplate.ush" 2047
"../../../Engine/Shaders/Private/BRDF.ush" 2048
"../../../Engine/Shaders/Private/ColorSpace.ush" 2049
"../../../Engine/Shaders/Private/DeferredShadingCommon.ush" 2050
"../../../Engine/Shaders/Private/LightAccumulator.ush" 2051
"../../../Engine/Shaders/Private/SceneTexturesCommon.ush" 2052
"../../../Engine/Shaders/Private/MonteCarlo.ush" 2053
"../../../Engine/Shaders/Private/GBufferHelpers.ush" 2054
"../../../Engine/Shaders/Private/SceneTextureParameters.ush" 2055
"../../../Engine/Shaders/Private/ParticipatingMediaCommon.ush" 2056
"../../../Engine/Shaders/Private/ThinFilmBSDF.ush" 2057
"../../../Engine/Shaders/Private/MortonCode.ush" 2058
"../../../Engine/Shaders/Private/SubsurfaceProfileCommon.ush" 2059
"../../../Engine/Shaders/Private/BurleyNormalizedSSSCommon.ush" 2060
"../../../Engine/Shaders/Private/GammaCorrectionCommon.ush" 2061
"../../../Engine/Shaders/Shared/SubstrateDefinitions.h" 2062
"../../../Engine/Shaders/Private/Substrate/SubstrateStatisticalOperators.ush" 2063
"../../../Engine/Shaders/Private/Substrate/SubstrateSubsurface.ush" 2064
"../../../Engine/Shaders/Private/TransmissionCommon.ush" 2065
"../../../Engine/Shaders/Private/Substrate/SubstrateExportCommon.ush" 2066
"../../../Engine/Shaders/Private/SpecularProfileCommon.ush" 2067
"../../../Engine/Shaders/Private/RayTracing/RayTracingCommonMetal.ush" 2068
"../../../Engine/Shaders/Private/PositionReconstructionCommon.ush" 2069
"../../../Engine/Shaders/Private/RayTracing/TraceRayInline.ush" 2070
"../../../Engine/Shaders/Private/RayTracing/TraceRayInlineCommon.ush" 2071
"../../../Engine/Shaders/Private/RayTracing/TraceRayInlineVulkan.ush" 2072
"../../../Engine/Shaders/Private/RayTracing/TraceRayInlineMetal.ush" 2073
"../../../Engine/Shaders/Private/RayTracing/TraceRayInlineD3D12.ush" 2074
"../../../Engine/Shaders/Private/RayTracing/RayTracingHitGroupCommon.ush" 2075
"../../../Engine/Shaders/Private/Nanite/NaniteRayTrace.ush" 2076
"../../../Engine/Shaders/Private/Nanite/NaniteDataDecode.ush" 2077
"../../../Engine/Shaders/Private/BitPacking.ush" 2078
"../../../Engine/Shaders/Private/BitStreamReaderImplementation.ush" 2079
"../../../Engine/Shaders/Private/BoneTransform.ush" 2080
"../../../Engine/Shaders/Private/Quaternion.ush" 2081
"../../../Engine/Shaders/Shared/NaniteDefinitions.h" 2082
"../../../Engine/Shaders/Shared/SkinningDefinitions.h" 2083
"../../../Engine/Shaders/Private/Nanite/NaniteAttributeDecode.ush" 2084
"../../../Engine/Shaders/Private/Barycentrics.ush" 2085
"../../../Engine/Shaders/Private/DualNumber.ush" 2086
"../../../Engine/Shaders/Shared/ThirdParty/RayTriangleIntersection.h" 2087
"../../../Engine/Shaders/Private/Nanite/NaniteVertexFetch.ush" 2088
"../../../Engine/Shaders/Private/Nanite/NaniteSceneCommon.ush" 2089
"../../../Engine/Plugins/FX/Niagara/Shaders/Private/NiagaraSpriteVertexFactory.ush" 2090
"../../../Engine/Shaders/Private/ParticleVertexFactoryCommon.ush" 2091
"../../../Engine/Plugins/FX/Niagara/Shaders/Private/NiagaraVFCommon.usf" 2092
"../../../Engine/Plugins/FX/Niagara/Shaders/Private/NiagaraVFParticleAccess.usf" 2093
"../../../Engine/Plugins/FX/Niagara/Shaders/Private/NiagaraParticleAccess.ush" 2094
"../../../Engine/Plugins/FX/Niagara/Shaders/Private/NiagaraRibbonVertexFactory.ush" 2095
"../../../Engine/Plugins/FX/Niagara/Shaders/Private/NiagaraMeshVertexFactory.ush" 2096
"../../../Engine/Plugins/FX/Niagara/Shaders/Private/NiagaraCommon.ush" 2097
"../../../Engine/Plugins/FX/Niagara/Shaders/Private/NiagaraMeshParticleUtils.ush" 2098
"../../../Engine/Shaders/Private/VectorFieldVisualizationVertexFactory.ush" 2099
"../../../Engine/Shaders/Private/Nanite/NaniteVertexFactory.ush" 2100
"../../../Engine/Shaders/Private/LightmapData.ush" 2101
"../../../Engine/Shaders/Private/SplineMeshCommon.ush" 2102
"../../../Engine/Shaders/Shared/SplineMeshShaderParams.h" 2103
"../../../Engine/Shaders/Private/ShaderPrint.ush" 2104
"../../../Engine/Shaders/Private/ShaderPrintCommon.ush" 2105
"../../../Engine/Shaders/Private/MiniFontCommon.ush" 2106
"../../../Engine/Shaders/Private/MaterialCache/MaterialCacheCommon.ush" 2107
"../../../Engine/Shaders/Shared/MaterialCacheDefinitions.h" 2108
"../../../Engine/Shaders/Private/Nanite/NaniteVertexDeformation.ush" 2109
"../../../Engine/Shaders/Private/ViewData.ush" 2110
"../../../Engine/Shaders/Shared/ViewDefinitions.h" 2111
"../../../Engine/Shaders/Private/Matrices.ush" 2112
"../../../Engine/Shaders/Private/ParticleSpriteVertexFactory.ush" 2113
"../../../Engine/Shaders/Private/ParticleGPUSpriteVertexFactory.ush" 2114
"../../../Engine/Shaders/Private/ParticleSimulationCommon.ush" 2115
"../../../Engine/Shaders/Private/ParticleBeamTrailVertexFactory.ush" 2116
"../../../Engine/Shaders/Private/MeshParticleVertexFactory.ush" 2117
"../../../Engine/Shaders/Private/LocalVertexFactory.ush" 2118
"../../../Engine/Shaders/Private/GpuSkinCommon.ush" 2119
"../../../Engine/Shaders/Private/GpuSkinVertexFactory.ush" 2120
"../../../Engine/Shaders/Private/GeometryCollectionVertexFactory.ush" 2121
"../../../Engine/Shaders/Private/GeometryCacheVertexFactory.ush" 2122
"../../../Engine/Shaders/Private/LandscapeVertexFactory.ush" 2123
"../../../Engine/Plugins/Experimental/Compositing/CompositeCore/Shaders/Private/CompositeCoreMerge.usf" 2124
"../../../Engine/Shaders/Private/ScreenPass.ush" 2125
"../../../Engine/Shaders/Private/LensDistortion.ush" 2126
"../../../Engine/Plugins/Experimental/Compositing/CompositeCore/Shaders/Private/CompositeCoreDisplayTransform.usf" 2127
"../../../Engine/Plugins/Experimental/Compositing/CompositeCore/Shaders/Private/CompositeCoreDilate.usf" 2128
"../../../Engine/Plugins/Runtime/HairStrands/Shaders/Private/NiagaraCopyVelocityGrid.usf" 2129
"../../../Engine/Plugins/Runtime/HairStrands/Shaders/Private/NiagaraClearVelocityGrid.usf" 2130
"../../../Engine/Plugins/Runtime/HairStrands/Shaders/Private/NiagaraClearPressureGrid.usf" 2131
"../../../Engine/Plugins/Runtime/HairStrands/Shaders/Private/NiagaraInterpolateGroomGuides.usf" 2132
"../../../Engine/Plugins/Runtime/HairStrands/Shaders/Private/NiagaraGroomInterpolationUtils.ush" 2133
"../../../Engine/Plugins/FX/Niagara/Shaders/Private/NiagaraQuaternionUtils.ush" 2134
"../../../Engine/Shaders/Private/HairStrands/HairStrandsMesh.usf" 2135
"../../../Engine/Shaders/Private/HairStrands/HairStrandsBindingCommon.ush" 2136
"../../../Engine/Shaders/Private/HairStrands/HairStrandsFollicleMask.usf" 2137
"../../../Engine/Shaders/Private/HairStrands/HairStrandsSkinUpdate.usf" 2138
"../../../Engine/Shaders/Private/HairStrands/HairStrandsClusterCulling.usf" 2139
"../../../Engine/Shaders/Private/ColorMap.ush" 2140
"../../../Engine/Shaders/Private/HairStrands/HairStrandsAABBCommon.ush" 2141
"../../../Engine/Shaders/Private/HairStrands/HairStrandsClusterCommon.ush" 2142
"../../../Engine/Shaders/Private/ThreadGroupPrefixSum.ush" 2143
"../../../Engine/Shaders/Private/HairStrands/HairStrandsRaytracingGeometry.usf" 2144
"../../../Engine/Shaders/Private/HairStrands/HairStrandsTangent.usf" 2145
"../../../Engine/Shaders/Private/HairStrands/HairCardsDeformation.usf" 2146
"../../../Engine/Shaders/Private/HairStrands/HairStrandsInterpolation.usf" 2147
"../../../Engine/Shaders/Private/HairStrands/HairStrandsGuideDeform.usf" 2148
"../../../Engine/Shaders/Private/HairStrands/HairStrandsTexturesGeneration.usf" 2149
"../../../Engine/Shaders/Private/HairStrands/HairCardsTextureCommon.ush" 2150
"../../../Engine/Shaders/Private/HairStrands/HairStrandsTranscode.usf" 2151
"../../../Engine/Shaders/Private/HairStrands/HairStrandsDebug.usf" 2152
"../../../Engine/Shaders/Private/HairShadingCommon.ush" 2153
"../../../Engine/Shaders/Private/PostProcessCommon.ush" 2154
"../../../Engine/Shaders/Private/ShadingModels.ush" 2155
"../../../Engine/Shaders/Private/CapsuleLight.ush" 2156
"../../../Engine/Shaders/Private/RectLight.ush" 2157
"../../../Engine/Shaders/Private/LightData.ush" 2158
"../../../Engine/Shaders/Shared/LightDefinitions.h" 2159
"../../../Engine/Shaders/Private/AreaLightCommon.ush" 2160
"../../../Engine/Shaders/Private/HairBsdf.ush" 2161
"../../../Engine/Shaders/Private/MobileGGX.ush" 2162
"../../../Engine/Shaders/Private/HairStrands/HairStrandsCommon.ush" 2163
"../../../Engine/Shaders/Private/HairStrands/HairStrandsEnvironmentLightingCommon.ush" 2164
"../../../Engine/Shaders/Private/HairStrands/HairStrandsDeepTransmittanceCommon.ush" 2165
"../../../Engine/Shaders/Private/HairStrands/HairStrandsDeepTransmittanceDualScattering.ush" 2166
"../../../Engine/Shaders/Private/HairStrands/HairStrandsDeepShadowCommon.ush" 2167
"../../../Engine/Shaders/Private/HairStrands/HairStrandsDebugCommonStruct.ush" 2168
"../../../Engine/Plugins/Experimental/NFORDenoise/Shaders/NFORDenoise.usf" 2169
"../../../Engine/Plugins/Experimental/NFORDenoise/Shaders/NFORRegressionCommon.ush" 2170
"../../../Engine/Plugins/Experimental/NFORDenoise/Shaders/NFORRegression.ush" 2171
"../../../Engine/Plugins/Runtime/ComputeFramework/Shaders/Private/ComputeKernel.usf" 2172
"../../../Engine/Plugins/Runtime/ComputeFramework/Shaders/Private/ComputeKernelCommon.ush" 2173
"../../../Engine/Plugins/NNE/NNEDenoiser/Shaders/NNEDenoiserShadersTransferFunctionOidn.usf" 2174
"../../../Engine/Plugins/NNE/NNEDenoiser/Shaders/NNEDenoiserShadersMappedCopy.usf" 2175
"../../../Engine/Plugins/NNE/NNEDenoiser/Shaders/NNEDenoiserShadersDefaultIOProcess.usf" 2176
"../../../Engine/Plugins/NNE/NNEDenoiser/Shaders/NNEDenoiserShadersAutoExposureReduceFinal.usf" 2177
"../../../Engine/Plugins/NNE/NNEDenoiser/Shaders/NNEDenoiserShadersAutoExposureReduce.usf" 2178
"../../../Engine/Plugins/NNE/NNEDenoiser/Shaders/NNEDenoiserShadersAutoExposureDownsample.usf" 2179
"../../../Engine/Plugins/VirtualProduction/CameraCalibrationCore/Shaders/Private/CrosshairOverlay.usf" 2180
"../../../Engine/Plugins/VirtualProduction/CameraCalibrationCore/Shaders/Private/DisplacementMapBlending.usf" 2181
"../../../Engine/Plugins/VirtualProduction/CameraCalibrationCore/Shaders/Private/RecenterSTDisplacementMaps.usf" 2182
"../../../Engine/Plugins/VirtualProduction/CameraCalibrationCore/Shaders/Private/FillSTDisplacementMap.usf" 2183
"../../../Engine/Plugins/VirtualProduction/CameraCalibrationCore/Shaders/Private/InvertDisplacementMap.usf" 2184
"../../../Engine/Plugins/VirtualProduction/CameraCalibrationCore/Shaders/Private/CropDisplacementMap.usf" 2185
"../../../Engine/Plugins/VirtualProduction/CameraCalibrationCore/Shaders/Private/BlendDisplacementMaps.usf" 2186
"../../../Engine/Plugins/VirtualProduction/CameraCalibrationCore/Shaders/Private/DrawDisplacementMaps.usf" 2187
"../../../Engine/Plugins/VirtualProduction/CameraCalibrationCore/Shaders/Private/UndistortImagePoints.usf" 2188
"../../../Engine/Plugins/VirtualProduction/CameraCalibrationCore/Shaders/Private/DistortionSTMapProcessor.usf" 2189
"../../../Engine/Plugins/Media/WmfMedia/Shaders/Private/MediaHardwareVideoDecoding.usf" 2190
"../../../Engine/Shaders/Private/ColorUtils.ush" 2191
"../../../Engine/Plugins/Media/ImgMedia/Shaders/Private/ExrSwizzler.usf" 2192
"../../../Engine/Plugins/Enterprise/GLTFExporter/Shaders/Private/SimpleTexture2DPS.usf" 2193
"../../../Engine/Shaders/Private/SimpleElementNormalMapPixelShader.usf" 2194
"../../../Engine/Plugins/FX/Niagara/Shaders/Private/NiagaraVertexFactoryExport.usf" 2195
"../../../Engine/Shaders/Private/ComputeShaderUtils.ush" 2196
"../../../Engine/Shaders/Private/MaterialTemplate.ush" 2197
"../../../Engine/Shaders/Private/WorldSpaceMath.ush" 2198
"../../../Engine/Shaders/Private/EyeAdaptationCommon.ush" 2199
"../../../Engine/Shaders/Private/SobolRandom.ush" 2200
"../../../Engine/Shaders/Private/DepthOfFieldCommon.ush" 2201
"../../../Engine/Shaders/Private/CircleDOFCommon.ush" 2202
"../../../Engine/Shaders/Private/DistanceField/GlobalDistanceFieldShared.ush" 2203
"../../../Engine/Shaders/Private/PhysicsFieldSampler.ush" 2204
"../../../Engine/Shaders/Private/PhysicsFieldShared.ush" 2205
"../../../Engine/Shaders/Private/SparseVolumeTexture/SparseVolumeTextureCommon.ush" 2206
"../../../Engine/Shaders/Shared/EnvironmentComponentsFlags.h" 2207
"../../../Engine/Shaders/Private/MeshPaintTextureCommon.ush" 2208
"../../../Engine/Shaders/Private/VirtualTextureMaterial.ush" 2209
"../../../Engine/Shaders/Private/MaterialCache/MaterialCacheMaterialCommon.ush" 2210
"../../../Engine/Shaders/Private/MaterialCache/MaterialCacheABuffer.ush" 2211
"../../../Engine/Shaders/Private/SpeedTreeCommon.ush" 2212
"../../../Engine/Shaders/Private/VirtualTextureCommon.ush" 2213
"../../../Engine/Shaders/Private/MaterialTexture.ush" 2214
"../../../Engine/Shaders/Private/MinMaterialTexCoords.ush" 2215
"../../../Engine/Shaders/Private/SkyAtmosphereCommon.ush" 2216
"../../../Engine/Shaders/Private/SingleLayerWaterCommon.ush" 2217
"../../../Engine/Shaders/Private/TextureSampling.ush" 2218
"../../../Engine/Shaders/Private/PaniniProjection.ush" 2219
"../../../Engine/Shaders/Private/DBufferNormalReprojection.ush" 2220
"../../../Engine/Shaders/Public/SubstratePublic.ush" 2221
"../../../Engine/Shaders/Private/Substrate/SubstrateTree.ush" 2222
"../../../Engine/Shaders/Private/Substrate/SubstrateEvaluation.ush" 2223
"../../../Engine/Shaders/Private/Substrate/Glint/GlintThirdParty.ush" 2224
"../../../Engine/Shaders/Private/BlueNoise.ush" 2225
"../../../Engine/Shaders/Private/SHCommon.ush" 2226
"../../../Engine/Shaders/Private/ShadingModelsSampling.ush" 2227
"../../../Engine/Shaders/Private/HairStrands/HairBsdfSample.ush" 2228
"../../../Engine/Shaders/Private/Substrate/SubstrateLegacyConversion.ush" 2229
"../../../Engine/Shaders/Private/DBufferDecalShared.ush" 2230
"../../../Engine/Plugins/FX/Niagara/Shaders/Private/NiagaraSortKeyGen.usf" 2231
"../../../Engine/Plugins/FX/Niagara/Shaders/Private/NiagaraGPURayTracingTransforms.usf" 2232
"../../../Engine/Plugins/FX/Niagara/Shaders/Private/NiagaraDrawIndirectArgsGen.usf" 2233
"../../../Engine/Plugins/FX/Niagara/Shaders/Private/NiagaraDispatchIndirectArgsGen.usf" 2234
"../../../Engine/Plugins/FX/Niagara/Shaders/Private/Stateless/NiagaraStatelessSimulationDefault.usf" 2235
"../../../Engine/Plugins/FX/Niagara/Shaders/Private/Stateless/NiagaraStatelessSimulationTemplate.ush" 2236
"../../../Engine/Plugins/FX/Niagara/Shaders/Private/Stateless/NiagaraStatelessCommon.ush" 2237
"../../../Engine/Plugins/FX/Niagara/Shaders/Shared/NiagaraStatelessDefinitions.h" 2238
"../../../Engine/Plugins/FX/Niagara/Shaders/Shared/NiagaraStatelessBuiltDistribution.h" 2239
"../../../Engine/Plugins/FX/Niagara/Shaders/Private/Stateless/NiagaraStatelessDistribution.ush" 2240
"../../../Engine/Plugins/FX/Niagara/Shaders/Private/Stateless/Modules/NiagaraStatelessModule_CalculateAccurateVelocity.ush" 2241
"../../../Engine/Plugins/FX/Niagara/Shaders/Private/Stateless/Modules/NiagaraStatelessModule_CameraOffset.ush" 2242
"../../../Engine/Plugins/FX/Niagara/Shaders/Private/Stateless/Modules/NiagaraStatelessModule_DynamicMaterialParameters.ush" 2243
"../../../Engine/Plugins/FX/Niagara/Shaders/Private/Stateless/Modules/NiagaraStatelessModule_InitializeParticle.ush" 2244
"../../../Engine/Plugins/FX/Niagara/Shaders/Private/Stateless/Modules/NiagaraStatelessModule_InitialMeshOrientation.ush" 2245
"../../../Engine/Plugins/FX/Niagara/Shaders/Private/Stateless/Modules/NiagaraStatelessModule_MeshIndex.ush" 2246
"../../../Engine/Plugins/FX/Niagara/Shaders/Private/Stateless/Modules/NiagaraStatelessModule_MeshRotationRate.ush" 2247
"../../../Engine/Plugins/FX/Niagara/Shaders/Private/Stateless/Modules/NiagaraStatelessModule_RotateAroundPoint.ush" 2248
"../../../Engine/Plugins/FX/Niagara/Shaders/Private/Stateless/Modules/NiagaraStatelessModule_ShapeLocation.ush" 2249
"../../../Engine/Plugins/FX/Niagara/Shaders/Private/Stateless/Modules/NiagaraStatelessModule_ScaleColor.ush" 2250
"../../../Engine/Plugins/FX/Niagara/Shaders/Private/Stateless/Modules/NiagaraStatelessModule_ScaleRibbonWidth.ush" 2251
"../../../Engine/Plugins/FX/Niagara/Shaders/Private/Stateless/Modules/NiagaraStatelessModule_ScaleSpriteSize.ush" 2252
"../../../Engine/Plugins/FX/Niagara/Shaders/Private/Stateless/Modules/NiagaraStatelessModule_ScaleSpriteSizeBySpeed.ush" 2253
"../../../Engine/Plugins/FX/Niagara/Shaders/Private/Stateless/Modules/NiagaraStatelessModule_ScaleMeshSize.ush" 2254
"../../../Engine/Plugins/FX/Niagara/Shaders/Private/Stateless/Modules/NiagaraStatelessModule_ScaleMeshSizebySpeed.ush" 2255
"../../../Engine/Plugins/FX/Niagara/Shaders/Private/Stateless/Modules/NiagaraStatelessModule_SolveVelocitiesAndForces.ush" 2256
"../../../Engine/Plugins/FX/Niagara/Shaders/Private/Stateless/Modules/NiagaraStatelessModule_SpriteFacingAndAlignment.ush" 2257
"../../../Engine/Plugins/FX/Niagara/Shaders/Private/Stateless/Modules/NiagaraStatelessModule_SpriteRotationRate.ush" 2258
"../../../Engine/Plugins/FX/Niagara/Shaders/Private/Stateless/Modules/NiagaraStatelessModule_SubUVAnimation.ush" 2259
"../../../Engine/Plugins/FX/Niagara/Shaders/Private/NiagaraBlendSVTsToDenseBuffer.usf" 2260
"../../../Engine/Plugins/FX/Niagara/Shaders/Private/NiagaraSVTToDenseBuffer.usf" 2261
"../../../Engine/Plugins/FX/Niagara/Shaders/Private/NiagaraFillIntBuffer.usf" 2262
"../../../Engine/Plugins/FX/Niagara/Shaders/Private/NiagaraComputeFreeIDs.usf" 2263
"../../../Engine/Plugins/FX/Niagara/Shaders/Private/NiagaraInitFreeIDBuffer.usf" 2264
"../../../Engine/Plugins/FX/Niagara/Shaders/Private/NiagaraEmitterInstanceShader.usf" 2265
"../../../Engine/Plugins/FX/Niagara/Shaders/Private/NiagaraShaderVersion.ush" 2266
"../../../Engine/Plugins/FX/Niagara/Shaders/Private/NiagaraPhysicsCommon.ush" 2267
"../../../Engine/Plugins/FX/Niagara/Shaders/Private/Ribbons/NiagaraRibbonAggregationApply.usf" 2268
"../../../Engine/Plugins/FX/Niagara/Shaders/Private/Ribbons/NiagaraRibbonCommon.ush" 2269
"../../../Engine/Plugins/FX/Niagara/Shaders/Private/Ribbons/NiagaraRibbonAggregationStep.usf" 2270
"../../../Engine/Plugins/FX/Niagara/Shaders/Private/Ribbons/NiagaraRibbonGenerateIndices.usf" 2271
"../../../Engine/Plugins/FX/Niagara/Shaders/Private/Ribbons/NiagaraRibbonInitializeIndices.usf" 2272
"../../../Engine/Plugins/FX/Niagara/Shaders/Private/Ribbons/NiagaraRibbonRibbonUVParamCalculation.usf" 2273
"../../../Engine/Plugins/FX/Niagara/Shaders/Private/Ribbons/NiagaraRibbonVertexReductionFinalization.usf" 2274
"../../../Engine/Plugins/FX/Niagara/Shaders/Private/Ribbons/NiagaraRibbonVertexReductionInitialization.usf" 2275
"../../../Engine/Plugins/FX/Niagara/Shaders/Private/Ribbons/NiagaraRibbonSortParticles.usf" 2276
"../../../Engine/Plugins/FX/Niagara/Shaders/Private/NiagaraLWCHelper.usf" 2277
"../../../Engine/Plugins/FX/Niagara/Shaders/Private/NiagaraUpdateMeshGPUSceneInstances.usf" 2278
"../../../Engine/Shaders/Private/GPUScene/GPUSceneWriter.ush" 2279
"../../../Engine/Plugins/FX/Niagara/Shaders/Private/NiagaraGenerateMips.usf" 2280
"../../../Engine/Plugins/FX/Niagara/Shaders/Private/NiagaraDebugDraw.usf" 2281
"../../../Engine/Plugins/FX/Niagara/Shaders/Private/NiagaraDebugDraw.ush" 2282
"../../../Engine/Plugins/FX/Niagara/Shaders/Private/NiagaraVisualizeTexture.usf" 2283
"../../../Engine/Plugins/FX/Niagara/Shaders/Private/NiagaraClearCounts.usf" 2284
"../../../Engine/Plugins/FX/Niagara/Shaders/Private/NiagaraBatchedElements.usf" 2285
"../../../Engine/Plugins/FX/Niagara/Shaders/Private/NiagaraRayTracingShaders.usf" 2286
"../../../Engine/Plugins/FX/Niagara/Shaders/Private/NiagaraAsyncGpuTraceCommon.ush" 2287
"../../../Engine/Shaders/Private/HashTable.ush" 2288
"../../../Engine/Shaders/Private/Hash.ush" 2289
"../../../Engine/Shaders/Private/RayTracing/VFXTraceRay.ush" 2290
"../../../Engine/Plugins/FX/Niagara/Shaders/Private/NiagaraRayMarchingShaders.usf" 2291
"../../../Engine/Plugins/FX/Niagara/Shaders/Private/NiagaraRayTraceCollisionGroupShaders.usf" 2292
"../../../Engine/Plugins/FX/Niagara/Shaders/Private/NiagaraAsyncGpuTraceUtils.usf" 2293
"../../../Engine/Shaders/Private/VirtualTextureAdapter.usf" 2294
"../../../Engine/Shaders/Private/BlockCompressionCommon.ush" 2295
"../../../Engine/Shaders/Private/BCCompressionCommon.ush" 2296
"../../../Engine/Shaders/Private/TranslucentLightingShaders.usf" 2297
"../../../Engine/Shaders/Private/CubemapCommon.ush" 2298
"../../../Engine/Shaders/Private/VectorFieldCompositeShaders.usf" 2299
"../../../Engine/Shaders/Private/UpdateTextureShaders.usf" 2300
"../../../Engine/Shaders/Private/StereoLayerShader.usf" 2301
"../../../Engine/Shaders/Private/SparseVolumeTexture/UpdateSparseVolumeTexture.usf" 2302
"../../../Engine/Shaders/Private/MorphTargets.usf" 2303
"../../../Engine/Shaders/Private/SimpleElementColorChannelMaskPixelShader.usf" 2304
"../../../Engine/Shaders/Private/SimpleElementHitProxyPixelShader.usf" 2305
"../../../Engine/Shaders/Private/SimpleElementPixelShader.usf" 2306
"../../../Engine/Shaders/Private/IESLightProfilesCommon.ush" 2307
"../../../Engine/Shaders/Private/SimpleElementVertexShader.usf" 2308
"../../../Engine/Shaders/Private/ScreenPixelShaderOES.usf" 2309
"../../../Engine/Shaders/Private/ScreenVertexShader.usf" 2310
"../../../Engine/Shaders/Private/ScreenPixelShader.usf" 2311
"../../../Engine/Shaders/Private/SSProfilePreIntegratedMobile.usf" 2312
"../../../Engine/Shaders/Private/SpecularProfile.usf" 2313
"../../../Engine/Shaders/Private/Nanite/NaniteStreaming.usf" 2314
"../../../Engine/Shaders/Private/Nanite/NaniteStreaming.ush" 2315
"../../../Engine/Shaders/Private/Nanite/NaniteTranscode.usf" 2316
"../../../Engine/Shaders/Private/VolumetricLightmapStreaming.usf" 2317
"../../../Engine/Shaders/Private/PhysicsFieldReset.usf" 2318
"../../../Engine/Shaders/Private/PhysicsFieldBuilder.usf" 2319
"../../../Engine/Shaders/Private/PhysicsFieldEval.ush" 2320
"../../../Engine/Shaders/Private/ParticleSortKeyGen.usf" 2321
"../../../Engine/Shaders/Private/ParticleBoundsShader.usf" 2322
"../../../Engine/Shaders/Private/ParticleSimVisualizeShader.usf" 2323
"../../../Engine/Shaders/Private/ParticleInjectionShader.usf" 2324
"../../../Engine/Shaders/Private/ParticleSimulationShader.usf" 2325
"../../../Engine/Shaders/Private/ParticleCurveInjectionShader.usf" 2326
"../../../Engine/Shaders/Private/CopyUIntBuffer.usf" 2327
"../../../Engine/Shaders/Private/RadixSortShaders.usf" 2328
"../../../Engine/Shaders/Private/RecomputeTangentsPerVertexPass.usf" 2329
"../../../Engine/Shaders/Private/RecomputeTangentsCommon.ush" 2330
"../../../Engine/Shaders/Private/RecomputeTangentsPerTrianglePass.usf" 2331
"../../../Engine/Shaders/Private/GpuSkinCacheComputeShader.usf" 2332
"../../../Engine/Shaders/Private/HeightFieldAtlasManagement.usf" 2333
"../../../Engine/Shaders/Private/Landscape/LandscapeEditLayersUtils.usf" 2334
"../../../Engine/Shaders/Private/Landscape/LandscapeCommon.ush" 2335
"../../../Engine/Shaders/Private/Landscape/LandscapeEditLayersWeightmaps.usf" 2336
"../../../Engine/Shaders/Private/Landscape/LandscapeEditLayersHeightmaps.usf" 2337
"../../../Engine/Shaders/Private/Landscape/LandscapeLayersWeightmapsPS.usf" 2338
"../../../Engine/Shaders/Private/Landscape/LandscapeLayersHeightmapsPS.usf" 2339
"../../../Engine/Shaders/Private/LandscapeLayersCS.usf" 2340
"../../../Engine/Shaders/Private/LandscapeLayersPS.usf" 2341
"../../../Engine/Shaders/Private/LandscapeLayersVS.usf" 2342
"../../../Engine/Shaders/Private/LandscapePhysicalMaterial.usf" 2343
"../../../Engine/Shaders/Private/LandscapeGrassWeight.usf" 2344
"../../../Engine/Shaders/Private/Landscape/LandscapeCulling.usf" 2345
"../../../Engine/Shaders/Private/Nanite/NaniteHZBCull.ush" 2346
"../../../Engine/Shaders/Private/HZB.ush" 2347
"../../../Engine/Shaders/Private/Landscape/LandscapeMergeTexturesPS.usf" 2348
"../../../Engine/Shaders/Private/WideCustomResolveShaders.usf" 2349
"../../../Engine/Shaders/Private/WideCustomResolve_Wide.ush" 2350
"../../../Engine/Shaders/Private/WideCustomResolve_Wider.ush" 2351
"../../../Engine/Shaders/Private/WideCustomResolve_Widest.ush" 2352
"../../../Engine/Shaders/Private/WaterInfoTextureBlur.usf" 2353
"../../../Engine/Shaders/Private/WaterInfoTextureMerge.usf" 2354
"../../../Engine/Shaders/Private/PageTableUpdate.usf" 2355
"../../../Engine/Shaders/Private/VirtualTextureCompress.usf" 2356
"../../../Engine/Shaders/Private/ASTCCompressionCommon.ush" 2357
"../../../Engine/Shaders/Private/IntegerSequenceEncoding.ush" 2358
"../../../Engine/Shaders/Private/ETCCompressionCommon.ush" 2359
"../../../Engine/Shaders/Private/VirtualTextureMaterial.usf" 2360
"../../../Engine/Shaders/Private/PixelShaderOutputCommon.ush" 2361
"../../../Engine/Shaders/Private/ShaderOutputCommon.ush" 2362
"../../../Engine/Shaders/Private/VolumetricRenderTarget.usf" 2363
"../../../Engine/Shaders/Private/HeightFogCommon.ush" 2364
"../../../Engine/Shaders/Private/LocalFogVolumes/LocalFogVolumeCommon.ush" 2365
"../../../Engine/Shaders/Private/ReflectionEnvironmentShared.ush" 2366
"../../../Engine/Shaders/Private/VolumetricFogVoxelization.usf" 2367
"../../../Engine/Shaders/Private/VolumetricCloudMaterialPixelCommon.ush" 2368
"../../../Engine/Shaders/Private/VolumetricFogLightFunction.usf" 2369
"../../../Engine/Shaders/Private/LightFunctionCommon.ush" 2370
"../../../Engine/Shaders/Private/VolumetricFog.usf" 2371
"../../../Engine/Shaders/Private/DeferredLightingCommon.ush" 2372
"../../../Engine/Shaders/Private/DynamicLightingCommon.ush" 2373
"../../../Engine/Shaders/Private/CapsuleLightIntegrate.ush" 2374
"../../../Engine/Shaders/Private/CapsuleLightSampling.ush" 2375
"../../../Engine/Shaders/Private/RectLightIntegrate.ush" 2376
"../../../Engine/Shaders/Private/ScreenSpaceShadowRayCast.ush" 2377
"../../../Engine/Shaders/Private/LightFunctionAtlas/LightFunctionAtlasCommon.usf" 2378
"../../../Engine/Shaders/Private/HeterogeneousVolumes/HeterogeneousVolumesAdaptiveVolumetricShadowMapSampling.ush" 2379
"../../../Engine/Shaders/Private/HeterogeneousVolumes/HeterogeneousVolumesAdaptiveVolumetricShadowMapUtils.ush" 2380
"../../../Engine/Shaders/Private/HeterogeneousVolumes/HeterogeneousVolumesRayMarchingUtils.ush" 2381
"../../../Engine/Shaders/Private/HeterogeneousVolumes/HeterogeneousVolumesRayMarchingTypes.ush" 2382
"../../../Engine/Shaders/Private/PathTracing/Utilities/PathTracingRandomSequence.ush" 2383
"../../../Engine/Shaders/Private/HeterogeneousVolumes/HeterogeneousVolumesTracingUtils.ush" 2384
"../../../Engine/Shaders/Private/VelocityCommon.ush" 2385
"../../../Engine/Shaders/Private/HeterogeneousVolumes/HeterogeneousVolumesTransmittanceVolumeUtils.ush" 2386
"../../../Engine/Shaders/Private/ForwardShadowingCommon.ush" 2387
"../../../Engine/Shaders/Private/ShadowFilteringCommon.ush" 2388
"../../../Engine/Shaders/Private/PixelQuadMessagePassing.ush" 2389
"../../../Engine/Shaders/Private/VolumeLightingCommon.ush" 2390
"../../../Engine/Shaders/Private/ShadowProjectionCommon.ush" 2391
"../../../Engine/Shaders/Private/VolumeLightingCommonSampling.ush" 2392
"../../../Engine/Shaders/Private/Lumen/LumenTranslucencyVolumeShared.ush" 2393
"../../../Engine/Shaders/Private/Lumen/LumenRadianceCacheInterpolation.ush" 2394
"../../../Engine/Shaders/Private/HeterogeneousVolumes/HeterogeneousVolumesAdaptiveVolumetricShadowMapSampler.ush" 2395
"../../../Engine/Shaders/Private/LightGridCommon.ush" 2396
"../../../Engine/Shaders/Private/DistanceFieldAOShared.ush" 2397
"../../../Engine/Shaders/Private/IntersectionUtils.ush" 2398
"../../../Engine/Shaders/Private/VolumetricLightmapShared.ush" 2399
"../../../Engine/Shaders/Private/LightDataUniforms.ush" 2400
"../../../Engine/Shaders/Private/VirtualShadowMaps/VirtualShadowMapProjectionCommon.ush" 2401
"../../../Engine/Shaders/Private/VirtualShadowMaps/VirtualShadowMapPageAccessCommon.ush" 2402
"../../../Engine/Shaders/Shared/VirtualShadowMapDefinitions.h" 2403
"../../../Engine/Shaders/Shared/HLSLMathAliases.h" 2404
"../../../Engine/Shaders/Private/VirtualShadowMaps/VirtualShadowMapProjectionStructs.ush" 2405
"../../../Engine/Shaders/Private/VolumetricCloudCommon.ush" 2406
"../../../Engine/Shaders/Private/VolumetricCloud.usf" 2407
"../../../Engine/Shaders/Private/VisualizeVolumetricLightmap.usf" 2408
"../../../Engine/Shaders/Private/VirtualShadowMaps/VirtualShadowMapProjectionComposite.usf" 2409
"../../../Engine/Shaders/Private/LightShaderParameters.ush" 2410
"../../../Engine/Shaders/Private/VirtualShadowMaps/VirtualShadowMapMaskBitsCommon.ush" 2411
"../../../Engine/Shaders/Private/VirtualShadowMaps/VirtualShadowMapLightGrid.ush" 2412
"../../../Engine/Shaders/Private/VirtualShadowMaps/VirtualShadowMapProjection.usf" 2413
"../../../Engine/Shaders/Private/Visualization.ush" 2414
"../../../Engine/Shaders/Private/VirtualShadowMaps/VirtualShadowMapProjectionFilter.ush" 2415
"../../../Engine/Shaders/Private/VirtualShadowMaps/VirtualShadowMapProjectionDirectional.ush" 2416
"../../../Engine/Shaders/Private/VirtualShadowMaps/VirtualShadowMapSMRTCommon.ush" 2417
"../../../Engine/Shaders/Private/VirtualShadowMaps/VirtualShadowMapSMRTTemplate.ush" 2418
"../../../Engine/Shaders/Private/VirtualShadowMaps/VirtualShadowMapProjectionSpot.ush" 2419
"../../../Engine/Shaders/Private/VirtualShadowMaps/VirtualShadowMapTransmissionCommon.ush" 2420
"../../../Engine/Shaders/Private/VirtualShadowMaps/VirtualShadowMapScreenRayTrace.ush" 2421
"../../../Engine/Shaders/Private/VirtualShadowMaps/VirtualShadowMapStats.ush" 2422
"../../../Engine/Shaders/Private/HairStrands/HairStrandsVoxelPageCommon.ush" 2423
"../../../Engine/Shaders/Private/HairStrands/HairStrandsVoxelPageTraversal.ush" 2424
"../../../Engine/Shaders/Private/VirtualShadowMaps/VirtualShadowMapCacheGPUInvalidation.usf" 2425
"../../../Engine/Shaders/Private/VirtualShadowMaps/VirtualShadowMapPageCacheCommon.ush" 2426
"../../../Engine/Shaders/Private/VirtualShadowMaps/VirtualShadowMapCacheInvalidation.ush" 2427
"../../../Engine/Shaders/Private/VirtualShadowMaps/VirtualShadowMapPageOverlap.ush" 2428
"../../../Engine/Shaders/Private/ScreenSpaceDenoise/SSDDefinitions.ush" 2429
"../../../Engine/Shaders/Private/InstanceCulling/InstanceCullingLoadBalancer.ush" 2430
"../../../Engine/Shaders/Private/VirtualShadowMaps/VirtualShadowMapCacheLoadBalancer.usf" 2431
"../../../Engine/Shaders/Private/VirtualShadowMaps/VirtualShadowMapCopyStats.usf" 2432
"../../../Engine/Shaders/Private/VirtualShadowMaps/VirtualShadowMapDebug.usf" 2433
"../../../Engine/Shaders/Private/VirtualShadowMaps/Desaturate.usf" 2434
"../../../Engine/Shaders/Private/VirtualShadowMaps/VirtualShadowMapPhysicalPageManagement.usf" 2435
"../../../Engine/Shaders/Private/ReductionCommon.ush" 2436
"../../../Engine/Shaders/Private/GPUMessaging.ush" 2437
"../../../Engine/Shaders/Private/VirtualShadowMaps/VirtualShadowMapPerPageDispatch.ush" 2438
"../../../Engine/Shaders/Private/VirtualShadowMaps/VirtualShadowMapCompactViews.usf" 2439
"../../../Engine/Shaders/Shared/SceneCullingDefinitions.h" 2440
"../../../Engine/Shaders/Private/VirtualShadowMaps/VirtualShadowMapBuildPerPageDrawCommands.usf" 2441
"../../../Engine/Shaders/Private/Nanite/NaniteCullingCommon.ush" 2442
"../../../Engine/Shaders/Private/Nanite/NaniteCulling.ush" 2443
"../../../Engine/Shaders/Private/Nanite/NaniteHierarchyTraversalCommon.ush" 2444
"../../../Engine/Shaders/Private/InstanceCulling/InstanceCullingCommon.ush" 2445
"../../../Engine/Shaders/Shared/InstanceCullingDefinitions.h" 2446
"../../../Engine/Shaders/Private/VirtualShadowMaps/VirtualShadowMapPrintStats.usf" 2447
"../../../Engine/Shaders/Private/VirtualShadowMaps/VirtualShadowMapPageManagement.usf" 2448
"../../../Engine/Shaders/Private/VirtualShadowMaps/VirtualShadowMapPageMarking.usf" 2449
"../../../Engine/Shaders/Shared/SingleLayerWaterDefinitions.h" 2450
"../../../Engine/Shaders/Private/HairStrands/HairStrandsTileCommon.ush" 2451
"../../../Engine/Shaders/Private/Froxel/Froxel.ush" 2452
"../../../Engine/Shaders/Shared/FroxelDefinitions.h" 2453
"../../../Engine/Shaders/Private/DiaphragmDOF/DOFCommon.ush" 2454
"../../../Engine/Shaders/Private/VariableRateShading/VRSShadingRatePreview.usf" 2455
"../../../Engine/Shaders/Private/VariableRateShading/VRSShadingRateCommon.ush" 2456
"../../../Engine/Shaders/Private/VariableRateShading/VRSShadingRateCombine.usf" 2457
"../../../Engine/Shaders/Private/VariableRateShading/VRSShadingRateFoveated.usf" 2458
"../../../Engine/Shaders/Private/VariableRateShading/VRSShadingRateReproject.usf" 2459
"../../../Engine/Shaders/Private/VariableRateShading/VRSShadingRateCalculate.usf" 2460
"../../../Engine/Shaders/Private/TranslucencyUpsampling.usf" 2461
"../../../Engine/Shaders/Private/ComposeSeparateTranslucency.usf" 2462
"../../../Engine/Shaders/Private/SeparateTranslucency.ush" 2463
"../../../Engine/Shaders/Private/TranslucentLightInjectionShaders.usf" 2464
"../../../Engine/Shaders/Private/TranslucentShadowDepthShaders.usf" 2465
"../../../Engine/Shaders/Private/ShadowDepthCommon.ush" 2466
"../../../Engine/Shaders/Private/RayTracing/RayTracingTest.usf" 2467
"../../../Engine/Shaders/Private/PostprocessSubsurfaceTile.usf" 2468
"../../../Engine/Shaders/Private/PostProcessSubsurfaceCommon.ush" 2469
"../../../Engine/Shaders/Private/Substrate/SubstrateVisualize.usf" 2470
"../../../Engine/Shaders/Private/Substrate/SubstrateTile.ush" 2471
"../../../Engine/Shaders/Shared/SubstrateVisualizeDefinitions.h" 2472
"../../../Engine/Shaders/Private/Substrate/SubstrateVisualizeCommon.ush" 2473
"../../../Engine/Shaders/Private/SkyLightingDiffuseShared.ush" 2474
"../../../Engine/Shaders/Private/SkyLightingShared.ush" 2475
"../../../Engine/Shaders/Private/ClearCoatCommon.ush" 2476
"../../../Engine/Shaders/Private/ReflectionEnvironmentComposite.ush" 2477
"../../../Engine/Shaders/Private/Substrate/SubstrateLightingCommon.ush" 2478
"../../../Engine/Shaders/Private/Substrate/SubstrateRoughRefraction.usf" 2479
"../../../Engine/Shaders/Private/PathTracing/Material/PathTracingFresnel.ush" 2480
"../../../Engine/Shaders/Private/PathTracing/Material/PathTracingGlossy.ush" 2481
"../../../Engine/Shaders/Private/Substrate/SubstrateMaterialSampling.usf" 2482
"../../../Engine/Shaders/Private/Substrate/SubstrateMaterialSampling.ush" 2483
"../../../Engine/Shaders/Private/Lumen/LumenPosition.ush" 2484
"../../../Engine/Shaders/Private/Substrate/SubstrateTile.usf" 2485
"../../../Engine/Shaders/Private/Substrate/SubstrateMaterialClassification.usf" 2486
"../../../Engine/Shaders/Private/Substrate/SubstrateDBuffer.usf" 2487
"../../../Engine/Shaders/Private/StochasticLighting/StochasticLightingDenoising.usf" 2488
"../../../Engine/Shaders/Private/Lumen/LumenMaterial.ush" 2489
"../../../Engine/Shaders/Private/StochasticLighting/StochasticLightingCommon.ush" 2490
"../../../Engine/Shaders/Private/SplineMeshSceneTexture.usf" 2491
"../../../Engine/Shaders/Private/SparseVolumeTexture/VisualizeSparseVolumeTexture.usf" 2492
"../../../Engine/Shaders/Private/SkyAtmosphere.usf" 2493
"../../../Engine/Shaders/Private/Skinning/SkinnedMeshDebug.usf" 2494
"../../../Engine/Shaders/Private/Skinning/AnimBankEval.usf" 2495
"../../../Engine/Shaders/Private/SingleLayerWaterComposite.usf" 2496
"../../../Engine/Shaders/Private/Froxel/FroxelBuild.ush" 2497
"../../../Engine/Shaders/Private/SingleLayerWaterRefractionCulling.usf" 2498
"../../../Engine/Shaders/Private/ScreenSpaceShadows.usf" 2499
"../../../Engine/Shaders/Private/bend_sss_gpu.ush" 2500
"../../../Engine/Shaders/Private/ShadowFactorsUpsampleCommon.ush" 2501
"../../../Engine/Shaders/Private/FirstPersonSelfShadow.usf" 2502
"../../../Engine/Shaders/Private/HZBTracing.ush" 2503
"../../../Engine/Shaders/Private/ShadowProjectionVertexShader.usf" 2504
"../../../Engine/Shaders/Private/ShadowProjectionPixelShader.usf" 2505
"../../../Engine/Shaders/Private/MobileLightingCommon.ush" 2506
"../../../Engine/Shaders/Private/PlanarReflectionShared.ush" 2507
"../../../Engine/Shaders/Private/MobileSSR.ush" 2508
"../../../Engine/Shaders/Private/SSRT/SSRTRayCast.ush" 2509
"../../../Engine/Shaders/Private/ShadowPercentageCloserFiltering.ush" 2510
"../../../Engine/Shaders/Private/TransmissionThickness.ush" 2511
"../../../Engine/Shaders/Private/CopyShadowMaps.usf" 2512
"../../../Engine/Shaders/Private/ShadowDepthPixelShader.usf" 2513
"../../../Engine/Shaders/Private/ShadowDepthVertexShader.usf" 2514
"../../../Engine/Shaders/Private/ShadingEnergyConservationTable.usf" 2515
"../../../Engine/Shaders/Shared/PathTracingDefinitions.h" 2516
"../../../Engine/Shaders/Private/ShadingFurnaceTest.usf" 2517
"../../../Engine/Shaders/Private/Substrate/SubstrateDeferredLighting.ush" 2518
"../../../Engine/Shaders/Private/ShaderPrintDraw.usf" 2519
"../../../Engine/Shaders/Private/ShaderPrintDrawPrimitive.usf" 2520
"../../../Engine/Shaders/Private/DefaultSSRTiles.usf" 2521
"../../../Engine/Shaders/Private/ScreenSpaceReflectionTileCommons.ush" 2522
"../../../Engine/Shaders/Private/SSRT/SSRTDiffuseIndirect.usf" 2523
"../../../Engine/Shaders/Private/SSRT/SSRTTileClassificationBuffer.ush" 2524
"../../../Engine/Shaders/Private/SSRT/SSRTReflections.usf" 2525
"../../../Engine/Shaders/Private/ScreenSpaceDenoise/SSDPublic.ush" 2526
"../../../Engine/Shaders/Private/SSRT/SSRTTileClassification.usf" 2527
"../../../Engine/Shaders/Private/SSRT/SSRTPrevFrameReduction.usf" 2528
"../../../Engine/Shaders/Private/ScreenSpaceDenoise/SSDComposeHarmonics.usf" 2529
"../../../Engine/Shaders/Private/ScreenSpaceDenoise/SSDPublicHarmonics.ush" 2530
"../../../Engine/Shaders/Private/ScreenSpaceDenoise/SSDSignalFramework.ush" 2531
"../../../Engine/Shaders/Private/ScreenSpaceDenoise/SSDCommon.ush" 2532
"../../../Engine/Shaders/Private/SphericalGaussian.ush" 2533
"../../../Engine/Shaders/Public/WaveBroadcastIntrinsics.ush" 2534
"../../../Engine/Shaders/Private/ScreenSpaceDenoise/SSDMetadata.ush" 2535
"../../../Engine/Shaders/Private/ScreenSpaceDenoise/SSDSignalCore.ush" 2536
"../../../Engine/Shaders/Private/ScreenSpaceDenoise/DenoisingCommon.ush" 2537
"../../../Engine/Shaders/Private/ScreenSpaceDenoise/SSDSignalArray.ush" 2538
"../../../Engine/Shaders/Private/ScreenSpaceDenoise/SSDSignalBufferEncoding.ush" 2539
"../../../Engine/Shaders/Private/ScreenSpaceDenoise/SSDPublicBufferEncoding.ush" 2540
"../../../Engine/Shaders/Private/Lumen/LumenBufferEncoding.ush" 2541
"../../../Engine/Shaders/Private/ScreenSpaceDenoise/SSDTemporalAccumulation.usf" 2542
"../../../Engine/Shaders/Private/ScreenSpaceDenoise/SSDSpatialKernel.ush" 2543
"../../../Engine/Shaders/Private/ScreenSpaceDenoise/SSDSignalAccumulatorArray.ush" 2544
"../../../Engine/Shaders/Private/ScreenSpaceDenoise/SSDSignalAccumulator.ush" 2545
"../../../Engine/Shaders/Private/ScreenSpaceDenoise/SSDSignalCompression.ush" 2546
"../../../Engine/Shaders/Private/ScreenSpaceDenoise/SSDSpatialAccumulation.usf" 2547
"../../../Engine/Shaders/Private/ScreenSpaceDenoise/SSDInjest.usf" 2548
"../../../Engine/Shaders/Private/ScreenSpaceDenoise/SSDCompressMetadata.usf" 2549
"../../../Engine/Shaders/Private/DownsampleDepthPixelShader.usf" 2550
"../../../Engine/Shaders/Private/ScreenPass.usf" 2551
"../../../Engine/Shaders/Private/HZB.usf" 2552
"../../../Engine/Shaders/Private/OcclusionFeedbackShaders.usf" 2553
"../../../Engine/Shaders/Private/HZBOcclusion.usf" 2554
"../../../Engine/Shaders/Private/OcclusionQueryPixelShader.usf" 2555
"../../../Engine/Shaders/Private/OcclusionQueryVertexShader.usf" 2556
"../../../Engine/Shaders/Private/HitProxyCopy.usf" 2557
"../../../Engine/Shaders/Private/HitProxyPixelShader.usf" 2558
"../../../Engine/Shaders/Private/HitProxyVertexShader.usf" 2559
"../../../Engine/Shaders/Private/SceneCulling/SceneCullingDebugRender.usf" 2560
"../../../Engine/Shaders/Private/SceneCulling/SceneCulling.ush" 2561
"../../../Engine/Shaders/Private/SceneCulling/SceneCullingBuildExplicitBounds.usf" 2562
"../../../Engine/Shaders/Private/SceneCapturePixelShader.usf" 2563
"../../../Engine/Shaders/Private/RendererUtils.usf" 2564
"../../../Engine/Shaders/Private/RTWriteMaskDecode.usf" 2565
"../../../Engine/Shaders/Private/ReflectionEnvironmentShaders.usf" 2566
"../../../Engine/Shaders/Private/RectLightAtlas.usf" 2567
"../../../Engine/Shaders/Private/RayTracing/TraceRayInlineStatistics.usf" 2568
"../../../Engine/Shaders/Private/RayTracing/CompositeSkyLightPS.usf" 2569
"../../../Engine/Shaders/Private/RayTracing/GenerateSkyLightVisibilityRaysCS.usf" 2570
"../../../Engine/Shaders/Private/RayTracing/RayTracingSkyLightCommon.ush" 2571
"../../../Engine/Shaders/Private/RayTracing/SkyLightVisibilityRaysData.ush" 2572
"../../../Engine/Shaders/Private/Raytracing/RaytracingSkylightRGS.usf" 2573
"../../../Engine/Shaders/Private/HairStrands/HairStrandsRaytracing.ush" 2574
"../../../Engine/Shaders/Private/Raytracing/RayTracingSkyLightEvaluation.ush" 2575
"../../../Engine/Shaders/Private/Raytracing/RayTracingDeferredShadingCommon.ush" 2576
"../../../Engine/Shaders/Private/RayTracing/RayTracingOcclusionRGS.usf" 2577
"../../../Engine/Shaders/Private/RayTracing/RayTracingDirectionalLight.ush" 2578
"../../../Engine/Shaders/Private/RayTracing/RayTracingRectLight.ush" 2579
"../../../Engine/Shaders/Private/RayTracing/RayTracingSphereLight.ush" 2580
"../../../Engine/Shaders/Private/RayTracing/RayTracingCapsuleLight.ush" 2581
"../../../Engine/Shaders/Private/Raytracing/RayTracingFeedback.usf" 2582
"../../../Engine/Shaders/Shared/RayTracingDebugTypes.h" 2583
"../../../Engine/Shaders/Private/RayTracing/RayTracingPrimaryRays.usf" 2584
"../../../Engine/Shaders/Private/RayTracing/RayTracingLightingCommon.ush" 2585
"../../../Engine/Shaders/Private/RayTracing/RayTracingLightCullingCommon.ush" 2586
"../../../Engine/Shaders/Private/RayTracing/RayTracingMaterialDefaultHitShaders.usf" 2587
"../../../Engine/Shaders/Private/RayTracing/RayTracingMaterialHitShaders.usf" 2588
"../../../Engine/Shaders/Private/RayTracing/RayTracingShaderUtils.ush" 2589
"../../../Engine/Shaders/Private/RayTracing/RayTracingCalcInterpolants.ush" 2590
"../../../Engine/Shaders/Private/LightmapCommon.ush" 2591
"../../../Engine/Shaders/Private/Lumen/LumenHardwareRayTracingPayloadCommon.ush" 2592
"../../../Engine/Shaders/Shared/LumenDefinitions.h" 2593
"../../../Engine/Shaders/Private/Substrate/SubstrateExport.ush" 2594
"../../../Engine/Shaders/Private/RayTracing/RayTracingLightingMS.usf" 2595
"../../../Engine/Shaders/Private/Lumen/LumenDiffuseColorBoost.ush" 2596
"../../../Engine/Shaders/Private/RayTracing/RayTracingLightFunctionCommon.ush" 2597
"../../../Engine/Shaders/Private/RayTracing/RayTracingBuildLightGrid.usf" 2598
"../../../Engine/Shaders/Private/Raytracing/RayTracingInstanceBufferUtil.usf" 2599
"../../../Engine/Shaders/Private/RayTracing/RayTracingDynamicMesh.usf" 2600
"../../../Engine/Shaders/Private/RayTracing/RayTracingDefaultDecalHitShader.usf" 2601
"../../../Engine/Shaders/Private/RayTracing/RayTracingDecalMaterialShader.usf" 2602
"../../../Engine/Shaders/Private/PathTracing/PathTracingShaderUtils.ush" 2603
"../../../Engine/Shaders/Private/PathTracing/PathTracingCommon.ush" 2604
"../../../Engine/Shaders/Private/PathTracing/Material/PathTracingMaterialCommon.ush" 2605
"../../../Engine/Shaders/Private/PathTracing/Utilities/PathTracingRIS.ush" 2606
"../../../Engine/Shaders/Private/RayTracing/RayTracingBuildDecalGrid.usf" 2607
"../../../Engine/Shaders/Private/RayTracing/RayTracingDebugHitStatsUtils.usf" 2608
"../../../Engine/Shaders/Private/RayTracing/RayTracingDebugInstanceOverlap.usf" 2609
"../../../Engine/Shaders/Private/RayTracing/RayTracingDebugPicking.usf" 2610
"../../../Engine/Shaders/Private/RayTracing/RayTracingDebugUtils.ush" 2611
"../../../Engine/Shaders/Private/RayTracing/RayTracingDebugTraversal.usf" 2612
"../../../Engine/Shaders/Private/RayTracing/RayTracingDeferredMaterials.ush" 2613
"../../../Engine/Shaders/Shared/ThirdParty/AMD/ags_shader_intrinsics_dx12.h" 2614
"../../../Engine/Shaders/Shared/RayTracingDebugDefinitions.h" 2615
"../../../Engine/Shaders/Private/RayTracing/RayTracingDebugHitStatsCHS.usf" 2616
"../../../Engine/Shaders/Private/RayTracing/RayTracingDebugHitStats.usf" 2617
"../../../Engine/Shaders/Private/RayTracing/RayTracingDebugMS.usf" 2618
"../../../Engine/Shaders/Private/RayTracing/RayTracingDebugCHS.usf" 2619
"../../../Engine/Shaders/Private/RayTracing/RayTracingDebug.usf" 2620
"../../../Engine/Shaders/Private/RayTracing/RayTracingBuiltInShaders.usf" 2621
"../../../Engine/Shaders/Private/RayTracing/RayTracingBarycentrics.usf" 2622
"../../../Engine/Shaders/Private/RayTracing/RayTracingAmbientOcclusionRGS.usf" 2623
"../../../Engine/Shaders/Private/VisualizeShadingModels.usf" 2624
"../../../Engine/Shaders/Private/MotionBlur/VisualizeMotionVectors.usf" 2625
"../../../Engine/Shaders/Private/TemporalSuperResolution/TSRVisualize.usf" 2626
"../../../Engine/Shaders/Private/TemporalSuperResolution/TSRColorSpace.ush" 2627
"../../../Engine/Shaders/Private/TemporalSuperResolution/TSRCommon.ush" 2628
"../../../Engine/Shaders/Public/DualPixelVectorization.ush" 2629
"../../../Engine/Shaders/Private/TemporalSuperResolution/TSRReprojectionField.ush" 2630
"../../../Engine/Shaders/Private/TemporalSuperResolution/TSRResolveHistory.usf" 2631
"../../../Engine/Shaders/Private/TemporalSuperResolution/TSRConvolutionNetwork.ush" 2632
"../../../Engine/Shaders/Private/TemporalSuperResolution/TSRKernels.ush" 2633
"../../../Engine/Shaders/Public/LaneVectorization.ush" 2634
"../../../Engine/Shaders/Private/TemporalSuperResolution/TSRUpdateHistory.usf" 2635
"../../../Engine/Shaders/Private/TemporalSuperResolution/TSRSpatialAntiAliasing.ush" 2636
"../../../Engine/Shaders/Private/TemporalSuperResolution/TSRSpatialAntiAliasing.usf" 2637
"../../../Engine/Shaders/Private/TemporalSuperResolution/TSRRejectShading.usf" 2638
"../../../Engine/Shaders/Private/TemporalSuperResolution/TSRShadingAnalysis.ush" 2639
"../../../Engine/Shaders/Private/TemporalSuperResolution/TSRConvolutionNetworkPass.ush" 2640
"../../../Engine/Shaders/Private/TemporalSuperResolution/TSRDecimateHistory.usf" 2641
"../../../Engine/Shaders/Private/TemporalSuperResolution/TSRDepthVelocityAnalysis.ush" 2642
"../../../Engine/Shaders/Private/TemporalSuperResolution/TSRClosestOccluder.ush" 2643
"../../../Engine/Shaders/Private/TemporalSuperResolution/TSRWeightRelaxation.usf" 2644
"../../../Engine/Shaders/Private/TemporalSuperResolution/TSRThinGeometryCommon.ush" 2645
"../../../Engine/Shaders/Private/TemporalSuperResolution/TSRDetectThinGeometry.usf" 2646
"../../../Engine/Shaders/Private/TemporalSuperResolution/TSRDilateVelocity.usf" 2647
"../../../Engine/Shaders/Private/MotionBlur/MotionBlurVelocityFlatten.ush" 2648
"../../../Engine/Shaders/Private/MotionBlur/MotionBlurCommon.ush" 2649
"../../../Engine/Shaders/Private/TemporalSuperResolution/TSRClearPrevTextures.usf" 2650
"../../../Engine/Shaders/Private/TemporalSuperResolution/TSRMeasureCoverage.usf" 2651
"../../../Engine/Shaders/Private/TemporalSuperResolution/TSRMeasureFlickeringLuma.usf" 2652
"../../../Engine/Shaders/Private/TemporalAA.usf" 2653
"../../../Engine/Shaders/Private/FilterPixelShader.usf" 2654
"../../../Engine/Shaders/Private/FilterVertexShader.usf" 2655
"../../../Engine/Shaders/Private/VisualizeVirtualTexture.usf" 2656
"../../../Engine/Shaders/Private/PostProcessVisualizeBuffer.usf" 2657
"../../../Engine/Shaders/Private/PostProcessVisualizeLocalExposure.usf" 2658
"../../../Engine/Shaders/Private/PostProcessHistogramCommon.ush" 2659
"../../../Engine/Shaders/Private/TonemapCommon.ush" 2660
"../../../Engine/Shaders/Private/ACES/ACESCommon.ush" 2661
"../../../Engine/Shaders/Private/ACES/ACESOutputTransform.ush" 2662
"../../../Engine/Shaders/Private/ACES/ACESUtilities.ush" 2663
"../../../Engine/Shaders/Private/ACES/ACESTonescale.ush" 2664
"../../../Engine/Shaders/Private/ACES/ACESDisplayEncoding.ush" 2665
"../../../Engine/Shaders/Private/ACES/ACES_v1.3.ush" 2666
"../../../Engine/Shaders/Private/PostProcessVisualizeLevelInstance.usf" 2667
"../../../Engine/Shaders/Private/PostProcessVisualizeHDR.usf" 2668
"../../../Engine/Shaders/Private/ShaderComplexityApplyPixelShader.usf" 2669
"../../../Engine/Shaders/Private/QuadOverdraw.ush" 2670
"../../../Engine/Shaders/Private/PostProcessUpscale.usf" 2671
"../../../Engine/Shaders/Private/PostProcessTonemap.usf" 2672
"../../../Engine/Shaders/Private/PostProcessing/FilmGrainPackConstants.usf" 2673
"../../../Engine/Shaders/Private/PostProcessing/FilmGrainReduce.usf" 2674
"../../../Engine/Shaders/Private/PostProcessTestImage.usf" 2675
"../../../Engine/Shaders/Private/PostProcessSubsurface.usf" 2676
"../../../Engine/Shaders/Private/SeparableSSS.ush" 2677
"../../../Engine/Shaders/Private/SubsurfaceBurleyNormalized.ush" 2678
"../../../Engine/Shaders/Private/PostProcessSelectionOutline.usf" 2679
"../../../Engine/Shaders/Private/MotionBlur/MotionBlurVisualize.usf" 2680
"../../../Engine/Shaders/Private/MotionBlur/MotionBlurApply.usf" 2681
"../../../Engine/Shaders/Private/MotionBlur/MotionBlurFilterTileClassify.usf" 2682
"../../../Engine/Shaders/Private/MotionBlur/MotionBlurTileScatter.usf" 2683
"../../../Engine/Shaders/Private/MotionBlur/MotionBlurTileGather.usf" 2684
"../../../Engine/Shaders/Private/MotionBlur/MotionBlurVelocityFlatten.usf" 2685
"../../../Engine/Shaders/Private/PostProcessMobile.usf" 2686
"../../../Engine/Shaders/Private/PostProcessMitchellNetravali.usf" 2687
"../../../Engine/Shaders/Private/PostProcessMaterialShaders.usf" 2688
"../../../Engine/Shaders/Private/NeuralPostProcessCommon.usf" 2689
"../../../Engine/Shaders/Private/PostProcessLocalExposure.usf" 2690
"../../../Engine/Shaders/Private/PostProcessLensFlares.usf" 2691
"../../../Engine/Shaders/Private/PostProcessGBufferHints.usf" 2692
"../../../Engine/Shaders/Private/PostProcessHMD.usf" 2693
"../../../Engine/Shaders/Private/Histogram.usf" 2694
"../../../Engine/Shaders/Private/PostProcessHistogramReduce.usf" 2695
"../../../Engine/Shaders/Private/PostProcessHistogram.usf" 2696
"../../../Engine/Shaders/Private/Bloom/BloomFinalizeApplyConstants.usf" 2697
"../../../Engine/Shaders/Private/Bloom/BloomCommon.ush" 2698
"../../../Engine/Shaders/Private/Bloom/BloomResizeKernel.usf" 2699
"../../../Engine/Shaders/Private/Bloom/BloomDownsampleKernel.usf" 2700
"../../../Engine/Shaders/Private/Bloom/BloomClampKernel.usf" 2701
"../../../Engine/Shaders/Private/Bloom/BloomPackKernelConstants.usf" 2702
"../../../Engine/Shaders/Private/Bloom/BloomSumScatterDispersionEnergy.usf" 2703
"../../../Engine/Shaders/Private/Bloom/BloomReduceKernelSurvey.usf" 2704
"../../../Engine/Shaders/Private/Bloom/BloomSurveyKernelCenterEnergy.usf" 2705
"../../../Engine/Shaders/Private/Bloom/BloomSurveyMaxScatterDispersion.usf" 2706
"../../../Engine/Shaders/Private/Bloom/BloomFindKernelCenter.usf" 2707
"../../../Engine/Shaders/Private/PostProcessEyeAdaptation.usf" 2708
"../../../Engine/Shaders/Private/TranslucencyVolumeCommon.ush" 2709
"../../../Engine/Shaders/Private/PostProcessEyeAdaptationUtils.usf" 2710
"../../../Engine/Shaders/Private/PostProcessDownsample.usf" 2711
"../../../Engine/Shaders/Private/PostProcessDOF.usf" 2712
"../../../Engine/Shaders/Private/PostProcessDeviceEncodingOnly.usf" 2713
"../../../Engine/Shaders/Private/PostProcessCompositePrimitives.usf" 2714
"../../../Engine/Shaders/Private/PostProcessCombineLUTs.usf" 2715
"../../../Engine/Shaders/Private/PostProcessVisualizeDOF.usf" 2716
"../../../Engine/Shaders/Private/PostProcessBloom.usf" 2717
"../../../Engine/Shaders/Private/PostProcessAmbientOcclusionMobile.usf" 2718
"../../../Engine/Shaders/Private/PostProcessAmbientOcclusionCommon.ush" 2719
"../../../Engine/Shaders/Private/FXAAShader.usf" 2720
"../../../Engine/Shaders/Private/Fxaa3_11.ush" 2721
"../../../Engine/Shaders/Private/PaniniProjection.usf" 2722
"../../../Engine/Shaders/Private/DiaphragmDOF/DOFRecombine.usf" 2723
"../../../Engine/Shaders/Private/DiaphragmDOF/DOFHybridScatterPixelShader.usf" 2724
"../../../Engine/Shaders/Private/DiaphragmDOF/DOFHybridScatterCommon.ush" 2725
"../../../Engine/Shaders/Private/DiaphragmDOF/DOFVignetteCommon.ush" 2726
"../../../Engine/Shaders/Private/DiaphragmDOF/DOFHybridScatterVertexShader.usf" 2727
"../../../Engine/Shaders/Private/DiaphragmDOF/DOFPostfiltering.usf" 2728
"../../../Engine/Shaders/Private/DiaphragmDOF/DOFGatherTileSuggest.ush" 2729
"../../../Engine/Shaders/Private/DiaphragmDOF/DOFCocTileCommon.ush" 2730
"../../../Engine/Shaders/Private/DiaphragmDOF/DOFGatherPass.usf" 2731
"../../../Engine/Shaders/Private/DiaphragmDOF/DOFGatherCommon.ush" 2732
"../../../Engine/Shaders/Private/DiaphragmDOF/DOFGatherAccumulator.ush" 2733
"../../../Engine/Shaders/Private/DiaphragmDOF/DOFGatherKernel.ush" 2734
"../../../Engine/Shaders/Private/DiaphragmDOF/DOFBokehLUT.usf" 2735
"../../../Engine/Shaders/Private/DiaphragmDOF/DOFHybridScatterCompilation.usf" 2736
"../../../Engine/Shaders/Private/DiaphragmDOF/DOFReduce.usf" 2737
"../../../Engine/Shaders/Private/DiaphragmDOF/DOFDownsample.ush" 2738
"../../../Engine/Shaders/Private/DiaphragmDOF/DOFHybridScatterCompilation.ush" 2739
"../../../Engine/Shaders/Private/DiaphragmDOF/DOFDownsample.usf" 2740
"../../../Engine/Shaders/Private/DiaphragmDOF/DOFCocTileDilate.usf" 2741
"../../../Engine/Shaders/Private/DiaphragmDOF/DOFCocTileFlatten.usf" 2742
"../../../Engine/Shaders/Private/DiaphragmDOF/DOFSetup.usf" 2743
"../../../Engine/Shaders/Private/Tools/DebugAlphaChannel.usf" 2744
"../../../Engine/Shaders/Private/PostProcessAlphaInvert.usf" 2745
"../../../Engine/Shaders/Private/PlanarReflectionShaders.usf" 2746
"../../../Engine/Shaders/Private/PhysicsFieldVisualizer.usf" 2747
"../../../Engine/Shaders/Private/PathTracing/PathTracingSpatialTemporalDenoising.usf" 2748
"../../../Engine/Shaders/Private/ColorDifference.ush" 2749
"../../../Engine/Shaders/Private/PathTracing/PathTracingCompositingPixelShader.usf" 2750
"../../../Engine/Shaders/Private/PathTracing/PathTracingAdaptiveUtils.ush" 2751
"../../../Engine/Shaders/Private/PathTracing/PathTracingDefaultHitShader.usf" 2752
"../../../Engine/Shaders/Private/PathTracing/PathTracingGPULightmassMaterialHitShader.usf" 2753
"../../../Engine/Shaders/Private/PathTracing/PathTracingMaterialHitShader.usf" 2754
"../../../Engine/Shaders/Private/PathTracing/Material/PathTracingSubstrateCommon.ush" 2755
"../../../Engine/Shaders/Private/PathTracing/PathTracingLightingMissShader.usf" 2756
"../../../Engine/Shaders/Private/PathTracing/PathTracingMissShader.usf" 2757
"../../../Engine/Shaders/Private/PathTracing/PathTracingAdaptiveStart.usf" 2758
"../../../Engine/Shaders/Private/PathTracing/PathTracingBuildAdaptiveError.usf" 2759
"../../../Engine/Shaders/Private/PathTracing/PathTracingVolumetricCloudMaterialShader.usf" 2760
"../../../Engine/Shaders/Private/PathTracing/Volume/PathTracingCloudsMaterialCommon.ush" 2761
"../../../Engine/Shaders/Private/PathTracing/Volume/PathTracingVolumeCommon.ush" 2762
"../../../Engine/Shaders/Private/PathTracing/Volume/PathTracingCloudsCommon.ush" 2763
"../../../Engine/Shaders/Private/PathTracing/Volume/PathTracingFog.ush" 2764
"../../../Engine/Shaders/Private/PathTracing/Volume/PathTracingAtmosphere.ush" 2765
"../../../Engine/Shaders/Private/PathTracing/Volume/PathTracingAtmosphereCommon.ush" 2766
"../../../Engine/Shaders/Private/PathTracing/Volume/PathTracingVolumeSampling.ush" 2767
"../../../Engine/Shaders/Private/PathTracing/PathTracingBuildCloudAccelerationMap.usf" 2768
"../../../Engine/Shaders/Private/PathTracing/PathTracingBuildAtmosphereLUT.usf" 2769
"../../../Engine/Shaders/Private/PathTracing/PathTracingSwizzleScanlines.usf" 2770
"../../../Engine/Shaders/Private/PathTracing/PathTracingInitExtinctionCoefficient.usf" 2771
"../../../Engine/Shaders/Private/PathTracing/PathTracingCopyDepth.usf" 2772
"../../../Engine/Shaders/Private/PathTracing/PathTracingDebug.usf" 2773
"../../../Engine/Shaders/Private/RayTracing/RayTracingDecalGrid.ush" 2774
"../../../Engine/Shaders/Private/PathTracing/Material/PathTracingMaterialSampling.ush" 2775
"../../../Engine/Shaders/Private/PathTracing/Material/PathTracingLambert.ush" 2776
"../../../Engine/Shaders/Private/PathTracing/Material/PathTracingSubstrate.ush" 2777
"../../../Engine/Shaders/Private/PathTracing/Material/PathTracingSubstrateFoliage.ush" 2778
"../../../Engine/Shaders/Private/PathTracing/Material/PathTracingSubstrateSolidGlass.ush" 2779
"../../../Engine/Shaders/Private/PathTracing/Material/PathTracingSubstrateThinGlass.ush" 2780
"../../../Engine/Shaders/Private/PathTracing/Material/PathTracingSolidGlass.ush" 2781
"../../../Engine/Shaders/Private/PathTracing/Material/PathTracingEnergyConservation.ush" 2782
"../../../Engine/Shaders/Private/PathTracing/Material/PathTracingThinGlass.ush" 2783
"../../../Engine/Shaders/Private/PathTracing/Material/PathTracingDefaultLit.ush" 2784
"../../../Engine/Shaders/Private/PathTracing/Material/PathTracingClearCoat.ush" 2785
"../../../Engine/Shaders/Private/PathTracing/Material/PathTracingTwoSidedFoliage.ush" 2786
"../../../Engine/Shaders/Private/PathTracing/Material/PathTracingCloth.ush" 2787
"../../../Engine/Shaders/Private/PathTracing/Material/PathTracingSubsurfaceProfile.ush" 2788
"../../../Engine/Shaders/Private/PathTracing/Material/PathTracingEye.ush" 2789
"../../../Engine/Shaders/Private/PathTracing/Material/PathTracingHair.ush" 2790
"../../../Engine/Shaders/Private/PathTracing/Material/PathTracingMedium.ush" 2791
"../../../Engine/Shaders/Private/PathTracing/Light/PathTracingLightSampling.ush" 2792
"../../../Engine/Shaders/Private/PathTracing/Light/PathTracingLightCommon.ush" 2793
"../../../Engine/Shaders/Private/PathTracing/Light/PathTracingDirectionalLight.ush" 2794
"../../../Engine/Shaders/Private/PathTracing/Light/PathTracingPointLight.ush" 2795
"../../../Engine/Shaders/Private/PathTracing/Light/PathTracingCapsuleLight.ush" 2796
"../../../Engine/Shaders/Private/PathTracing/Light/PathTracingRectLight.ush" 2797
"../../../Engine/Shaders/Private/PathTracing/Light/PathTracingSkyLight.ush" 2798
"../../../Engine/Shaders/Private/PathTracing/Light/PathTracingLightGrid.ush" 2799
"../../../Engine/Shaders/Private/PathTracing/PathTracing.usf" 2800
"../../../Engine/Shaders/Private/PathTracing/PathTracingCore.ush" 2801
"../../../Engine/Shaders/Private/HeterogeneousVolumes/HeterogeneousVolumesVoxelGridTypes.ush" 2802
"../../../Engine/Shaders/Private/PathTracing/Volume/PathTracingVolume.ush" 2803
"../../../Engine/Shaders/Private/PathTracing/Volume/PathTracingClouds.ush" 2804
"../../../Engine/Shaders/Private/PathTracing/Volume/PathTracingHeterogeneousVolumes.ush" 2805
"../../../Engine/Shaders/Private/HeterogeneousVolumes/HeterogeneousVolumesVoxelGridTraversal.ush" 2806
"../../../Engine/Shaders/Private/HeterogeneousVolumes/HeterogeneousVolumesVoxelGridUtils.ush" 2807
"../../../Engine/Shaders/Private/HeterogeneousVolumes/HeterogeneousVolumesFrustumVoxelGridUtils.ush" 2808
"../../../Engine/Shaders/Private/PathTracing/PathTracingBuildLightGrid.usf" 2809
"../../../Engine/Shaders/Private/PathTracing/PathTracingSkylightMISCompensation.usf" 2810
"../../../Engine/Shaders/Private/PathTracing/PathTracingSkylightPrepare.usf" 2811
"../../../Engine/Shaders/Private/OIT/OITSorting.usf" 2812
"../../../Engine/Shaders/Private/OITCombine.usf" 2813
"../../../Engine/Shaders/Private/OITCommon.ush" 2814
"../../../Engine/Shaders/Private/Nanite/Voxel/RasterizeBricks.usf" 2815
"../../../Engine/Shaders/Private/Nanite/Voxel/Brick.ush" 2816
"../../../Engine/Shaders/Private/Nanite/Voxel/Voxel.ush" 2817
"../../../Engine/Shaders/Private/Nanite/Voxel/ScatterBricks.usf" 2818
"../../../Engine/Shaders/Private/Nanite/Voxel/TileBricks.usf" 2819
"../../../Engine/Shaders/Private/Nanite/Voxel/AutoVoxel.usf" 2820
"../../../Engine/Shaders/Private/Nanite/NaniteDebugViews.usf" 2821
"../../../Engine/Shaders/Private/Nanite/NaniteEditorCommon.ush" 2822
"../../../Engine/Shaders/Private/BinarySearch.ush" 2823
"../../../Engine/Shaders/Private/Nanite/NaniteDepthDecode.usf" 2824
"../../../Engine/Shaders/Private/HTileEncoding.ush" 2825
"../../../Engine/Shaders/Private/Nanite/NaniteVisualize.usf" 2826
"../../../Engine/Shaders/Private/Nanite/NaniteStreamOut.usf" 2827
"../../../Engine/Shaders/Private/Nanite/NaniteHierarchyTraversal.ush" 2828
"../../../Engine/Shaders/Private/Nanite/NaniteSkinningUpdateViewData.usf" 2829
"../../../Engine/Shaders/Private/Skinning/TransformProviders.usf" 2830
"../../../Engine/Shaders/Private/Nanite/NaniteShadeBinning.usf" 2831
"../../../Engine/Shaders/Private/Nanite/NaniteShadeCommon.ush" 2832
"../../../Engine/Shaders/Private/Nanite/NaniteFastClear.usf" 2833
"../../../Engine/Shaders/Private/Nanite/NaniteExportGBuffer.usf" 2834
"../../../Engine/Shaders/Private/Nanite/NaniteClusterCulling.usf" 2835
"../../../Engine/Shaders/Private/Nanite/NanitePrintStats.usf" 2836
"../../../Engine/Shaders/Private/Nanite/NaniteRasterizer.usf" 2837
"../../../Engine/Shaders/Private/Nanite/NaniteRasterizationCommon.ush" 2838
"../../../Engine/Shaders/Private/Nanite/NaniteRasterizer.ush" 2839
"../../../Engine/Shaders/Private/Nanite/NaniteWritePixel.ush" 2840
"../../../Engine/Shaders/Private/Nanite/NaniteTessellation.ush" 2841
"../../../Engine/Shaders/Private/WorkDistribution.ush" 2842
"../../../Engine/Shaders/Private/Nanite/NaniteDice.ush" 2843
"../../../Engine/Shaders/Private/ShaderBundleWorkGraphCommon.ush" 2844
"../../../Engine/Shaders/Public/RootConstants.ush" 2845
"../../../Engine/Shaders/Public/Platform/D3D/D3DRootConstants.ush" 2846
"../../../Engine/Shaders/Private/Nanite/NaniteSplit.usf" 2847
"../../../Engine/Shaders/Private/Nanite/NaniteRasterBinning.usf" 2848
"../../../Engine/Shaders/Private/Nanite/NaniteInstanceCulling.usf" 2849
"../../../Engine/Shaders/Private/Nanite/NaniteImposter.ush" 2850
"../../../Engine/Shaders/Private/Nanite/NaniteInstanceHierarchyCulling.usf" 2851
"../../../Engine/Shaders/Private/WorkGroupLoadBalancer.ush" 2852
"../../../Engine/Shaders/Private/Nanite/NanitePrimitiveFilter.usf" 2853
"../../../Engine/Shaders/Private/Nanite/NaniteRasterClear.usf" 2854
"../../../Engine/Shaders/Private/Nanite/NaniteDepthExport.usf" 2855
"../../../Engine/Shaders/Private/Nanite/NaniteEmitShadow.usf" 2856
"../../../Engine/Shaders/Private/MobileDeferredUtils.usf" 2857
"../../../Engine/Shaders/Private/MobileLocalLightsBuffer.usf" 2858
"../../../Engine/Shaders/Private/MobileFog.usf" 2859
"../../../Engine/Shaders/Private/DistortApplyScreenPS.usf" 2860
"../../../Engine/Shaders/Private/MobileDeferredShading.usf" 2861
"../../../Engine/Shaders/Private/MobileBasePassPixelShader.usf" 2862
"../../../Engine/Shaders/Private/MobileBasePassCommon.ush" 2863
"../../../Engine/Shaders/Private/BasePassCommon.ush" 2864
"../../../Engine/Shaders/Private/ShadingModelsMaterial.ush" 2865
"../../../Engine/Shaders/Private/ThinTranslucentCommon.ush" 2866
"../../../Engine/Shaders/Private/SingleLayerWaterShading.ush" 2867
"../../../Engine/Shaders/Private/DistortionCommon.ush" 2868
"../../../Engine/Shaders/Private/Substrate/SubstrateMobileForwardLighting.ush" 2869
"../../../Engine/Shaders/Private/MobileBasePassVertexShader.usf" 2870
"../../../Engine/Shaders/Private/MeshEdges.usf" 2871
"../../../Engine/Shaders/Private/MegaLights/MegaLightsVSMTracing.usf" 2872
"../../../Engine/Shaders/Private/MegaLights/MegaLights.ush" 2873
"../../../Engine/Shaders/Shared/MegaLightsDefinitions.h" 2874
"../../../Engine/Shaders/Private/HairStrands/HairStrandsVisibilityUtils.ush" 2875
"../../../Engine/Shaders/Private/MegaLights/MegaLightsRayTracing.ush" 2876
"../../../Engine/Shaders/Private/MegaLights/MegaLightsRayTracing.usf" 2877
"../../../Engine/Shaders/Private/DistanceField/GlobalDistanceFieldUtils.ush" 2878
"../../../Engine/Shaders/Private/Lumen/LumenScreenTracing.ush" 2879
"../../../Engine/Shaders/Private/MegaLights/MegaLightsVolumeRayTracing.usf" 2880
"../../../Engine/Shaders/Private/MegaLights/MegaLightsVolume.ush" 2881
"../../../Engine/Shaders/Private/MegaLights/MegaLightsVolumeHardwareRayTracing.usf" 2882
"../../../Engine/Shaders/Private/Lumen/LumenHardwareRayTracingCommon.ush" 2883
"../../../Engine/Shaders/Private/RayTracing/RayTracingReflectionEnvironment.ush" 2884
"../../../Engine/Shaders/Private/Lumen/LumenHardwareRayTracingPlatformCommon.ush" 2885
"../../../Engine/Shaders/Private/Lumen/LumenReflectionsCombine.ush" 2886
"../../../Engine/Shaders/Private/Lumen/LumenTracingCommon.ush" 2887
"../../../Engine/Shaders/Private/Lumen/SurfaceCache/LumenSurfaceCacheSampling.ush" 2888
"../../../Engine/Shaders/Private/Lumen/SurfaceCache/LumenSurfaceCache.ush" 2889
"../../../Engine/Shaders/Private/Lumen/LumenCardCommon.ush" 2890
"../../../Engine/Shaders/Private/Lumen/LumenCardTileShadowDownsampleFactor.ush" 2891
"../../../Engine/Shaders/Private/MegaLights/MegaLightsHardwareRayTracing.usf" 2892
"../../../Engine/Shaders/Private/MegaLights/MegaLights.usf" 2893
"../../../Engine/Shaders/Private/MegaLights/MegaLightsShading.ush" 2894
"../../../Engine/Shaders/Private/MegaLights/MegaLightsFilterVisibleLightHash.usf" 2895
"../../../Engine/Shaders/Private/MegaLights/MegaLightsDenoiserSpatial.usf" 2896
"../../../Engine/Shaders/Private/Lumen/LumenReflectionDenoiserCommon.ush" 2897
"../../../Engine/Shaders/Private/MegaLights/MegaLightsDenoiserTemporal.usf" 2898
"../../../Engine/Shaders/Private/MegaLights/MegaLightsShading.usf" 2899
"../../../Engine/Shaders/Private/StochasticLighting/StochasticLightingUpsample.ush" 2900
"../../../Engine/Shaders/Private/MegaLights/MegaLightsVisibleLightHash.usf" 2901
"../../../Engine/Shaders/Private/MegaLights/MegaLightsVolumeShading.usf" 2902
"../../../Engine/Shaders/Private/MegaLights/MegaLightsSampling.usf" 2903
"../../../Engine/Shaders/Private/MegaLights/MegaLightsSampling.ush" 2904
"../../../Engine/Shaders/Private/MegaLights/MegaLightsVolumeSampling.usf" 2905
"../../../Engine/Shaders/Private/MaterialCache/MaterialCacheABufferPages.usf" 2906
"../../../Engine/Shaders/Private/MaterialCache/MaterialCacheShade.usf" 2907
"../../../Engine/Shaders/Private/MaterialCache/MaterialCacheUnwrapNaniteShade.usf" 2908
"../../../Engine/Shaders/Private/MaterialCache/MaterialCacheUnwrapPixelShader.usf" 2909
"../../../Engine/Shaders/Private/MaterialCache/MaterialCacheUnwrapVertexShader.usf" 2910
"../../../Engine/Shaders/Private/Lumen/LumenVisualizeRadianceCache.usf" 2911
"../../../Engine/Shaders/Private/Lumen/LumenRadianceCacheCommon.ush" 2912
"../../../Engine/Shaders/Private/Lumen/LumenVisualizeHardwareRayTracing.usf" 2913
"../../../Engine/Shaders/Private/Lumen/LumenVisualize.ush" 2914
"../../../Engine/Shaders/Private/Lumen/LumenHairTracing.ush" 2915
"../../../Engine/Shaders/Private/Lumen/LumenVisualize.usf" 2916
"../../../Engine/Shaders/Private/Lumen/LumenSoftwareRayTracing.ush" 2917
"../../../Engine/Shaders/Private/DistanceField/GlobalDistanceFieldObjectGrid.ush" 2918
"../../../Engine/Shaders/Private/DistanceFieldLightingShared.ush" 2919
"../../../Engine/Shaders/Private/Lumen/LumenVisualizeTraces.ush" 2920
"../../../Engine/Shaders/Private/Lumen/LumenTranslucencyVolumeLighting.usf" 2921
"../../../Engine/Shaders/Private/Lumen/LumenRadianceCacheMarkCommon.ush" 2922
"../../../Engine/Shaders/Private/Lumen/LumenTranslucencyVolumeLightingShared.ush" 2923
"../../../Engine/Shaders/Private/Lumen/LumenScreenProbeCommon.ush" 2924
"../../../Engine/Shaders/Private/RayTracing/RayGenUtils.ush" 2925
"../../../Engine/Shaders/Private/Lumen/LumenRadianceCacheTracingCommon.ush" 2926
"../../../Engine/Shaders/Private/Lumen/LumenTranslucencyVolumeHardwareRayTracing.usf" 2927
"../../../Engine/Shaders/Private/Lumen/LumenTranslucencyRadianceCacheMarkShaders.usf" 2928
"../../../Engine/Shaders/Private/Lumen/SurfaceCache/LumenSurfaceCache.usf" 2929
"../../../Engine/Shaders/Private/Lumen/LumenShortRangeAOHardwareRayTracing.usf" 2930
"../../../Engine/Shaders/Private/Lumen/LumenScreenSpaceBentNormal.ush" 2931
"../../../Engine/Shaders/Private/Lumen/LumenScreenSpaceBentNormal.usf" 2932
"../../../Engine/Shaders/Private/Lumen/LumenScreenProbeTracing.usf" 2933
"../../../Engine/Shaders/Private/Lumen/LumenScreenProbeTracingCommon.ush" 2934
"../../../Engine/Shaders/Private/Lumen/LumenFloatQuantization.ush" 2935
"../../../Engine/Shaders/Private/Lumen/LumenScreenProbeImportanceSampling.usf" 2936
"../../../Engine/Shaders/Private/Lumen/LumenScreenProbeImportanceSamplingShared.ush" 2937
"../../../Engine/Shaders/Private/Lumen/LumenScreenProbeHardwareRayTracing.usf" 2938
"../../../Engine/Shaders/Private/Lumen/LumenScreenProbeDebug.usf" 2939
"../../../Engine/Shaders/Private/Lumen/LumenScreenProbeGather.usf" 2940
"../../../Engine/Shaders/Private/Lumen/LumenScreenProbeGatherTemporal.usf" 2941
"../../../Engine/Shaders/Private/Lumen/LumenScreenProbeFiltering.usf" 2942
"../../../Engine/Shaders/Private/Lumen/LumenSceneLighting.usf" 2943
"../../../Engine/Shaders/Private/Lumen/LumenCardTile.ush" 2944
"../../../Engine/Shaders/Private/Lumen/LumenSceneLighting.ush" 2945
"../../../Engine/Shaders/Private/Lumen/Radiosity/LumenRadiosity.ush" 2946
"../../../Engine/Shaders/Private/Lumen/LumenSceneLightingDebug.usf" 2947
"../../../Engine/Shaders/Private/Lumen/LumenScene.usf" 2948
"../../../Engine/Shaders/Private/Lumen/LumenSceneDirectLightingHardwareRayTracing.usf" 2949
"../../../Engine/Shaders/Private/Lumen/LumenSceneDirectLightingStochastic.ush" 2950
"../../../Engine/Shaders/Private/Lumen/LumenReflectionCommon.ush" 2951
"../../../Engine/Shaders/Private/Lumen/LumenSceneDirectLighting.ush" 2952
"../../../Engine/Shaders/Private/Lumen/LumenSceneDebugHardwareRayTracing.usf" 2953
"../../../Engine/Shaders/Private/Lumen/LumenSceneDirectLightingStochastic.usf" 2954
"../../../Engine/Shaders/Private/Lumen/LumenSceneDirectLightingSoftwareRayTracing.usf" 2955
"../../../Engine/Shaders/Private/DistanceFieldShadowingShared.ush" 2956
"../../../Engine/Shaders/Private/Lumen/LumenSceneDirectLightingPerLightShadowCommon.ush" 2957
"../../../Engine/Shaders/Private/Lumen/LumenSceneDirectLightingShadowMask.usf" 2958
"../../../Engine/Shaders/Private/Lumen/LumenSceneDirectLighting.usf" 2959
"../../../Engine/Shaders/Private/Lumen/LumenSceneDirectLightingCulling.usf" 2960
"../../../Engine/Shaders/Private/Lumen/LumenCardComputeShader.usf" 2961
"../../../Engine/Shaders/Private/Lumen/LumenCardBasePass.ush" 2962
"../../../Engine/Shaders/Private/Lumen/LumenCardPixelShader.usf" 2963
"../../../Engine/Shaders/Private/Lumen/LumenCardVertexShader.usf" 2964
"../../../Engine/Shaders/Private/Lumen/LumenReSTIRGather.usf" 2965
"../../../Engine/Shaders/Private/Lumen/LumenReflectionTracing.usf" 2966
"../../../Engine/Shaders/Private/Lumen/LumenReflectionDenoiserSpatial.usf" 2967
"../../../Engine/Shaders/Private/Lumen/LumenReflectionDenoiserClear.usf" 2968
"../../../Engine/Shaders/Private/Lumen/LumenReflectionDenoiserTemporal.usf" 2969
"../../../Engine/Shaders/Private/Lumen/LumenReflectionResolve.usf" 2970
"../../../Engine/Shaders/Private/Lumen/LumenReflections.usf" 2971
"../../../Engine/Shaders/Private/Lumen/RayTracedTranslucency.usf" 2972
"../../../Engine/Shaders/Private/Lumen/LumenReflectionHardwareRayTracing.usf" 2973
"../../../Engine/Shaders/Private/Lumen/Radiosity/LumenVisualizeRadiosityProbes.usf" 2974
"../../../Engine/Shaders/Private/Lumen/Radiosity/LumenRadiosity.usf" 2975
"../../../Engine/Shaders/Private/Lumen/Radiosity/LumenRadiosityHardwareRayTracing.usf" 2976
"../../../Engine/Shaders/Private/Lumen/Radiosity/LumenRadiosityCulling.usf" 2977
"../../../Engine/Shaders/Private/Lumen/LumenRadianceCacheHardwareRayTracing.usf" 2978
"../../../Engine/Shaders/Private/Lumen/LumenRadianceCache.usf" 2979
"../../../Engine/Shaders/Private/Lumen/LumenRadianceCacheUpdate.ush" 2980
"../../../Engine/Shaders/Private/Lumen/LumenRadianceCacheDebug.usf" 2981
"../../../Engine/Shaders/Private/Lumen/LumenRadianceCacheUpdate.usf" 2982
"../../../Engine/Shaders/Private/Lumen/LumenMeshSDFCulling.usf" 2983
"../../../Engine/Shaders/Private/HybridIndirectLighting.ush" 2984
"../../../Engine/Shaders/Private/MeshDistanceFieldCommon.ush" 2985
"../../../Engine/Shaders/Private/Lumen/LumenIrradianceFieldGather.usf" 2986
"../../../Engine/Shaders/Private/Lumen/LumenHardwareRayTracingMaterials.usf" 2987
"../../../Engine/Shaders/Private/Lumen/LumenFrontLayerTranslucency.usf" 2988
"../../../Engine/Shaders/Private/LocalFogVolumes/LocalFogVolumeSplat.usf" 2989
"../../../Engine/Shaders/Private/LocalFogVolumes/LocalFogVolumeTiledCulling.usf" 2990
"../../../Engine/Shaders/Private/LightShaftShader.usf" 2991
"../../../Engine/Shaders/Private/StationaryLightOverlapShaders.usf" 2992
"../../../Engine/Shaders/Private/DeferredLightPixelShaders.usf" 2993
"../../../Engine/Shaders/Private/DeferredLightVertexShaders.usf" 2994
"../../../Engine/Shaders/Private/LightMapDensityShader.usf" 2995
"../../../Engine/Shaders/Private/LightGridInjection.usf" 2996
"../../../Engine/Shaders/Shared/LightGridDefinitions.h" 2997
"../../../Engine/Shaders/Private/LightFunctionPixelShader.usf" 2998
"../../../Engine/Shaders/Private/LightFunctionVertexShader.usf" 2999
"../../../Engine/Shaders/Private/LightFunctionAtlas/LightFunctionAtlasRender.usf" 3000
"../../../Engine/Shaders/Private/InstanceCulling/InstanceCullingOcclusionQuery.usf" 3001
"../../../Engine/Shaders/Private/InstanceCulling/InstanceCullingSetup.ush" 3002
"../../../Engine/Shaders/Private/InstanceCulling/BuildInstanceDrawCommands.usf" 3003
"../../../Engine/Shaders/Private/InstanceCulling/InstanceCompactionCommon.ush" 3004
"../../../Engine/Shaders/Private/SceneDataMobileWriter.ush" 3005
"../../../Engine/Shaders/Private/InstanceCulling/CompactVisibleInstances.usf" 3006
"../../../Engine/Shaders/Private/ReflectionEnvironmentPixelShader.usf" 3007
"../../../Engine/Shaders/Private/AmbientCubemapComposite.usf" 3008
"../../../Engine/Shaders/Private/DiffuseIndirectComposite.usf" 3009
"../../../Engine/Shaders/Private/IESAtlas.usf" 3010
"../../../Engine/Shaders/Private/HeterogeneousVolumes/HeterogeneousVolumesVoxelGridShadows.usf" 3011
"../../../Engine/Shaders/Private/HeterogeneousVolumes/HeterogeneousVolumesStochasticFiltering.ush" 3012
"../../../Engine/Shaders/Private/HeterogeneousVolumes/HeterogeneousVolumesVoxelGridRenderingUtils.ush" 3013
"../../../Engine/Shaders/Private/HeterogeneousVolumes/HeterogeneousVolumesLightingUtils.ush" 3014
"../../../Engine/Shaders/Private/HeterogeneousVolumes/HeterogeneousVolumesVoxelGridRendering.usf" 3015
"../../../Engine/Shaders/Private/HeterogeneousVolumes/HeterogeneousVolumesVoxelGridPipeline.usf" 3016
"../../../Engine/Shaders/Private/HeterogeneousVolumes/HeterogeneousVolumesMaterialBakingPipeline.usf" 3017
"../../../Engine/Shaders/Private/HeterogeneousVolumes/HeterogeneousVolumesLiveShadingUtils.ush" 3018
"../../../Engine/Shaders/Private/HeterogeneousVolumes/HeterogeneousVolumesFrustumVoxelGrid.usf" 3019
"../../../Engine/Shaders/Private/HeterogeneousVolumes/HeterogeneousVolumesSparseVoxelPipeline.usf" 3020
"../../../Engine/Shaders/Private/HeterogeneousVolumes/HeterogeneousVolumesSparseVoxelUtils.ush" 3021
"../../../Engine/Shaders/Private/HeterogeneousVolumes/HeterogeneousVolumesSparseVoxelUniformBufferUtils.ush" 3022
"../../../Engine/Shaders/Private/HeterogeneousVolumes/HeterogeneousVolumesPreshadingPipeline.usf" 3023
"../../../Engine/Shaders/Private/HeterogeneousVolumes/HeterogeneousVolumesLiveShadingShadows.usf" 3024
"../../../Engine/Shaders/Private/HeterogeneousVolumes/HeterogeneousVolumesLiveShadingGlobalPipeline.usf" 3025
"../../../Engine/Shaders/Private/HeterogeneousVolumes/HeterogeneousVolumesLiveShadingPipeline.usf" 3026
"../../../Engine/Shaders/Private/HeterogeneousVolumes/HeterogeneousVolumesHardwareRayTracing.usf" 3027
"../../../Engine/Shaders/Private/HeterogeneousVolumes/HeterogeneousVolumesAmbientOcclusionPipeline.usf" 3028
"../../../Engine/Shaders/Private/HeterogeneousVolumes/HeterogeneousVolumesComposite.usf" 3029
"../../../Engine/Shaders/Private/HdrCustomResolveShaders.usf" 3030
"../../../Engine/Shaders/Private/HairStrands/RenderCurveRaster.usf" 3031
"../../../Engine/Shaders/Private/HairStrands/HairStrandsVoxelRasterCompute.usf" 3032
"../../../Engine/Shaders/Private/HairStrands/HairStrandsHitProxy.usf" 3033
"../../../Engine/Shaders/Private/HairStrands/HairStrandsVisibilityRasterComputeNaive.usf" 3034
"../../../Engine/Shaders/Private/HairStrands/HairStrandsVisibilityRasterHW.usf" 3035
"../../../Engine/Shaders/Private/HairStrands/HairStrandsVisibilityRasterCompute.usf" 3036
"../../../Engine/Shaders/Private/HairStrands/HairStrandsVisibilityRasterClassification.usf" 3037
"../../../Engine/Shaders/Private/HairStrands/HairStrandsCoverage.usf" 3038
"../../../Engine/Shaders/Private/HairStrands/HairStrandsVisibilityDepthPS.usf" 3039
"../../../Engine/Shaders/Private/HairStrands/HairStrandsVisibilityTransmittanceDepthPS.usf" 3040
"../../../Engine/Shaders/Private/HairStrands/HairStrandsVisibilityFillOpaqueDepthPS.usf" 3041
"../../../Engine/Shaders/Private/HairStrands/HairStrandsVisibilityCompactionComputeRaster.usf" 3042
"../../../Engine/Shaders/Private/HairStrands/HairStrandsVisibilityCompaction.usf" 3043
"../../../Engine/Shaders/Private/HairStrands/HairStrandsVisibilityCopyIndirectArg.usf" 3044
"../../../Engine/Shaders/Private/HairStrands/HairStrandsVisibilityClearPS.usf" 3045
"../../../Engine/Shaders/Private/HairStrands/HairStrandsVisibilityPS.usf" 3046
"../../../Engine/Shaders/Private/HairStrands/HairStrandsVisibilityVS.usf" 3047
"../../../Engine/Shaders/Private/HairStrands/HairStrandsVelocity.usf" 3048
"../../../Engine/Shaders/Private/HairStrands/HairStrandsVisibilityComputeSampleCoverage.usf" 3049
"../../../Engine/Shaders/Private/HairStrands/HairStrandsMaterialPS.usf" 3050
"../../../Engine/Shaders/Private/HairStrands/HairStrandsMaterialCommon.ush" 3051
"../../../Engine/Shaders/Private/HairStrands/HairStrandsMaterialVS.usf" 3052
"../../../Engine/Shaders/Private/HairStrands/HairStrandsLightSample.usf" 3053
"../../../Engine/Shaders/Private/HairStrands/HairStrandsDeepShadowMask.usf" 3054
"../../../Engine/Shaders/Private/HairStrands/HairStrandsDeepTransmittanceMask.usf" 3055
"../../../Engine/Shaders/Private/HairStrands/HairStrandsVisibilityTile.usf" 3056
"../../../Engine/Shaders/Private/HairStrands/HairStrandsDeepShadowPS.usf" 3057
"../../../Engine/Shaders/Private/HairStrands/HairStrandsDeepShadowVS.usf" 3058
"../../../Engine/Shaders/Private/HairStrands/HairStrandsAABB.usf" 3059
"../../../Engine/Shaders/Private/HairStrands/HairStrandsLUT.usf" 3060
"../../../Engine/Shaders/Private/HairStrands/HairStrandsForwardRaster.usf" 3061
"../../../Engine/Shaders/Private/HairStrands/HairStrandsForwardCulling.usf" 3062
"../../../Engine/Shaders/Private/HairStrands/HairStrandsEnvironmentLighting.usf" 3063
"../../../Engine/Shaders/Private/HairStrands/HairStrandsEnvironmentAO.usf" 3064
"../../../Engine/Shaders/Private/HairStrands/HairStrandsDeepShadowAllocation.usf" 3065
"../../../Engine/Shaders/Private/HairStrands/HairStrandsVoxelDebug.usf" 3066
"../../../Engine/Shaders/Private/HairStrands/HairStrandsComposition.usf" 3067
"../../../Engine/Shaders/Private/HairStrands/HairStrandsGBufferCommon.ush" 3068
"../../../Engine/Shaders/Private/GPUScene/GPUSceneDataManagement.usf" 3069
"../../../Engine/Shaders/Private/GPUSceneDebugRender.usf" 3070
"../../../Engine/Shaders/Private/GPUFeedbackCompaction.usf" 3071
"../../../Engine/Shaders/Private/GPUFastFourierTransform.usf" 3072
"../../../Engine/Shaders/Private/GPUFastFourierTransform2DCore.ush" 3073
"../../../Engine/Shaders/Private/GPUFastFourierTransformCore.ush" 3074
"../../../Engine/Shaders/Private/GPUBenchmark.usf" 3075
"../../../Engine/Shaders/Private/DistanceField/GlobalDistanceFieldDebug.usf" 3076
"../../../Engine/Shaders/Private/DistanceField/GlobalDistanceFieldUpdate.ush" 3077
"../../../Engine/Shaders/Private/DistanceField/GlobalDistanceFieldMip.usf" 3078
"../../../Engine/Shaders/Private/DistanceField/GlobalDistanceField.usf" 3079
"../../../Engine/Shaders/Private/DistanceField/GlobalDistanceFieldCompositeObjects.usf" 3080
"../../../Engine/Shaders/Private/DistanceField/GlobalDistanceFieldHeightfields.usf" 3081
"../../../Engine/Shaders/Private/HeightfieldLightingShared.ush" 3082
"../../../Engine/Shaders/Private/GenerateConservativeDepth.usf" 3083
"../../../Engine/Shaders/Private/HeightFogPixelShader.usf" 3084
"../../../Engine/Shaders/Private/HeightFogVertexShader.usf" 3085
"../../../Engine/Shaders/Private/DistortFiltering.usf" 3086
"../../../Engine/Shaders/Private/DistortAccumulatePS.usf" 3087
"../../../Engine/Shaders/Private/DistortAccumulateVS.usf" 3088
"../../../Engine/Shaders/Private/DistanceFieldVisualization.usf" 3089
"../../../Engine/Shaders/Private/DistanceFieldStreaming.usf" 3090
"../../../Engine/Shaders/Private/DistanceFieldShadowing.usf" 3091
"../../../Engine/Shaders/Private/DistanceFieldScreenGridLighting.usf" 3092
"../../../Engine/Shaders/Private/DistanceFieldObjectCulling.usf" 3093
"../../../Engine/Shaders/Private/DistanceFieldLightingPost.usf" 3094
"../../../Engine/Shaders/Private/DitheredTransitionStencil.usf" 3095
"../../../Engine/Shaders/Private/CopyDepthTexture.usf" 3096
"../../../Engine/Shaders/Private/CopyDepthTextureCS.usf" 3097
"../../../Engine/Shaders/Private/DeferredDecal.usf" 3098
"../../../Engine/Shaders/Private/DecalCommon.ush" 3099
"../../../Engine/Shaders/Private/DebugViewModeVertexShader.usf" 3100
"../../../Engine/Shaders/Private/DebugViewModeCommon.ush" 3101
"../../../Engine/Shaders/Private/DebugViewModePixelShader.usf" 3102
"../../../Engine/Shaders/Private/DebugProbes.usf" 3103
"../../../Engine/Shaders/Private/MeshDecals.usf" 3104
"../../../Engine/Shaders/Private/PostProcessAmbientOcclusion.usf" 3105
"../../../Engine/Shaders/Private/ClusteredDeferredShadingPixelShader.usf" 3106
"../../../Engine/Shaders/Private/ClusteredDeferredShadingVertexShader.usf" 3107
"../../../Engine/Shaders/Private/CapsuleShadowShaders.usf" 3108
"../../../Engine/Shaders/Private/BasePassPixelShader.usf" 3109
"../../../Engine/Shaders/Private/ForwardLightingCommon.ush" 3110
"../../../Engine/Shaders/Private/Substrate/SubstrateForwardLighting.ush" 3111
"../../../Engine/Shaders/Private/ComputeShaderOutputCommon.ush" 3112
"../../../Engine/Shaders/Private/BasePassVertexShader.usf" 3113
"../../../Engine/Shaders/Private/BasePassVertexCommon.ush" 3114
"../../../Engine/Shaders/Private/SimpleElementVolumeTexturePreviewPixelShader.usf" 3115
"../../../Engine/Shaders/Private/SimpleElementTexture2DPreviewPixelShader.usf" 3116
"../../../Engine/Shaders/Private/meshpaintdilatepixelshader.usf" 3117
"../../../Engine/Shaders/Private/meshpaintdilatevertexshader.usf" 3118
"../../../Engine/Shaders/Private/MeshPaintPixelShader.usf" 3119
"../../../Engine/Shaders/Private/MeshPaintVertexShader.usf" 3120
"../../../Engine/Shaders/Private/SlateElementPixelShader.usf" 3121
"../../../Engine/Shaders/Private/SlateShaderCommon.ush" 3122
"../../../Engine/Shaders/Private/SlateMaskingShader.usf" 3123
"../../../Engine/Shaders/Private/SlateVertexShader.usf" 3124
"../../../Engine/Shaders/Private/CompositeUIPixelShader.usf" 3125
"../../../Engine/Shaders/Private/ColorDeficiency.ush" 3126
"../../../Engine/Shaders/Private/SlatePostProcessColorDeficiencyPixelShader.usf" 3127
"../../../Engine/Shaders/Private/SlatePostProcessPixelShader.usf" 3128
"../../../Engine/Shaders/Private/Tools/VisualizeTexture.usf" 3129
"../../../Engine/Shaders/Private/UpdateDescriptorHandle.usf" 3130
"../../../Engine/Shaders/Private/ByteBuffer.usf" 3131
"../../../Engine/Shaders/Private/ShaderBundleWorkGraphDispatch.usf" 3132
"../../../Engine/Shaders/Private/ShaderBundleDispatch.usf" 3133
"../../../Engine/Shaders/Private/ResolveVertexShader.usf" 3134
"../../../Engine/Shaders/Private/ResolvePixelShader.usf" 3135
"../../../Engine/Shaders/Private/Tools/SetupIndirectArgs.usf" 3136
"../../../Engine/Shaders/Private/ClearReplacementShaders.usf" 3137
"../../../Engine/Shaders/Private/Tools/DrawTexture.usf" 3138
"../../../Engine/Shaders/Private/RayTracing/RayTracingValidation.usf" 3139
"../../../Engine/Shaders/Private/RenderGraphUtilities.usf" 3140
"../../../Engine/Shaders/Private/OneColorShader.usf" 3141
"../../../Engine/Shaders/Private/OculusShaders.usf" 3142
"../../../Engine/Shaders/Private/MediaShaders.usf" 3143
"../../../Engine/Shaders/Private/GPUMessaging.usf" 3144
"../../../Engine/Shaders/Private/Tools/GPUDebugCrashUtils.usf" 3145
"../../../Engine/Shaders/Private/NullPixelShader.usf" 3146
"../../../Engine/Shaders/Private/ComputeGenerateMips.usf" 3147
"../../../Engine/Shaders/Private/Tools/DumpTexture.usf" 3148
"../../../Engine/Shaders/Private/CopyTextureShaders.usf" 3149
"../../../Engine/Shaders/Private/Tools/FullscreenVertexShader.usf" 3150
"../../../Engine/Shaders/Private/RayTracing/RayTracingDispatchDesc.usf" 3151
"../../../Engine/Shaders/Private/Bink.usf" 3152
"../../../Engine/Shaders/Private/VelocityShader.usf" 3153
"../../../Engine/Shaders/Private/DepthOnlyPixelShader.usf" 3154
"../../../Engine/Shaders/Private/PositionOnlyDepthVertexShader.usf" 3155
"../../../Engine/Shaders/Private/DepthOnlyVertexShader.usf" 3156
"../../../Engine/Shaders/Private/AnisotropyPassShader.usf" 3157
"C:/Users/finle/Documents/GitHub/CI536_Integrated_Group_Project/CI536_Group_Project/Content/ThirdPerson/Blueprints/BP_ThirdPersonCharacter.uasset" 3158
"C:/Users/finle/Documents/GitHub/CI536_Integrated_Group_Project/CI536_Group_Project/Content/ThirdPerson/Blueprints/Objects/BP_Rotating_Fan.uasset" 3159
"C:/Users/finle/Documents/GitHub/CI536_Integrated_Group_Project/CI536_Group_Project/Content/ThirdPerson/Blueprints/Objects/BP_SawBlades.uasset" 3160
"C:/Users/finle/Documents/GitHub/CI536_Integrated_Group_Project/CI536_Group_Project/Content/ThirdPerson/Blueprints/Characters/BP_Clank_new.uasset" 3161
"C:/Users/finle/Documents/GitHub/CI536_Integrated_Group_Project/CI536_Group_Project/Content/ThirdPerson/Blueprints/Camera/BP_Level_Cam.uasset" 3162
"C:/Users/finle/Documents/GitHub/CI536_Integrated_Group_Project/CI536_Group_Project/Content/ThirdPerson/Blueprints/Characters/Legs/BP_Legs.uasset" 3163
"C:/Users/finle/Documents/GitHub/CI536_Integrated_Group_Project/CI536_Group_Project/Content/__ExternalActors__/ThirdPerson/Lvl_ThirdPerson/E/8E/UV32CMIEJNCYS03ZD8PME0.uasset" 3164
"/Engine/EngineResources/WhiteSquareTexture" 3165
"../../../Engine/Content/EngineResources/WhiteSquareTexture.uasset" 3166
"/Engine/EngineResources/GradientTexture0" 3167
"../../../Engine/Content/EngineResources/GradientTexture0.uasset" 3168
"/Engine/EngineResources/Black" 3169
"../../../Engine/Content/EngineResources/Black.uasset" 3170
"/Engine/EditorResources/S_Actor" 3171
"../../../Engine/Content/EditorResources/S_Actor.uasset" 3172
"/Engine/EngineFonts/RobotoDistanceField" 3173
"../../../Engine/Content/EngineFonts/RobotoDistanceField.uasset" 3174
"/Engine/EngineMaterials/DefaultTextMaterialOpaque" 3175
"../../../Engine/Content/EngineMaterials/DefaultTextMaterialOpaque.uasset" 3176
"/Engine/Functions/Engine_MaterialFunctions01/Shading/PowerToRoughness" 3177
"../../../Engine/Content/Functions/Engine_MaterialFunctions01/Shading/PowerToRoughness.uasset" 3178
"/Engine/Functions/Engine_MaterialFunctions01/Shading/ConvertFromDiffSpec" 3179
"../../../Engine/Content/Functions/Engine_MaterialFunctions01/Shading/ConvertFromDiffSpec.uasset" 3180
"/Engine/EngineMaterials/WorldGridMaterial" 3181
"../../../Engine/Content/EngineMaterials/WorldGridMaterial.uasset" 3182
"../../../Engine/Content/Functions/Engine_MaterialFunctions01/Opacity/CameraDepthFade.uasset" 3183
"../../../Engine/Content/EngineMaterials/T_Default_Material_Grid_M.uasset" 3184
"../../../Engine/Content/EngineMaterials/T_Default_Material_Grid_N.uasset" 3185
"/Engine/EngineMaterials/DefaultDeferredDecalMaterial" 3186
"../../../Engine/Content/EngineMaterials/DefaultDeferredDecalMaterial.uasset" 3187
"../../../Engine/Content/EngineMaterials/DefaultDiffuse.uasset" 3188
"/Engine/EngineMaterials/DefaultLightFunctionMaterial" 3189
"../../../Engine/Content/EngineMaterials/DefaultLightFunctionMaterial.uasset" 3190
"/Engine/EngineMaterials/DefaultPostProcessMaterial" 3191
"../../../Engine/Content/EngineMaterials/DefaultPostProcessMaterial.uasset" 3192
"../../../Engine/Content/Functions/Engine_MaterialFunctions02/Utility/BreakOutFloat2Components.uasset" 3193
"/Engine/EditorResources/S_Trigger" 3194
"../../../Engine/Content/EditorResources/S_Trigger.uasset" 3195
"/Engine/EditorResources/S_BoxReflectionCapture" 3196
"../../../Engine/Content/EditorResources/S_BoxReflectionCapture.uasset" 3197
"/Engine/EngineResources/DefaultTexture" 3198
"../../../Engine/Content/EngineResources/DefaultTexture.uasset" 3199
"/Engine/EditorResources/S_TriggerBox" 3200
"../../../Engine/Content/EditorResources/S_TriggerBox.uasset" 3201
"/Engine/EditorResources/S_TriggerCapsule" 3202
"../../../Engine/Content/EditorResources/S_TriggerCapsule.uasset" 3203
"/Engine/EditorResources/S_TriggerSphere" 3204
"../../../Engine/Content/EditorResources/S_TriggerSphere.uasset" 3205
"/Engine/EngineDamageTypes/DmgTypeBP_Environmental" 3206
"../../../Engine/Content/EngineDamageTypes/DmgTypeBP_Environmental.uasset" 3207
"/Engine/EngineMeshes/Sphere" 3208
"../../../Engine/Content/EngineMeshes/Sphere.uasset" 3209
"/Engine/EngineResources/DefaultTextureCube" 3210
"../../../Engine/Content/EngineResources/DefaultTextureCube.uasset" 3211
"/Engine/EngineResources/DefaultVolumeTexture" 3212
"../../../Engine/Content/EngineResources/DefaultVolumeTexture.uasset" 3213
"../../../Engine/Content/EngineResources/DefaultVolumeTexture2D.uasset" 3214
"/Engine/VREditor/TransformGizmo/SM_Sequencer_Node" 3215
"../../../Engine/Content/VREditor/TransformGizmo/SM_Sequencer_Node.uasset" 3216
"../../../Engine/Content/VREditor/TransformGizmo/Main.uasset" 3217
"../../../Engine/Content/VREditor/TransformGizmo/Xray.uasset" 3218
"/Engine/EditorResources/S_Solver" 3219
"../../../Engine/Content/EditorResources/S_Solver.uasset" 3220
"/Engine/EngineDebugMaterials/VolumeToRender" 3221
"../../../Engine/Content/EngineDebugMaterials/VolumeToRender.uasset" 3222
"/Engine/EngineDebugMaterials/M_VolumeRenderSphereTracePP" 3223
"../../../Engine/Content/EngineDebugMaterials/M_VolumeRenderSphereTracePP.uasset" 3224
"../../../Engine/Content/Functions/Engine_MaterialFunctions02/Utility/CameraDirectionVector.uasset" 3225
"/Engine/EditorMeshes/Camera/SM_CraneRig_Base" 3226
"../../../Engine/Content/EditorMeshes/Camera/SM_CraneRig_Base.uasset" 3227
"../../../Engine/Content/EditorMaterials/Camera/MI_CineMat_Rig.uasset" 3228
"../../../Engine/Content/EditorMaterials/Camera/CineMat.uasset" 3229
"/Engine/EditorMeshes/Camera/SM_CraneRig_Arm" 3230
"../../../Engine/Content/EditorMeshes/Camera/SM_CraneRig_Arm.uasset" 3231
"/Engine/EditorMeshes/Camera/SM_CraneRig_Mount" 3232
"../../../Engine/Content/EditorMeshes/Camera/SM_CraneRig_Mount.uasset" 3233
"/Engine/EditorMeshes/Camera/SM_CraneRig_Body" 3234
"../../../Engine/Content/EditorMeshes/Camera/SM_CraneRig_Body.uasset" 3235
"/Engine/EditorMeshes/Camera/SM_RailRig_Track" 3236
"../../../Engine/Content/EditorMeshes/Camera/SM_RailRig_Track.uasset" 3237
"/Engine/EditorMeshes/Camera/SM_RailRig_Mount" 3238
"../../../Engine/Content/EditorMeshes/Camera/SM_RailRig_Mount.uasset" 3239
"/Engine/EditorLandscapeResources/SplineEditorMesh" 3240
"../../../Engine/Content/EditorLandscapeResources/SplineEditorMesh.uasset" 3241
"../../../Engine/Content/EditorLandscapeResources/SplineEditorMeshMat.uasset" 3242
"/Engine/BasicShapes/Cube" 3243
"../../../Engine/Content/BasicShapes/Cube.uasset" 3244
"/CameraCalibrationCore/Materials/M_DefaultOddSquare" 3245
"../../Plugins/VirtualProduction/CameraCalibrationCore/Content/Materials/M_DefaultOddSquare.uasset" 3246
"/CameraCalibrationCore/Materials/M_DefaultEvenSquare" 3247
"../../Plugins/VirtualProduction/CameraCalibrationCore/Content/Materials/M_DefaultEvenSquare.uasset" 3248
"/HairStrands/Materials/HairDebugMaterial" 3249
"../../Plugins/Runtime/HairStrands/Content/Materials/HairDebugMaterial.uasset" 3250
"../../../Engine/Content/Functions/Engine_MaterialFunctions02/Utility/MakeFloat2.uasset" 3251
"../../../Engine/Content/Functions/Engine_MaterialFunctions02/Utility/MakeFloat3.uasset" 3252
"../../../Engine/Content/EngineMaterials/HairColorMap.uasset" 3253
"../../../Engine/Content/EngineMaterials/HairDebugColor.uasset" 3254
"../../Plugins/Runtime/HairStrands/Content/Materials/HairGroupColors.uasset" 3255
"/HairStrands/Materials/HairDefaultMaterial" 3256
"../../Plugins/Runtime/HairStrands/Content/Materials/HairDefaultMaterial.uasset" 3257
"/HairStrands/Materials/HairCardsDefaultMaterial" 3258
"../../Plugins/Runtime/HairStrands/Content/Materials/HairCardsDefaultMaterial.uasset" 3259
"/HairStrands/Materials/HairMeshesDefaultMaterial" 3260
"../../Plugins/Runtime/HairStrands/Content/Materials/HairMeshesDefaultMaterial.uasset" 3261
"/Engine/EngineMaterials/Widget3DPassThrough_Translucent" 3262
"../../../Engine/Content/EngineMaterials/Widget3DPassThrough_Translucent.uasset" 3263
"../../../Engine/Content/EngineMaterials/Widget3DPassThrough.uasset" 3264
"/Engine/EngineMaterials/Widget3DPassThrough_Translucent_OneSided" 3265
"../../../Engine/Content/EngineMaterials/Widget3DPassThrough_Translucent_OneSided.uasset" 3266
"/Engine/EngineMaterials/Widget3DPassThrough_Opaque" 3267
"../../../Engine/Content/EngineMaterials/Widget3DPassThrough_Opaque.uasset" 3268
"/Engine/EngineMaterials/Widget3DPassThrough_Opaque_OneSided" 3269
"../../../Engine/Content/EngineMaterials/Widget3DPassThrough_Opaque_OneSided.uasset" 3270
"/Engine/EngineMaterials/Widget3DPassThrough_Masked" 3271
"../../../Engine/Content/EngineMaterials/Widget3DPassThrough_Masked.uasset" 3272
"/Engine/EngineMaterials/Widget3DPassThrough_Masked_OneSided" 3273
"../../../Engine/Content/EngineMaterials/Widget3DPassThrough_Masked_OneSided.uasset" 3274
"/Engine/VREditor/ViewportInteractionAssetContainerData" 3275
"../../../Engine/Content/VREditor/ViewportInteractionAssetContainerData.uasset" 3276
"../../../Engine/Content/VREditor/SnapGrid/SnapGridMaterial.uasset" 3277
"../../../Engine/Content/VREditor/TransformGizmo/TransformGizmoMaterial_Inst.uasset" 3278
"../../../Engine/Content/VREditor/TransformGizmo/TranslucentTransformGizmoMaterial_Inst.uasset" 3279
"../../../Engine/Content/VREditor/SnapGrid/SnapGridPlaneMesh.uasset" 3280
"../../../Engine/Content/VREditor/Sounds/UI/Drop_Item_From_ContentBrowser.uasset" 3281
"../../../Engine/Content/VREditor/Sounds/UI/Gizmo_Handle_Clicked.uasset" 3282
"../../../Engine/Content/VREditor/Sounds/UI/Object_PickUp.uasset" 3283
"../../../Engine/Content/VREditor/Sounds/UI/Object_Snaps_To_Another_Actor.uasset" 3284
"../../../Engine/Content/VREditor/Sounds/UI/Object_Snaps_To_Grid.uasset" 3285
"../../../Engine/Content/VREditor/Sounds/UI/Scaling_Down.uasset" 3286
"../../../Engine/Content/VREditor/Sounds/UI/Scaling_Up.uasset" 3287
"../../../Engine/Content/VREditor/Sounds/UI/Selection_Changes.uasset" 3288
"../../../Engine/Content/VREditor/TransformGizmo/PlaneTranslationHandle.uasset" 3289
"../../../Engine/Content/VREditor/TransformGizmo/RotationHandleFull.uasset" 3290
"../../../Engine/Content/VREditor/TransformGizmo/RotationHandleIndicator.uasset" 3291
"../../../Engine/Content/VREditor/TransformGizmo/RotationHandleQuarter.uasset" 3292
"../../../Engine/Content/VREditor/TransformGizmo/StartRotationHandleIndicator.uasset" 3293
"../../../Engine/Content/VREditor/TransformGizmo/TransformGizmoFreeRotation.uasset" 3294
"../../../Engine/Content/VREditor/TransformGizmo/TranslateArrowHandle.uasset" 3295
"../../../Engine/Content/VREditor/TransformGizmo/UniformScaleHandle.uasset" 3296
"../../../Engine/Content/Functions/Engine_MaterialFunctions02/Math/Transform3x3Matrix.uasset" 3297
"../../../Engine/Content/Functions/Engine_MaterialFunctions02/SplitComponents.uasset" 3298
"../../../Engine/Content/VREditor/TransformGizmo/TransformGizmoMaterial.uasset" 3299
"../../../Engine/Content/VREditor/TransformGizmo/TranslucentTransformGizmoMaterial.uasset" 3300
"../../../Engine/Content/Functions/Engine_MaterialFunctions02/Utility/BreakOutFloat3Components.uasset" 3301
"../../../Engine/Content/VREditor/LaserPointer/VR_LaserPower_01.uasset" 3302
"/Engine/VREditor/TransformGizmo/BoundingBoxCorner" 3303
"../../../Engine/Content/VREditor/TransformGizmo/BoundingBoxCorner.uasset" 3304
"/Engine/VREditor/TransformGizmo/BoundingBoxEdge" 3305
"../../../Engine/Content/VREditor/TransformGizmo/BoundingBoxEdge.uasset" 3306
"/Engine/ArtTools/RenderToTexture/Meshes/S_1_Unit_Plane" 3307
"../../../Engine/Content/ArtTools/RenderToTexture/Meshes/S_1_Unit_Plane.uasset" 3308
"/Engine/EngineDebugMaterials/M_SimpleUnlitTranslucent" 3309
"../../../Engine/Content/EngineDebugMaterials/M_SimpleUnlitTranslucent.uasset" 3310
"/Engine/EngineFonts/Roboto" 3311
"../../../Engine/Content/EngineFonts/Roboto.uasset" 3312
"../../../Engine/Content/EngineFonts/Faces/DroidSansFallback.uasset" 3313
"../../../Engine/Content/EngineFonts/Faces/RobotoBold.uasset" 3314
"../../../Engine/Content/EngineFonts/Faces/RobotoBoldItalic.uasset" 3315
"../../../Engine/Content/EngineFonts/Faces/RobotoItalic.uasset" 3316
"../../../Engine/Content/EngineFonts/Faces/RobotoLight.uasset" 3317
"../../../Engine/Content/EngineFonts/Faces/RobotoRegular.uasset" 3318
"/Engine/EditorMaterials/ParticleSystems/PSysThumbnail_NoImage" 3319
"../../../Engine/Content/EditorMaterials/ParticleSystems/PSysThumbnail_NoImage.uasset" 3320
"/Engine/EditorMaterials/ParticleSystems/PSysThumbnail_OOD" 3321
"../../../Engine/Content/EditorMaterials/ParticleSystems/PSysThumbnail_OOD.uasset" 3322
"/Engine/EngineResources/LandscapeVisibilityLayerInfo" 3323
"../../../Engine/Content/EngineResources/LandscapeVisibilityLayerInfo.uasset" 3324
"/ACLPlugin/ACLAnimBoneCompressionSettings" 3325
"../../Plugins/Animation/ACLPlugin/Content/ACLAnimBoneCompressionSettings.uasset" 3326
"/Engine/Animation/DefaultRecorderBoneCompression" 3327
"../../../Engine/Content/Animation/DefaultRecorderBoneCompression.uasset" 3328
"/ACLPlugin/ACLAnimCurveCompressionSettings" 3329
"../../Plugins/Animation/ACLPlugin/Content/ACLAnimCurveCompressionSettings.uasset" 3330
"/Engine/Animation/DefaultVariableFrameStrippingSettings" 3331
"../../../Engine/Content/Animation/DefaultVariableFrameStrippingSettings.uasset" 3332
"/Paper2D/MaskedUnlitSpriteMaterial" 3333
"../../Plugins/2D/Paper2D/Content/MaskedUnlitSpriteMaterial.uasset" 3334
"../../Plugins/2D/Paper2D/Content/DefaultSpriteMaterial.uasset" 3335
"../../Plugins/2D/Paper2D/Content/PlaceholderTextures/DummySpriteTexture.uasset" 3336
"/Paper2D/OpaqueUnlitSpriteMaterial" 3337
"../../Plugins/2D/Paper2D/Content/OpaqueUnlitSpriteMaterial.uasset" 3338
"/Paper2D/DefaultPaperTerrainMaterial" 3339
"../../Plugins/2D/Paper2D/Content/DefaultPaperTerrainMaterial.uasset" 3340
"../../Plugins/2D/Paper2D/Content/DummySprite.uasset" 3341
"/ControlRig/Controls/ControlRigXRayMaterial" 3342
"../../Plugins/Animation/ControlRig/Content/Controls/ControlRigXRayMaterial.uasset" 3343
"/ControlRig/Controls/DefaultGizmoLibraryNormalized" 3344
"../../Plugins/Animation/ControlRig/Content/Controls/DefaultGizmoLibraryNormalized.uasset" 3345
"/ControlRig/M_Manip" 3346
"../../Plugins/Animation/ControlRig/Content/M_Manip.uasset" 3347
"../../../Engine/Content/Functions/Engine_MaterialFunctions02/WorldPositionOffset/CameraOffset.uasset" 3348
"/AudioWidgets/Resources/ScrubHandleDown_Clamped" 3349
"../../Plugins/Runtime/AudioWidgets/Content/Resources/ScrubHandleDown_Clamped.uasset" 3350
"/MediaPlate/SM_MediaPlateScreen" 3351
"../../Plugins/Media/MediaPlate/Content/SM_MediaPlateScreen.uasset" 3352
"/SpeedTreeImporter/SpeedTree9/SpeedTreeMaster" 3353
"../../Plugins/Editor/SpeedTreeImporter/Content/SpeedTree9/SpeedTreeMaster.uasset" 3354
"../../../Engine/Content/Functions/Engine_MaterialFunctions02/ObjectLocalBounds.uasset" 3355
"../../../Engine/Content/Functions/Engine_MaterialFunctions02/SafeNormalize.uasset" 3356
"../../../Engine/Content/Functions/Engine_MaterialFunctions02/Utility/VectorLength.uasset" 3357
"../../../Engine/Content/Functions/Engine_MaterialFunctions02/UVs/BoundingBoxBased_0-1_UVW.uasset" 3358
"../../../Engine/Content/Functions/Engine_MaterialFunctions02/WorldPositionOffset/ObjectScale.uasset" 3359
"../../Plugins/Editor/SpeedTreeImporter/Content/SpeedTree9/SpeedTreeBranchMotion.uasset" 3360
"../../Plugins/Editor/SpeedTreeImporter/Content/SpeedTree9/SpeedTreeCameraFacing.uasset" 3361
"../../Plugins/Editor/SpeedTreeImporter/Content/SpeedTree9/SpeedTreeWind.uasset" 3362
"../../Plugins/Editor/SpeedTreeImporter/Content/SpeedTree9/SpeedTreeWindMotion.uasset" 3363
"../../Plugins/Editor/SpeedTreeImporter/Content/SpeedTree9/UnpackDirection.uasset" 3364
"../../Plugins/Editor/SpeedTreeImporter/Content/SpeedTree9/UnpackInteger3.uasset" 3365
"../../Plugins/Editor/SpeedTreeImporter/Content/SpeedTree9/Empty.uasset" 3366
"../../Plugins/Editor/SpeedTreeImporter/Content/SpeedTree9/EmptyNormal.uasset" 3367
"../../Plugins/Editor/SpeedTreeImporter/Content/SpeedTree9/game_wind_noise.uasset" 3368
"/SpeedTreeImporter/SpeedTree9/SpeedTreeBillboardMaster" 3369
"../../Plugins/Editor/SpeedTreeImporter/Content/SpeedTree9/SpeedTreeBillboardMaster.uasset" 3370
"../../Plugins/Editor/SpeedTreeImporter/Content/SpeedTree9/SpeedTreeBillboard.uasset" 3371
"/Engine/BasicShapes/BasicShapeMaterial" 3372
"../../../Engine/Content/BasicShapes/BasicShapeMaterial.uasset" 3373
"/Engine/EditorMaterials/Dataflow/DataflowVertexMaterial" 3374
"../../../Engine/Content/EditorMaterials/Dataflow/DataflowVertexMaterial.uasset" 3375
"/Engine/EditorMaterials/Dataflow/DataflowTwoSidedVertexMaterial" 3376
"../../../Engine/Content/EditorMaterials/Dataflow/DataflowTwoSidedVertexMaterial.uasset" 3377
"/Engine/EditorLandscapeResources/LayerVisMaterial" 3378
"../../../Engine/Content/EditorLandscapeResources/LayerVisMaterial.uasset" 3379
"../../../Engine/Content/EditorLandscapeResources/WhiteSquareTexture.uasset" 3380
"/Engine/EditorLandscapeResources/SelectBrushMaterial_Selected" 3381
"../../../Engine/Content/EditorLandscapeResources/SelectBrushMaterial_Selected.uasset" 3382
"../../../Engine/Content/EditorLandscapeResources/SelectBrushMaterial.uasset" 3383
"../../../Engine/Content/Functions/Engine_MaterialFunctions03/Math/WithinRangeFloat2.uasset" 3384
"../../../Engine/Content/EditorLandscapeResources/DefaultAlphaTexture.uasset" 3385
"/Engine/EditorLandscapeResources/SelectBrushMaterial_SelectedRegion" 3386
"../../../Engine/Content/EditorLandscapeResources/SelectBrushMaterial_SelectedRegion.uasset" 3387
"/Engine/EditorLandscapeResources/MaskBrushMaterial_MaskedRegion" 3388
"../../../Engine/Content/EditorLandscapeResources/MaskBrushMaterial_MaskedRegion.uasset" 3389
"../../../Engine/Content/EditorLandscapeResources/MaskBrushMaterial.uasset" 3390
"/Engine/EditorLandscapeResources/ColorMaskBrushMaterial_MaskedRegion" 3391
"../../../Engine/Content/EditorLandscapeResources/ColorMaskBrushMaterial_MaskedRegion.uasset" 3392
"../../../Engine/Content/EditorLandscapeResources/ColorMaskBrushMaterial.uasset" 3393
"/Engine/EditorLandscapeResources/LandscapeDirtyMaterial" 3394
"../../../Engine/Content/EditorLandscapeResources/LandscapeDirtyMaterial.uasset" 3395
"/Engine/EditorLandscapeResources/LandscapeLayerUsageMaterial" 3396
"../../../Engine/Content/EditorLandscapeResources/LandscapeLayerUsageMaterial.uasset" 3397
"../../../Engine/Content/Functions/Engine_MaterialFunctions01/Debug/DebugIntValues.uasset" 3398
"../../../Engine/Content/Functions/Engine_MaterialFunctions01/Texturing/ScaleUVsByCenter.uasset" 3399
"../../../Engine/Content/Functions/Engine_MaterialFunctions02/WorldPositionOffset/LocalPosition.uasset" 3400
"../../../Engine/Content/Functions/Engine_MaterialFunctions01/Texturing/TextureCropping.uasset" 3401
"../../../Engine/Content/Functions/Engine_MaterialFunctions02/ExampleContent/DebugNumberStrip.uasset" 3402
"C:/Users/finle/AppData/Local/UnrealEngine/Editor/UInteractiveToolsPresetCollectionAsset_DefaultCollection.json" 3403
"/Engine/EngineMaterials/NaniteHiddenSectionMaterial" 3404
"../../../Engine/Content/EngineMaterials/NaniteHiddenSectionMaterial.uasset" 3405
"/Engine/EngineMaterials/RemoveSurfaceMaterial" 3406
"../../../Engine/Content/EngineMaterials/RemoveSurfaceMaterial.uasset" 3407
"/Engine/EngineDebugMaterials/DebugMeshMaterial" 3408
"../../../Engine/Content/EngineDebugMaterials/DebugMeshMaterial.uasset" 3409
"/Engine/EngineMaterials/EmissiveMeshMaterial" 3410
"../../../Engine/Content/EngineMaterials/EmissiveMeshMaterial.uasset" 3411
"../../../Engine/Content/EngineMaterials/DefaultWhiteGrid_Low.uasset" 3412
"/Engine/EngineMaterials/M_InvalidLightmapSettings" 3413
"../../../Engine/Content/EngineMaterials/M_InvalidLightmapSettings.uasset" 3414
"../../../Engine/Content/EngineMaterials/InvalidLightmapSettings.uasset" 3415
"/Engine/EngineMaterials/GizmoMaterial" 3416
"../../../Engine/Content/EngineMaterials/GizmoMaterial.uasset" 3417
"/Engine/EngineMaterials/PhAT_JointLimitMaterial" 3418
"../../../Engine/Content/EngineMaterials/PhAT_JointLimitMaterial.uasset" 3419
"/Engine/EngineMaterials/FlattenMaterial" 3420
"../../../Engine/Content/EngineMaterials/FlattenMaterial.uasset" 3421
"../../../Engine/Content/EngineMaterials/BaseFlattenDiffuseMap.uasset" 3422
"../../../Engine/Content/EngineMaterials/BaseFlattenEmissiveMap.uasset" 3423
"../../../Engine/Content/EngineMaterials/BaseFlattenGrayscaleMap.uasset" 3424
"../../../Engine/Content/EngineMaterials/BaseFlattenLinearColor.uasset" 3425
"../../../Engine/Content/EngineMaterials/BaseFlattenNormalMap.uasset" 3426
"../../../Engine/Content/Functions/Engine_MaterialFunctions02/PivotPainter2/Black_1x1_EXR_Texture.uasset" 3427
"/Engine/EngineMaterials/FlattenMaterial_VT" 3428
"../../../Engine/Content/EngineMaterials/FlattenMaterial_VT.uasset" 3429
"../../../Engine/Content/EngineMaterials/BaseFlattenDiffuseMap_VT.uasset" 3430
"../../../Engine/Content/EngineMaterials/BaseFlattenEmissiveMap_VT.uasset" 3431
"../../../Engine/Content/EngineMaterials/BaseFlattenGrayscaleMap_VT.uasset" 3432
"../../../Engine/Content/EngineMaterials/BaseFlattenLinearColor_VT.uasset" 3433
"../../../Engine/Content/EngineMaterials/BaseFlattenNormalMap_VT.uasset" 3434
"../../../Engine/Content/EngineMaterials/Black_1x1_EXR_Texture_VT.uasset" 3435
"/Engine/EngineMaterials/FlattenMaterial_WS_Normal_VT" 3436
"../../../Engine/Content/EngineMaterials/FlattenMaterial_WS_Normal_VT.uasset" 3437
"/Engine/EngineMaterials/Good64x64TilingNoiseHighFreq" 3438
"../../../Engine/Content/EngineMaterials/Good64x64TilingNoiseHighFreq.uasset" 3439
"/Engine/EngineMaterials/DefaultBokeh" 3440
"../../../Engine/Content/EngineMaterials/DefaultBokeh.uasset" 3441
"/Engine/EngineMaterials/MiniFont" 3442
"../../../Engine/Content/EngineMaterials/MiniFont.uasset" 3443
"/Engine/EngineMaterials/WeightMapPlaceholderTexture" 3444
"../../../Engine/Content/EngineMaterials/WeightMapPlaceholderTexture.uasset" 3445
"/Engine/EngineMaterials/WeightMapArrayPlaceholderTexture" 3446
"../../../Engine/Content/EngineMaterials/WeightMapArrayPlaceholderTexture.uasset" 3447
"/Engine/EngineMaterials/DefaultWhiteGrid" 3448
"../../../Engine/Content/EngineMaterials/DefaultWhiteGrid.uasset" 3449
"/Engine/EngineMaterials/PreintegratedSkinBRDF" 3450
"../../../Engine/Content/EngineMaterials/PreintegratedSkinBRDF.uasset" 3451
"/Engine/EngineMaterials/LTC/GGX_LTCAmp" 3452
"../../../Engine/Content/EngineMaterials/LTC/GGX_LTCAmp.uasset" 3453
"/Engine/EngineMaterials/LTC/GGX_LTCMat" 3454
"../../../Engine/Content/EngineMaterials/LTC/GGX_LTCMat.uasset" 3455
"/Engine/EngineMaterials/EnergyConservation/GGX_ReflectionEnergy" 3456
"../../../Engine/Content/EngineMaterials/EnergyConservation/GGX_ReflectionEnergy.uasset" 3457
"/Engine/EngineMaterials/EnergyConservation/GGX_TransmissionEnergyArray" 3458
"../../../Engine/Content/EngineMaterials/EnergyConservation/GGX_TransmissionEnergyArray.uasset" 3459
"/Engine/EngineMaterials/EnergyConservation/SheenLegacy_Energy" 3460
"../../../Engine/Content/EngineMaterials/EnergyConservation/SheenLegacy_Energy.uasset" 3461
"/Engine/EngineMaterials/DefaultPhysicalMaterial" 3462
"../../../Engine/Content/EngineMaterials/DefaultPhysicalMaterial.uasset" 3463
"/Engine/EngineMaterials/DefaultDestructiblePhysicalMaterial" 3464
"../../../Engine/Content/EngineMaterials/DefaultDestructiblePhysicalMaterial.uasset" 3465
"C:/Users/finle/AppData/Local/UnrealEngine/Editor/ProjectEditorRecords.json" 3466
"/Niagara/ParameterDefinitions/SpriteRenderer" 3467
"../../Plugins/FX/Niagara/Content/ParameterDefinitions/SpriteRenderer.uasset" 3468
"/Niagara/ParameterDefinitions/RibbonRenderer" 3469
"../../Plugins/FX/Niagara/Content/ParameterDefinitions/RibbonRenderer.uasset" 3470
"/Niagara/ParameterDefinitions/MeshRenderer" 3471
"../../Plugins/FX/Niagara/Content/ParameterDefinitions/MeshRenderer.uasset" 3472
"/Niagara/ParameterDefinitions/LightRenderer" 3473
"../../Plugins/FX/Niagara/Content/ParameterDefinitions/LightRenderer.uasset" 3474
"/Niagara/ParameterDefinitions/DecalRenderer" 3475
"../../Plugins/FX/Niagara/Content/ParameterDefinitions/DecalRenderer.uasset" 3476
"/Niagara/ParameterDefinitions/CoreParameters" 3477
"../../Plugins/FX/Niagara/Content/ParameterDefinitions/CoreParameters.uasset" 3478
"/DeformerGraph/Deformers/DG_LinearBlendSkin_Morph_Cloth" 3479
"../../Plugins/Animation/DeformerGraph/Content/Deformers/DG_LinearBlendSkin_Morph_Cloth.uasset" 3480
"../../Plugins/Animation/DeformerGraph/Content/DeformerFunctions/DG_Function_LinearBlendSkin_Morph_Cloth.uasset" 3481
"/DeformerGraph/Deformers/DG_LinearBlendSkin_Morph_Cloth_RecomputeNormals" 3482
"../../Plugins/Animation/DeformerGraph/Content/Deformers/DG_LinearBlendSkin_Morph_Cloth_RecomputeNormals.uasset" 3483
"../../Plugins/Animation/DeformerGraph/Content/DeformerFunctions/DG_Function_ComputeNormalsTangents.uasset" 3484
"../../Plugins/Animation/DeformerGraph/Content/DeformerFunctions/DG_Function_LinearBlendSkin_Morph_Cloth_PositionOnly.uasset" 3485
"/Engine/EditorResources/SequenceRecorder/Countdown" 3486
"../../../Engine/Content/EditorResources/SequenceRecorder/Countdown.uasset" 3487
"/Engine/EditorResources/SequenceRecorder/RecordingIndicator" 3488
"../../../Engine/Content/EditorResources/SequenceRecorder/RecordingIndicator.uasset" 3489
"/Engine/EditorMaterials/PhAT_UnselectedMaterial" 3490
"../../../Engine/Content/EditorMaterials/PhAT_UnselectedMaterial.uasset" 3491
"/Engine/EditorMaterials/PhAT_NoCollisionMaterial" 3492
"../../../Engine/Content/EditorMaterials/PhAT_NoCollisionMaterial.uasset" 3493
"/Engine/EngineFonts/DroidSansMono" 3494
"../../../Engine/Content/EngineFonts/DroidSansMono.uasset" 3495
"../../../Engine/Content/EngineFonts/Faces/DroidSansMono.uasset" 3496
"/Engine/BasicShapes/Sphere" 3497
"../../../Engine/Content/BasicShapes/Sphere.uasset" 3498
"../../../Engine/Content/EngineMaterials/DefaultMaterial.uasset" 3499
"/Engine/BasicShapes/Cylinder" 3500
"../../../Engine/Content/BasicShapes/Cylinder.uasset" 3501
"/Engine/BasicShapes/Cone" 3502
"../../../Engine/Content/BasicShapes/Cone.uasset" 3503
"/Engine/BasicShapes/Plane" 3504
"../../../Engine/Content/BasicShapes/Plane.uasset" 3505
"../../../Engine/Documentation/Source/Shared/Types/ABrush/ABrush.INT.udn" 3506
"../../../Engine/Content/Internationalization/icudt64l/brkitr/en.res" 3507
"../../../Engine/Content/Internationalization/icudt64l/brkitr/root.res" 3508
"../../../Engine/Content/Internationalization/icudt64l/brkitr/char.brk" 3509
"../../../Engine/Content/Internationalization/icudt64l/brkitr/word.brk" 3510
"/Engine/EditorResources/S_Terrain" 3511
"../../../Engine/Content/EditorResources/S_Terrain.uasset" 3512
"../../../Engine/Plugins/FX/Niagara/Shaders/Private/NiagaraDataInterfaceTexture2DArrayTemplate.ush" 3513
"../../../Engine/Plugins/FX/Niagara/Shaders/Private/NiagaraDataInterfaceActorComponentTemplate.ush" 3514
"../../../Engine/Plugins/FX/Niagara/Shaders/Private/NiagaraDataInterfaceArrayTemplate.ush" 3515
"../../../Engine/Plugins/FX/Niagara/Shaders/Private/NiagaraDataInterfaceArrayRWTemplate.ush" 3516
"../../../Engine/Plugins/FX/Niagara/Shaders/Private/NiagaraDataInterfaceAsyncGpuTrace.ush" 3517
"../../../Engine/Plugins/FX/Niagara/Shaders/Private/NiagaraDataInterfaceAsyncGpuTraceTemplate.ush" 3518
"../../../Engine/Plugins/FX/Niagara/Shaders/Private/NiagaraDataInterfaceCamera.ush" 3519
"../../../Engine/Plugins/Experimental/ChaosNiagara/Shaders/NiagaraDataInterfaceChaosDestruction.ush" 3520
"../../../Engine/Plugins/FX/Niagara/Shaders/Private/NiagaraDataInterfaceCollisionQuery.ush" 3521
"../../../Engine/Plugins/FX/Niagara/Shaders/Private/NiagaraDataInterfaceCollisionQueryTemplate.ush" 3522
"../../../Engine/Plugins/FX/Niagara/Shaders/Private/NiagaraDataInterfaceCurveTemplate.ush" 3523
"../../../Engine/Plugins/FX/Niagara/Shaders/Private/NiagaraDataInterfaceCubeTextureTemplate.ush" 3524
"../../../Engine/Plugins/FX/Niagara/Shaders/Private/DataChannel/NiagaraDataInterfaceDataChannelCommon.ush" 3525
"../../../Engine/Plugins/FX/Niagara/Shaders/Private/DataChannel/NiagaraDataInterfaceDataChannelTemplateCommon.ush" 3526
"../../../Engine/Plugins/FX/Niagara/Shaders/Private/DataChannel/NiagaraDataInterfaceDataChannelTemplateReadCommon.ush" 3527
"../../../Engine/Plugins/FX/Niagara/Shaders/Private/DataChannel/NiagaraDataInterfaceDataChannelTemplate_Read.ush" 3528
"../../../Engine/Plugins/FX/Niagara/Shaders/Private/DataChannel/NiagaraDataInterfaceDataChannelTemplate_Consume.ush" 3529
"../../../Engine/Plugins/FX/Niagara/Shaders/Private/DataChannel/NiagaraDataInterfaceDataChannelTemplateWriteCommon.ush" 3530
"../../../Engine/Plugins/FX/Niagara/Shaders/Private/DataChannel/NiagaraDataInterfaceDataChannelTemplate_Append.ush" 3531
"../../../Engine/Plugins/FX/Niagara/Shaders/Private/NiagaraDataInterfaceDataTableTemplate.ush" 3532
"../../../Engine/Plugins/FX/Niagara/Shaders/Private/NiagaraDataInterfaceDebugDraw.ush" 3533
"../../../Engine/Plugins/FX/Niagara/Shaders/Private/NiagaraDataInterfaceDebugDrawTemplate.ush" 3534
"../../../Engine/Plugins/FX/Niagara/Shaders/Private/NiagaraDataInterfaceDynamicMeshTemplate.ush" 3535
"../../../Engine/Plugins/FX/Niagara/Shaders/Private/NiagaraDataInterfaceEmitterPropertiesTemplate.ush" 3536
"../../../Engine/Plugins/FX/Niagara/Shaders/Private/NiagaraDataInterfaceExportTemplate.ush" 3537
"../../../Engine/Plugins/FX/Niagara/Shaders/Private/NiagaraDataInterfaceGBufferTemplate.ush" 3538
"../../../Engine/Plugins/Experimental/ChaosNiagara/Shaders/NiagaraDataInterfaceGeometryCollection.ush" 3539
"../../../Engine/Plugins/FX/Niagara/Shaders/Private/NiagaraTransformUtils.ush" 3540
"../../../Engine/Plugins/Runtime/HairStrands/Shaders/Private/NiagaraStrandsExternalForce.ush" 3541
"../../../Engine/Plugins/Runtime/HairStrands/Shaders/Private/NiagaraHookeSpringMaterial.ush" 3542
"../../../Engine/Plugins/Runtime/HairStrands/Shaders/Private/NiagaraAngularSpringMaterial.ush" 3543
"../../../Engine/Plugins/Runtime/HairStrands/Shaders/Private/NiagaraConstantVolumeMaterial.ush" 3544
"../../../Engine/Plugins/Runtime/HairStrands/Shaders/Private/NiagaraCosseratRodMaterial.ush" 3545
"../../../Engine/Plugins/Runtime/HairStrands/Shaders/Private/NiagaraStaticCollisionConstraint.ush" 3546
"../../../Engine/Plugins/Runtime/HairStrands/Shaders/Private/NiagaraDataInterfaceHairStrands.ush" 3547
"../../../Engine/Plugins/Runtime/HairStrands/Shaders/Private/NiagaraDataInterfaceHairStrandsTemplate.ush" 3548
"../../../Engine/Plugins/FX/Niagara/Shaders/Private/NiagaraDataInterfaceIntRenderTarget2D.ush" 3549
"../../../Engine/Plugins/FX/Niagara/Shaders/Private/NiagaraDataInterfaceLandscape.ush" 3550
"../../../Engine/Plugins/FX/Niagara/Shaders/Private/NiagaraDataInterfaceMemoryBufferTemplate.ush" 3551
"../../../Engine/Plugins/FX/Niagara/Shaders/Private/NiagaraDataInterfaceMeshRendererInfoTemplate.ush" 3552
"../../../Engine/Plugins/FX/Niagara/Shaders/Private/NiagaraDataInterfaceOcclusion.ush" 3553
"../../../Engine/Plugins/FX/Niagara/Shaders/Private/NiagaraDataInterfacePhysicsAsset.ush" 3554
"../../../Engine/Plugins/Experimental/ChaosNiagara/Shaders/NiagaraDataInterfacePhysicsField.ush" 3555
"../../../Engine/Plugins/FX/Niagara/Shaders/Private/NiagaraDataInterfacePlatformSetTemplate.ush" 3556
"../../../Engine/Plugins/Runtime/HairStrands/Shaders/Private/NiagaraDataInterfaceVelocityGrid.ush" 3557
"../../../Engine/Plugins/Runtime/HairStrands/Shaders/Private/NiagaraDataInterfaceVelocityGridTemplate.ush" 3558
"../../../Engine/Plugins/Runtime/HairStrands/Shaders/Private/NiagaraDataInterfacePressureGrid.ush" 3559
"../../../Engine/Plugins/Runtime/HairStrands/Shaders/Private/NiagaraDataInterfacePressureGridTemplate.ush" 3560
"../../../Engine/Plugins/FX/Niagara/Shaders/Private/NiagaraDataInterfaceRenderTarget2DTemplate.ush" 3561
"../../../Engine/Plugins/FX/Niagara/Shaders/Private/NiagaraDataInterfaceRenderTarget2DArrayTemplate.ush" 3562
"../../../Engine/Plugins/FX/Niagara/Shaders/Private/NiagaraDataInterfaceRenderTargetCubeTemplate.ush" 3563
"../../../Engine/Plugins/FX/Niagara/Shaders/Private/NiagaraDataInterfaceRenderTargetVolumeTemplate.ush" 3564
"../../../Engine/Plugins/FX/Niagara/Shaders/Private/NiagaraDataInterfaceRigidMeshCollisionQuery.ush" 3565
"../../../Engine/Plugins/FX/Niagara/Shaders/Private/NiagaraDistanceFieldQueries.ush" 3566
"../../../Engine/Plugins/FX/Niagara/Shaders/Private/NiagaraDataInterfaceSceneCapture2DTemplate.ush" 3567
"../../../Engine/Plugins/FX/Niagara/Shaders/Private/NiagaraDataInterfaceSimCacheReaderTemplate.ush" 3568
"../../../Engine/Plugins/FX/Niagara/Shaders/Private/NiagaraDataInterfaceSimpleCounterTemplate.ush" 3569
"../../../Engine/Plugins/FX/Niagara/Shaders/Private/NiagaraDataInterfaceSkeletalMesh.ush" 3570
"../../../Engine/Plugins/FX/Niagara/Shaders/Private/NiagaraBaryCentricUtils.ush" 3571
"../../../Engine/Plugins/FX/Niagara/Shaders/Private/NiagaraDataInterfaceSkeletalMeshTemplate.ush" 3572
"../../../Engine/Plugins/FX/Niagara/Shaders/Private/NiagaraDataInterfaceSocketReaderTemplate.ush" 3573
"../../../Engine/Plugins/FX/Niagara/Shaders/Private/NiagaraDataInterfaceSparseVolumeTextureTemplate.ush" 3574
"../../../Engine/Plugins/FX/Niagara/Shaders/Private/NiagaraDataInterfaceSplineTemplate.ush" 3575
"../../../Engine/Plugins/FX/Niagara/Shaders/Private/NiagaraDataInterfaceSpriteRendererInfoTemplate.ush" 3576
"../../../Engine/Plugins/FX/Niagara/Shaders/Private/NiagaraDataInterfaceStaticMeshTemplate.ush" 3577
"../../../Engine/Plugins/FX/Niagara/Shaders/Private/NiagaraDataInterfaceTextureTemplate.ush" 3578
"../../../Engine/Plugins/FX/Niagara/Shaders/Private/NiagaraDataInterfaceVirtualTexture.ush" 3579
"../../../Engine/Plugins/FX/Niagara/Shaders/Private/NiagaraDataInterfaceVirtualTextureTemplate.ush" 3580
"../../../Engine/Plugins/FX/Niagara/Shaders/Private/NiagaraDataInterfaceVolumeCache.ush" 3581
"../../../Engine/Plugins/FX/Niagara/Shaders/Private/NiagaraDataInterfaceVolumeTextureTemplate.ush" 3582
"C:/Users/finle/Documents/GitHub/CI536_Integrated_Group_Project/CI536_Group_Project/Intermediate/ShaderAutogen/PCD3D_SM5/AutogenShaderHeaders.ush" 3583
"C:/Users/finle/Documents/GitHub/CI536_Integrated_Group_Project/CI536_Group_Project/Content/ThirdPerson/Blueprints/Camera/EN_CameraMode.uasset" 3584
"C:/Users/finle/Documents/GitHub/CI536_Integrated_Group_Project/CI536_Group_Project/Content/ThirdPerson/MI_ThirdPersonColWay.uasset" 3585
"/Game/ThirdPerson/Blueprints/Camera/EN_CameraMode" 3586
"C:/Users/finle/Documents/GitHub/CI536_Integrated_Group_Project/CI536_Group_Project/Content/ThirdPerson/Blueprints/Camera/BP_Camera_Bounds.uasset" 3587
"/Game/ThirdPerson/Blueprints/Camera/BP_Camera_Bounds" 3588
"C:/Users/finle/Documents/GitHub/CI536_Integrated_Group_Project/CI536_Group_Project/Content/LevelPrototyping/Materials/M_FlatCol.uasset" 3589
"C:/Users/finle/Documents/GitHub/CI536_Integrated_Group_Project/CI536_Group_Project/Content/Characters/Mannequins/Anims/Unarmed/Jump/MM_Jump.uasset" 3590
"C:/Users/finle/Documents/GitHub/CI536_Integrated_Group_Project/CI536_Group_Project/Content/Characters/Mannequins/Anims/Unarmed/Jog/MF_Unarmed_Jog_Bwd_Left.uasset" 3591
"C:/Users/finle/Documents/GitHub/CI536_Integrated_Group_Project/CI536_Group_Project/Content/Characters/Mannequins/Anims/Unarmed/Jog/MF_Unarmed_Jog_Bwd_Right.uasset" 3592
"C:/Users/finle/Documents/GitHub/CI536_Integrated_Group_Project/CI536_Group_Project/Content/Characters/Mannequins/Anims/Unarmed/Jog/MF_Unarmed_Jog_Bwd.uasset" 3593
"C:/Users/finle/Documents/GitHub/CI536_Integrated_Group_Project/CI536_Group_Project/Content/ThirdPerson/Blueprints/Widgets/WBP_Health_Bar.uasset" 3594
"C:/Users/finle/Documents/GitHub/CI536_Integrated_Group_Project/CI536_Group_Project/Content/ThirdPerson/Blueprints/Interface/BPI_Damage.uasset" 3595
"C:/Users/finle/Documents/GitHub/CI536_Integrated_Group_Project/CI536_Group_Project/Content/LevelPrototyping/Materials/MI_DefaultColorway.uasset" 3596
"../../../Engine/Content/EditorBlueprintResources/StandardMacros.uasset" 3597
"C:/Users/finle/Documents/GitHub/CI536_Integrated_Group_Project/CI536_Group_Project/Content/ThirdPerson/Blueprints/Characters/Camera/BPS_ClankHit.uasset" 3598
"C:/Users/finle/Documents/GitHub/CI536_Integrated_Group_Project/CI536_Group_Project/Content/ThirdPerson/Blueprints/Interface/BPI_Interaction.uasset" 3599
"C:/Users/finle/Documents/GitHub/CI536_Integrated_Group_Project/CI536_Group_Project/Content/Characters/Mannequins/Anims/Unarmed/Jump/MM_Land.uasset" 3600
"C:/Users/finle/Documents/GitHub/CI536_Integrated_Group_Project/CI536_Group_Project/Content/Characters/Mannequins/Anims/Unarmed/Walk/MF_Unarmed_Walk_Bwd.uasset" 3601
"C:/Users/finle/Documents/GitHub/CI536_Integrated_Group_Project/CI536_Group_Project/Content/Characters/Mannequins/Anims/Unarmed/Jog/MF_Unarmed_Jog_Fwd_Right.uasset" 3602
"C:/Users/finle/Documents/GitHub/CI536_Integrated_Group_Project/CI536_Group_Project/Content/Characters/Mannequins/Anims/Unarmed/Jog/MF_Unarmed_Jog_Left.uasset" 3603
"C:/Users/finle/Documents/GitHub/CI536_Integrated_Group_Project/CI536_Group_Project/Content/Characters/Mannequins/Anims/Unarmed/Jog/MF_Unarmed_Jog_Right.uasset" 3604
"C:/Users/finle/Documents/GitHub/CI536_Integrated_Group_Project/CI536_Group_Project/Content/Characters/Mannequins/Anims/Unarmed/Walk/MF_Unarmed_Walk_Fwd.uasset" 3605
"C:/Users/finle/Documents/GitHub/CI536_Integrated_Group_Project/CI536_Group_Project/Content/Characters/Mannequins/Anims/Unarmed/Jog/MF_Unarmed_Jog_Fwd.uasset" 3606
"C:/Users/finle/Documents/GitHub/CI536_Integrated_Group_Project/CI536_Group_Project/Content/Characters/Mannequins/Anims/Unarmed/Walk/MF_Unarmed_Walk_Bwd_Left.uasset" 3607
"C:/Users/finle/Documents/GitHub/CI536_Integrated_Group_Project/CI536_Group_Project/Content/Characters/Mannequins/Anims/Unarmed/Jog/MF_Unarmed_Jog_Fwd_Left.uasset" 3608
"C:/Users/finle/Documents/GitHub/CI536_Integrated_Group_Project/CI536_Group_Project/Content/Characters/Mannequins/Anims/Unarmed/Walk/MF_Unarmed_Walk_Left.uasset" 3609
"../../../Engine/Content/Animation/DefaultAnimBoneCompressionSettings.uasset" 3610
"C:/Users/finle/Documents/GitHub/CI536_Integrated_Group_Project/CI536_Group_Project/Content/Characters/Mannequins/Anims/Unarmed/Walk/MF_Unarmed_Walk_Right.uasset" 3611
"C:/Users/finle/Documents/GitHub/CI536_Integrated_Group_Project/CI536_Group_Project/Content/Characters/Mannequins/Anims/Unarmed/BS_Idle_Walk_Run.uasset" 3612
"C:/Users/finle/Documents/GitHub/CI536_Integrated_Group_Project/CI536_Group_Project/Content/Characters/Mannequins/Anims/Unarmed/Walk/MF_Unarmed_Walk_Fwd_Left.uasset" 3613
"C:/Users/finle/Documents/GitHub/CI536_Integrated_Group_Project/CI536_Group_Project/Content/Characters/Mannequins/Anims/Unarmed/Walk/MF_Unarmed_Walk_Bwd_Right.uasset" 3614
"C:/Users/finle/Documents/GitHub/CI536_Integrated_Group_Project/CI536_Group_Project/Content/Characters/Mannequins/Anims/Unarmed/Jump/MM_Fall_Loop.uasset" 3615
"../../../Engine/Content/Animation/DefaultAnimCurveCompressionSettings.uasset" 3616
"C:/Users/finle/Documents/GitHub/CI536_Integrated_Group_Project/CI536_Group_Project/Content/Characters/Mannequins/Anims/Unarmed/Walk/MF_Unarmed_Walk_Fwd_Right.uasset" 3617
"/Engine/Animation/DefaultAnimBoneCompressionSettings" 3618
"/Engine/Animation/DefaultAnimCurveCompressionSettings" 3619
"/Game/ThirdPerson/Blueprints/Characters/Camera/BPS_ClankHit" 3620
"/Engine/EditorBlueprintResources/StandardMacros" 3621
"/Game/LevelPrototyping/Materials/M_FlatCol" 3622
"/Game/LevelPrototyping/Materials/MI_DefaultColorway" 3623
"/Game/ThirdPerson/MI_ThirdPersonColWay" 3624
"/Game/ThirdPerson/Blueprints/Characters/BP_Clank_new" 3625
"C:/Users/finle/Documents/GitHub/CI536_Integrated_Group_Project/CI536_Group_Project/Content/ThirdPerson/Blueprints/BP_ThirdPersonPlayerController.uasset" 3626
"C:/Users/finle/Documents/GitHub/CI536_Integrated_Group_Project/CI536_Group_Project/Content/Input/Actions/IA_Float.uasset" 3627
"C:/Users/finle/Documents/GitHub/CI536_Integrated_Group_Project/CI536_Group_Project/Content/Input/Actions/IA_Interact.uasset" 3628
"C:/Users/finle/Documents/GitHub/CI536_Integrated_Group_Project/CI536_Group_Project/Content/Input/Actions/IA_MouseLook.uasset" 3629
"C:/Users/finle/Documents/GitHub/CI536_Integrated_Group_Project/CI536_Group_Project/Content/Input/Actions/IA_Move.uasset" 3630
"C:/Users/finle/Documents/GitHub/CI536_Integrated_Group_Project/CI536_Group_Project/Content/Input/IMC_Default.uasset" 3631
"C:/Users/finle/Documents/GitHub/CI536_Integrated_Group_Project/CI536_Group_Project/Content/ThirdPerson/Blueprints/Characters/BP_ThirdPersonCharacter.uasset" 3632
"C:/Users/finle/Documents/GitHub/CI536_Integrated_Group_Project/CI536_Group_Project/Content/Input/IMC_MouseLook.uasset" 3633
"C:/Users/finle/Documents/GitHub/CI536_Integrated_Group_Project/CI536_Group_Project/Content/Input/Touch/UI_TouchSimple.uasset" 3634
"C:/Users/finle/Documents/GitHub/CI536_Integrated_Group_Project/CI536_Group_Project/Content/Input/Actions/IA_Jump.uasset" 3635
"C:/Users/finle/Documents/GitHub/CI536_Integrated_Group_Project/CI536_Group_Project/Content/Input/Actions/IA_Look.uasset" 3636
"C:/Users/finle/Documents/GitHub/CI536_Integrated_Group_Project/CI536_Group_Project/Content/Characters/Mannequins/Anims/Unarmed/ABP_Unarmed.uasset" 3637
"C:/Users/finle/Documents/GitHub/CI536_Integrated_Group_Project/CI536_Group_Project/Content/Input/Touch/BPI_TouchInterface.uasset" 3638
"C:/Users/finle/Documents/GitHub/CI536_Integrated_Group_Project/CI536_Group_Project/Content/Characters/Mannequins/Meshes/SKM_Quinn_Simple.uasset" 3639
"../../../Engine/Content/MobileResources/HUD/VirtualJoystick_Thumb.uasset" 3640
"C:/Users/finle/Documents/GitHub/CI536_Integrated_Group_Project/CI536_Group_Project/Content/Input/Touch/UI_Thumbstick.uasset" 3641
"C:/Users/finle/Documents/GitHub/CI536_Integrated_Group_Project/CI536_Group_Project/Content/Characters/Mannequins/Anims/Unarmed/MM_Idle.uasset" 3642
"C:/Users/finle/Documents/GitHub/CI536_Integrated_Group_Project/CI536_Group_Project/Content/Characters/Mannequins/Rigs/CR_Mannequin_FootIK.uasset" 3643
"C:/Users/finle/Documents/GitHub/CI536_Integrated_Group_Project/CI536_Group_Project/Content/Characters/Mannequins/Meshes/SK_Mannequin.uasset" 3644
"C:/Users/finle/Documents/GitHub/CI536_Integrated_Group_Project/CI536_Group_Project/Content/Characters/Mannequins/Materials/Quinn/MI_Quinn_01.uasset" 3645
"C:/Users/finle/Documents/GitHub/CI536_Integrated_Group_Project/CI536_Group_Project/Content/Characters/Mannequins/Materials/Quinn/MI_Quinn_02.uasset" 3646
"C:/Users/finle/Documents/GitHub/CI536_Integrated_Group_Project/CI536_Group_Project/Content/Characters/Mannequins/Rigs/PA_Mannequin.uasset" 3647
"../../../Engine/Content/MobileResources/HUD/VirtualJoystick_Background.uasset" 3648
"C:/Users/finle/Documents/GitHub/CI536_Integrated_Group_Project/CI536_Group_Project/Content/Characters/Mannequins/Materials/M_Mannequin.uasset" 3649
"C:/Users/finle/Documents/GitHub/CI536_Integrated_Group_Project/CI536_Group_Project/Content/Characters/Mannequins/Textures/Quinn/T_Quinn_01_D.uasset" 3650
"C:/Users/finle/Documents/GitHub/CI536_Integrated_Group_Project/CI536_Group_Project/Content/Characters/Mannequins/Textures/Quinn/T_Quinn_01_MRA.uasset" 3651
"C:/Users/finle/Documents/GitHub/CI536_Integrated_Group_Project/CI536_Group_Project/Content/Characters/Mannequins/Textures/Quinn/T_Quinn_01_N.uasset" 3652
"C:/Users/finle/Documents/GitHub/CI536_Integrated_Group_Project/CI536_Group_Project/Content/Characters/Mannequins/Textures/Quinn/T_Quinn_02_D.uasset" 3653
"C:/Users/finle/Documents/GitHub/CI536_Integrated_Group_Project/CI536_Group_Project/Content/Characters/Mannequins/Textures/Quinn/T_Quinn_02_MRA.uasset" 3654
"C:/Users/finle/Documents/GitHub/CI536_Integrated_Group_Project/CI536_Group_Project/Content/Characters/Mannequins/Textures/Quinn/T_Quinn_02_N.uasset" 3655
"C:/Users/finle/Documents/GitHub/CI536_Integrated_Group_Project/CI536_Group_Project/Content/Characters/Mannequins/Textures/Manny/T_Manny_01_BN.uasset" 3656
"C:/Users/finle/Documents/GitHub/CI536_Integrated_Group_Project/CI536_Group_Project/Content/Characters/Mannequins/Textures/Manny/T_Manny_01_D.uasset" 3657
"C:/Users/finle/Documents/GitHub/CI536_Integrated_Group_Project/CI536_Group_Project/Content/Characters/Mannequins/Textures/Manny/T_Manny_01_MRA.uasset" 3658
"C:/Users/finle/Documents/GitHub/CI536_Integrated_Group_Project/CI536_Group_Project/Content/Characters/Mannequins/Textures/Shared/T_UE_Logo_M.uasset" 3659
"/Game/ThirdPerson/Blueprints/Camera/BP_Level_Cam" 3660
"../../../Engine/Content/EngineSounds/Submixes/MasterReverbSubmixDefault.uasset" 3661
"C:/Users/finle/Documents/GitHub/CI536_Integrated_Group_Project/CI536_Group_Project/Content/ThirdPerson/Lvl_ThirdPerson.umap" 3662
"../../../Engine/Content/EngineSounds/Submixes/MasterEQSubmixDefault.uasset" 3663
"C:/Users/finle/Documents/GitHub/CI536_Integrated_Group_Project/CI536_Group_Project/Content/ThirdPerson/Blueprints/BP_ThirdPersonGameMode.uasset" 3664
"../../../Engine/Content/EngineSounds/Submixes/MasterSubmixDefault.uasset" 3665
"/Game/ThirdPerson/Blueprints/BP_ThirdPersonGameMode" 3666
"../../../Engine/Content/EngineSounds/Submixes/MasterReverbEffectPreset.uasset" 3667
"../../../Engine/Plugins/Interchange/Assets/Content/gltf/MaterialFunctions/MF_Specular.uasset" 3668
"../../../Engine/Plugins/Interchange/Assets/Content/gltf/MaterialFunctions/MF_SpecularAnisotropy.uasset" 3669
"C:/Users/finle/Documents/GitHub/CI536_Integrated_Group_Project/CI536_Group_Project/Content/ThirdPerson/Blueprints/GameMode/BP_GameMode.uasset" 3670
"../../../Engine/Content/Functions/Engine_MaterialFunctions01/Texturing/FlattenNormal.uasset" 3671
"../../../Engine/Plugins/Interchange/Assets/Content/gltf/Textures/T_Anisotropy_Direction_Linear.uasset" 3672
"../../../Engine/Plugins/Interchange/Assets/Content/gltf/MaterialFunctions/MF_MetallicRoughness.uasset" 3673
"../../../Engine/Plugins/Interchange/Assets/Content/gltf/Textures/T_White_Linear.uasset" 3674
"../../../Engine/Plugins/Interchange/Assets/Content/gltf/MaterialFunctions/MF_Normals.uasset" 3675
"../../../Engine/Plugins/Interchange/Assets/Content/gltf/MaterialFunctions/MF_RotateNormals_TS.uasset" 3676
"../../../Engine/Plugins/Interchange/Assets/Content/Functions/MF_IridescenceNoLUT.uasset" 3677
"../../../Engine/Plugins/Interchange/Assets/Content/gltf/MaterialFunctions/MF_Iridescence.uasset" 3678
"../../../Engine/Plugins/Interchange/Assets/Content/gltf/MaterialFunctions/MF_IOR.uasset" 3679
"../../../Engine/Plugins/Interchange/Assets/Content/gltf/MaterialFunctions/MF_RotateV2.uasset" 3680
"../../../Engine/Plugins/Interchange/Assets/Content/gltf/Textures/T_White_srgb.uasset" 3681
"../../../Engine/Plugins/Interchange/Assets/Content/gltf/MaterialFunctions/MF_TransformUVs.uasset" 3682
"../../../Engine/Plugins/Interchange/Assets/Content/gltf/MaterialFunctions/MF_BaseColor.uasset" 3683
"../../../Engine/Content/Functions/Engine_MaterialFunctions03/Math/RemapValueRange.uasset" 3684
"../../../Engine/Plugins/Interchange/Assets/Content/Functions/MF_Iridescence.uasset" 3685
"../../../Engine/Plugins/Interchange/Assets/Content/Utilities/New_LUT.uasset" 3686
"../../../Engine/Content/EngineSounds/Submixes/MasterEQEffectPreset.uasset" 3687
"../../../Engine/Plugins/Interchange/Assets/Content/gltf/MaterialFunctions/MF_Clearcoat.uasset" 3688
"../../../Engine/Plugins/Interchange/Assets/Content/gltf/MaterialBodies/MF_ClearCoat_Body.uasset" 3689
"C:/Users/finle/Documents/GitHub/CI536_Integrated_Group_Project/CI536_Group_Project/Content/__ExternalActors__/ThirdPerson/Lvl_ThirdPerson/D/RI/R8L7GQXCHQGMMKBPTBJTNA.uasset" 3690
"../../../Engine/Plugins/Interchange/Assets/Content/gltf/Textures/T_Generic_N.uasset" 3691
"../../../Engine/Plugins/Interchange/Assets/Content/gltf/MaterialFunctions/MF_Emissive.uasset" 3692
"../../../Engine/Plugins/Interchange/Assets/Content/gltf/MaterialFunctions/MF_Occlusion.uasset" 3693
"../../../Engine/Plugins/Interchange/Assets/Content/gltf/MaterialFunctions/MF_ScaleNormal.uasset" 3694
"/Game/ThirdPerson/Blueprints/GameMode/BP_GameMode" 3695
"/Game/__ExternalActors__/ThirdPerson/Lvl_ThirdPerson/D/RI/R8L7GQXCHQGMMKBPTBJTNA" 3696
"/InterchangeAssets/Utilities/New_LUT" 3697
"/Engine/EngineSounds/Submixes/MasterReverbEffectPreset" 3698
"/Engine/EngineSounds/Submixes/MasterEQEffectPreset" 3699
"/Engine/EngineSounds/Submixes/MasterEQSubmixDefault" 3700
"/InterchangeAssets/gltf/MaterialFunctions/MF_Clearcoat" 3701
"/InterchangeAssets/gltf/MaterialBodies/MF_ClearCoat_Body" 3702
"/Engine/Functions/Engine_MaterialFunctions03/Math/RemapValueRange" 3703
"/InterchangeAssets/Functions/MF_Iridescence" 3704
"../../../Engine/Plugins/Interchange/Assets/Content/gltf/M_ClearCoat.uasset" 3705
"../../../Engine/Plugins/Interchange/Assets/Content/gltf/M_Default.uasset" 3706
"../../../Engine/Plugins/Interchange/Assets/Content/gltf/MaterialBodies/MF_Default_Body.uasset" 3707
"../../../Engine/Plugins/Interchange/Assets/Content/gltf/MaterialInstances/MI_ClearCoat_Mask.uasset" 3708
"../../../Engine/Plugins/Interchange/Assets/Content/gltf/MaterialInstances/MI_ClearCoat_Blend_DS.uasset" 3709
"../../../Engine/Plugins/Interchange/Assets/Content/gltf/MaterialInstances/MI_ClearCoat_Mask_DS.uasset" 3710
"../../../Engine/Plugins/Interchange/Assets/Content/gltf/MaterialInstances/MI_ClearCoat_Blend.uasset" 3711
"../../../Engine/Plugins/Interchange/Assets/Content/gltf/MaterialInstances/MI_Default_Opaque_DS.uasset" 3712
"../../../Engine/Plugins/Interchange/Assets/Content/gltf/MaterialInstances/MI_Default_Mask_DS.uasset" 3713
"../../../Engine/Plugins/Interchange/Assets/Content/gltf/MaterialBodies/MF_Sheen_Body.uasset" 3714
"../../../Engine/Plugins/Interchange/Assets/Content/gltf/MaterialInstances/MI_Default_Blend_DS.uasset" 3715
"../../../Engine/Plugins/Interchange/Assets/Content/gltf/MaterialFunctions/MF_Sheen.uasset" 3716
"../../../Engine/Plugins/Interchange/Assets/Content/gltf/M_Sheen.uasset" 3717
"../../../Engine/Plugins/Interchange/Assets/Content/gltf/MaterialInstances/MI_Sheen_Opaque.uasset" 3718
"/Game/__ExternalActors__/ThirdPerson/Lvl_ThirdPerson/0/TA/GT0117B9ZQXQNJVOV84NQU" 3719
"../../../Engine/Plugins/Interchange/Assets/Content/gltf/MaterialInstances/MI_Sheen_Blend.uasset" 3720
"../../../Engine/Plugins/Interchange/Assets/Content/gltf/MaterialInstances/MI_Sheen_Mask.uasset" 3721
"../../../Engine/Plugins/Interchange/Assets/Content/gltf/MaterialInstances/MI_Sheen_Opaque_DS.uasset" 3722
"../../../Engine/Plugins/Interchange/Assets/Content/gltf/MaterialInstances/MI_Sheen_Mask_DS.uasset" 3723
"../../../Engine/Plugins/Interchange/Assets/Content/gltf/MaterialFunctions/MF_Transmission.uasset" 3724
"../../../Engine/Plugins/Interchange/Assets/Content/gltf/MaterialInstances/MI_Sheen_Blend_DS.uasset" 3725
"../../../Engine/Plugins/Interchange/Assets/Content/gltf/MaterialFunctions/MF_Temporal_Blur.uasset" 3726
"../../../Engine/Plugins/Interchange/Assets/Content/gltf/MaterialFunctions/MF_Fresnel_DS.uasset" 3727
"../../../Engine/Plugins/Interchange/Assets/Content/gltf/MaterialBodies/MF_Transmission_Body.uasset" 3728
"../../../Engine/Content/Functions/Engine_MaterialFunctions02/Texturing/ScreenAlignedPixelToPixelUVs.uasset" 3729
"C:/Users/finle/Documents/GitHub/CI536_Integrated_Group_Project/CI536_Group_Project/Content/__ExternalActors__/ThirdPerson/Lvl_ThirdPerson/0/TA/GT0117B9ZQXQNJVOV84NQU.uasset" 3730
"/Game/__ExternalActors__/ThirdPerson/Lvl_ThirdPerson/1/4Z/9HJL4UBLR5CA1P7CBT3R8I" 3731
"../../../Engine/Plugins/Interchange/Assets/Content/gltf/M_Transmission.uasset" 3732
"../../../Engine/Plugins/Interchange/Assets/Content/gltf/MaterialInstances/MI_Transmission.uasset" 3733
"../../../Engine/Plugins/Interchange/Assets/Content/gltf/MaterialInstances/MI_Transmission_DS.uasset" 3734
"C:/Users/finle/Documents/GitHub/CI536_Integrated_Group_Project/CI536_Group_Project/Content/__ExternalActors__/ThirdPerson/Lvl_ThirdPerson/1/4Z/9HJL4UBLR5CA1P7CBT3R8I.uasset" 3735
"C:/Users/finle/Documents/GitHub/CI536_Integrated_Group_Project/CI536_Group_Project/Content/ThirdPerson/Blueprints/Characters/BP_Clank.uasset" 3736
"../../../Engine/Plugins/Interchange/Assets/Content/gltf/MaterialInstances/MI_ClearCoat_Opaque_DS.uasset" 3737
"C:/Users/finle/Documents/GitHub/CI536_Integrated_Group_Project/CI536_Group_Project/Content/GameContent/Sawblaze.uasset" 3738
"../../../Engine/Plugins/Interchange/Assets/Content/gltf/MaterialInstances/MI_Default_Opaque.uasset" 3739
"C:/Users/finle/Documents/GitHub/CI536_Integrated_Group_Project/CI536_Group_Project/Content/GameContent/phys_objects01a.uasset" 3740
"../../../Engine/Plugins/Interchange/Assets/Content/gltf/MaterialInstances/MI_Default_Blend.uasset" 3741
"../../../Engine/Plugins/Interchange/Assets/Content/gltf/MaterialInstances/MI_Default_Mask.uasset" 3742
"../../../Engine/Plugins/Interchange/Assets/Content/gltf/MaterialInstances/MI_ClearCoat_Opaque.uasset" 3743
"../../Plugins/Interchange/Assets/Content/Functions/MF_PhongToMetalRoughness.uasset" 3744
"C:/Users/finle/Documents/GitHub/CI536_Integrated_Group_Project/CI536_Group_Project/Content/GameContent/0.uasset" 3745
"/Game/__ExternalActors__/ThirdPerson/Lvl_ThirdPerson/1/OJ/GXG44JPF2MNORC2RJMYF81" 3746
"C:/Users/finle/Documents/GitHub/CI536_Integrated_Group_Project/CI536_Group_Project/Content/__ExternalActors__/ThirdPerson/Lvl_ThirdPerson/1/OJ/GXG44JPF2MNORC2RJMYF81.uasset" 3747
"/Game/__ExternalActors__/ThirdPerson/Lvl_ThirdPerson/2/AM/9YGDW7FMEY1CZD31VUYO11" 3748
"C:/Users/finle/Documents/GitHub/CI536_Integrated_Group_Project/CI536_Group_Project/Content/__ExternalActors__/ThirdPerson/Lvl_ThirdPerson/2/AM/9YGDW7FMEY1CZD31VUYO11.uasset" 3749
"../../../Engine/Content/EngineSky/M_SimpleSkyDome.uasset" 3750
"../../../Engine/Content/EngineSky/SM_SkySphere.uasset" 3751
"../../../Engine/Content/EngineSky/M_Sky_Panning_Clouds2.uasset" 3752
"../../../Engine/Content/EngineSky/T_Sky_Blue.uasset" 3753
"../../../Engine/Content/EngineSky/T_Sky_Clouds_M.uasset" 3754
"../../../Engine/Content/EngineSky/T_Sky_Stars.uasset" 3755
"/Game/__ExternalActors__/ThirdPerson/Lvl_ThirdPerson/2/HY/452IFGT70HKZQ8ULOYXVSS" 3756
"C:/Users/finle/Documents/GitHub/CI536_Integrated_Group_Project/CI536_Group_Project/Content/__ExternalActors__/ThirdPerson/Lvl_ThirdPerson/2/HY/452IFGT70HKZQ8ULOYXVSS.uasset" 3757
"C:/Users/finle/Documents/GitHub/CI536_Integrated_Group_Project/CI536_Group_Project/Content/ThirdPerson/Blueprints/Objects/BP_Vent_Door.uasset" 3758
"C:/Users/finle/Documents/GitHub/CI536_Integrated_Group_Project/CI536_Group_Project/Content/ThirdPerson/Blueprints/Widgets/WBP_Interact.uasset" 3759
"/Game/__ExternalActors__/ThirdPerson/Lvl_ThirdPerson/2/OK/FXBLIW056CA5EM63QEQZLG" 3760
"C:/Users/finle/Documents/GitHub/CI536_Integrated_Group_Project/CI536_Group_Project/Content/__ExternalActors__/ThirdPerson/Lvl_ThirdPerson/2/OK/FXBLIW056CA5EM63QEQZLG.uasset" 3761
"/Game/__ExternalActors__/ThirdPerson/Lvl_ThirdPerson/3/0N/NTRPN55OWWUSD03K29ZOSH" 3762
"C:/Users/finle/Documents/GitHub/CI536_Integrated_Group_Project/CI536_Group_Project/Content/__ExternalActors__/ThirdPerson/Lvl_ThirdPerson/3/0N/NTRPN55OWWUSD03K29ZOSH.uasset" 3763
"../../../Engine/Content/EngineSky/VolumetricClouds/m_SimpleVolumetricCloud_Inst.uasset" 3764
"../../../Engine/Content/EngineSky/VolumetricClouds/m_SimpleVolumetricCloud.uasset" 3765
"../../../Engine/Content/EngineSky/VolumetricClouds/T_CloudMask.uasset" 3766
"../../../Engine/Content/EngineSky/VolumetricClouds/T_CloudPattern.uasset" 3767
"../../../Engine/Content/EngineSky/VolumetricClouds/T_Profile_08.uasset" 3768
"../../../Engine/Content/EngineSky/VolumetricClouds/VT_PerlinWorley_Balanced.uasset" 3769
"../../../Engine/Content/Functions/Engine_MaterialFunctions01/Units/Km-to-Cm.uasset" 3770
"../../../Engine/Content/Functions/Engine_MaterialFunctions02/Utility/BreakOutFloat4Components.uasset" 3771
"../../../Engine/Content/Functions/Engine_MaterialFunctions02/Utility/MakeFloat4.uasset" 3772
"../../../Engine/Content/EngineSky/VolumetricClouds/VT_Lightning.uasset" 3773
"/Game/__ExternalActors__/ThirdPerson/Lvl_ThirdPerson/3/VB/LBPGR2IAHO3TMWF9VQPSJF" 3774
"C:/Users/finle/Documents/GitHub/CI536_Integrated_Group_Project/CI536_Group_Project/Content/__ExternalActors__/ThirdPerson/Lvl_ThirdPerson/3/VB/LBPGR2IAHO3TMWF9VQPSJF.uasset" 3775
"/Game/__ExternalActors__/ThirdPerson/Lvl_ThirdPerson/3/X6/K8YHWZ4AC6LGCGGFI83YLX" 3776
"C:/Users/finle/Documents/GitHub/CI536_Integrated_Group_Project/CI536_Group_Project/Content/__ExternalActors__/ThirdPerson/Lvl_ThirdPerson/3/X6/K8YHWZ4AC6LGCGGFI83YLX.uasset" 3777
"/Game/__ExternalActors__/ThirdPerson/Lvl_ThirdPerson/4/HX/M5TLC2OIC2HPDYBZ8X0XSY" 3778
"C:/Users/finle/Documents/GitHub/CI536_Integrated_Group_Project/CI536_Group_Project/Content/__ExternalActors__/ThirdPerson/Lvl_ThirdPerson/4/HX/M5TLC2OIC2HPDYBZ8X0XSY.uasset" 3779
"/Game/__ExternalActors__/ThirdPerson/Lvl_ThirdPerson/4/MM/ULPAPLHYU4FESJHIE9UGDD" 3780
"C:/Users/finle/Documents/GitHub/CI536_Integrated_Group_Project/CI536_Group_Project/Content/__ExternalActors__/ThirdPerson/Lvl_ThirdPerson/4/MM/ULPAPLHYU4FESJHIE9UGDD.uasset" 3781
"/Game/__ExternalActors__/ThirdPerson/Lvl_ThirdPerson/6/7X/YPFX1VKGSWPM3P7EW709LB" 3782
"C:/Users/finle/Documents/GitHub/CI536_Integrated_Group_Project/CI536_Group_Project/Content/__ExternalActors__/ThirdPerson/Lvl_ThirdPerson/6/7X/YPFX1VKGSWPM3P7EW709LB.uasset" 3783
"C:/Users/finle/Documents/GitHub/CI536_Integrated_Group_Project/CI536_Group_Project/Content/ThirdPerson/Blueprints/Objects/BP_GravityBoots.uasset" 3784
"C:/Users/finle/Documents/GitHub/CI536_Integrated_Group_Project/CI536_Group_Project/Content/LevelPrototyping/Materials/M_Blue.uasset" 3785
"C:/Users/finle/Documents/GitHub/CI536_Integrated_Group_Project/CI536_Group_Project/Content/LevelPrototyping/Materials/M_Red.uasset" 3786
"/Game/__ExternalActors__/ThirdPerson/Lvl_ThirdPerson/6/VA/QV88T5NKTVBMCZMCIDRJ4D" 3787
"C:/Users/finle/Documents/GitHub/CI536_Integrated_Group_Project/CI536_Group_Project/Content/__ExternalActors__/ThirdPerson/Lvl_ThirdPerson/6/VA/QV88T5NKTVBMCZMCIDRJ4D.uasset" 3788
"/Game/__ExternalActors__/ThirdPerson/Lvl_ThirdPerson/7/TM/49XCRP7LFH7AE07PSEW334" 3789
"C:/Users/finle/Documents/GitHub/CI536_Integrated_Group_Project/CI536_Group_Project/Content/__ExternalActors__/ThirdPerson/Lvl_ThirdPerson/7/TM/49XCRP7LFH7AE07PSEW334.uasset" 3790
"/Game/__ExternalActors__/ThirdPerson/Lvl_ThirdPerson/8/19/JLS9L9QSE1TZBTXXO7BUAZ" 3791
"C:/Users/finle/Documents/GitHub/CI536_Integrated_Group_Project/CI536_Group_Project/Content/__ExternalActors__/ThirdPerson/Lvl_ThirdPerson/8/19/JLS9L9QSE1TZBTXXO7BUAZ.uasset" 3792
"/Game/__ExternalActors__/ThirdPerson/Lvl_ThirdPerson/8/4S/2DXWUQ5FMEN7RQW62LLF43" 3793
"C:/Users/finle/Documents/GitHub/CI536_Integrated_Group_Project/CI536_Group_Project/Content/__ExternalActors__/ThirdPerson/Lvl_ThirdPerson/8/4S/2DXWUQ5FMEN7RQW62LLF43.uasset" 3794
"/Game/__ExternalActors__/ThirdPerson/Lvl_ThirdPerson/8/9V/J2T1IEPB7OOQENG1QWCUJK" 3795
"C:/Users/finle/Documents/GitHub/CI536_Integrated_Group_Project/CI536_Group_Project/Content/__ExternalActors__/ThirdPerson/Lvl_ThirdPerson/8/9V/J2T1IEPB7OOQENG1QWCUJK.uasset" 3796
"/Game/__ExternalActors__/ThirdPerson/Lvl_ThirdPerson/8/AT/71P63H0Z5AUVFQ0XDYZC1X" 3797
"C:/Users/finle/Documents/GitHub/CI536_Integrated_Group_Project/CI536_Group_Project/Content/__ExternalActors__/ThirdPerson/Lvl_ThirdPerson/8/AT/71P63H0Z5AUVFQ0XDYZC1X.uasset" 3798
"/Game/__ExternalActors__/ThirdPerson/Lvl_ThirdPerson/8/C0/CJ4IEQR1D91CFQQ434OSQ2" 3799
"C:/Users/finle/Documents/GitHub/CI536_Integrated_Group_Project/CI536_Group_Project/Content/__ExternalActors__/ThirdPerson/Lvl_ThirdPerson/8/C0/CJ4IEQR1D91CFQQ434OSQ2.uasset" 3800
"/Game/__ExternalActors__/ThirdPerson/Lvl_ThirdPerson/8/FQ/KG5FRREW5P9SYDQT4HSHSL" 3801
"C:/Users/finle/Documents/GitHub/CI536_Integrated_Group_Project/CI536_Group_Project/Content/__ExternalActors__/ThirdPerson/Lvl_ThirdPerson/8/FQ/KG5FRREW5P9SYDQT4HSHSL.uasset" 3802
"/Game/__ExternalActors__/ThirdPerson/Lvl_ThirdPerson/8/OL/55BK45BOZ8L43P1BKGXC8S" 3803
"C:/Users/finle/Documents/GitHub/CI536_Integrated_Group_Project/CI536_Group_Project/Content/__ExternalActors__/ThirdPerson/Lvl_ThirdPerson/8/OL/55BK45BOZ8L43P1BKGXC8S.uasset" 3804
"/Game/__ExternalActors__/ThirdPerson/Lvl_ThirdPerson/8/VS/XX060WNO6GEZU5BZQCLZPP" 3805
"C:/Users/finle/Documents/GitHub/CI536_Integrated_Group_Project/CI536_Group_Project/Content/__ExternalActors__/ThirdPerson/Lvl_ThirdPerson/8/VS/XX060WNO6GEZU5BZQCLZPP.uasset" 3806
"/Game/__ExternalActors__/ThirdPerson/Lvl_ThirdPerson/9/5G/29Z6AXUGZPZ0CXHLK2DICG" 3807
"C:/Users/finle/Documents/GitHub/CI536_Integrated_Group_Project/CI536_Group_Project/Content/__ExternalActors__/ThirdPerson/Lvl_ThirdPerson/9/5G/29Z6AXUGZPZ0CXHLK2DICG.uasset" 3808
"/Game/__ExternalActors__/ThirdPerson/Lvl_ThirdPerson/9/9I/0PXBIX0MLN4ZPLTXJ79KDJ" 3809
"C:/Users/finle/Documents/GitHub/CI536_Integrated_Group_Project/CI536_Group_Project/Content/__ExternalActors__/ThirdPerson/Lvl_ThirdPerson/9/9I/0PXBIX0MLN4ZPLTXJ79KDJ.uasset" 3810
"/Game/__ExternalActors__/ThirdPerson/Lvl_ThirdPerson/9/HJ/J1QMDT5H38C5NCY2OMA3DH" 3811
"C:/Users/finle/Documents/GitHub/CI536_Integrated_Group_Project/CI536_Group_Project/Content/__ExternalActors__/ThirdPerson/Lvl_ThirdPerson/9/HJ/J1QMDT5H38C5NCY2OMA3DH.uasset" 3812
"/Game/__ExternalActors__/ThirdPerson/Lvl_ThirdPerson/B/3W/SLL8KS2AI6P4GV424XRHB7" 3813
"C:/Users/finle/Documents/GitHub/CI536_Integrated_Group_Project/CI536_Group_Project/Content/__ExternalActors__/ThirdPerson/Lvl_ThirdPerson/B/3W/SLL8KS2AI6P4GV424XRHB7.uasset" 3814
"/Game/__ExternalActors__/ThirdPerson/Lvl_ThirdPerson/B/87/IBL9YAPQUN3O9NTSVZYDHI" 3815
"C:/Users/finle/Documents/GitHub/CI536_Integrated_Group_Project/CI536_Group_Project/Content/__ExternalActors__/ThirdPerson/Lvl_ThirdPerson/B/87/IBL9YAPQUN3O9NTSVZYDHI.uasset" 3816
"/Game/__ExternalActors__/ThirdPerson/Lvl_ThirdPerson/B/H4/XXO2IIJB9SCRTZQ5TQAJFP" 3817
"C:/Users/finle/Documents/GitHub/CI536_Integrated_Group_Project/CI536_Group_Project/Content/__ExternalActors__/ThirdPerson/Lvl_ThirdPerson/B/H4/XXO2IIJB9SCRTZQ5TQAJFP.uasset" 3818
"/Game/__ExternalActors__/ThirdPerson/Lvl_ThirdPerson/B/KB/L3IVN13TQM22AATPJVTJGY" 3819
"C:/Users/finle/Documents/GitHub/CI536_Integrated_Group_Project/CI536_Group_Project/Content/__ExternalActors__/ThirdPerson/Lvl_ThirdPerson/B/KB/L3IVN13TQM22AATPJVTJGY.uasset" 3820
"/Game/__ExternalActors__/ThirdPerson/Lvl_ThirdPerson/B/VT/AN54GJC957AR98260NO0SB" 3821
"C:/Users/finle/Documents/GitHub/CI536_Integrated_Group_Project/CI536_Group_Project/Content/__ExternalActors__/ThirdPerson/Lvl_ThirdPerson/B/VT/AN54GJC957AR98260NO0SB.uasset" 3822
"C:/Users/finle/Documents/GitHub/CI536_Integrated_Group_Project/CI536_Group_Project/Content/ThirdPerson/_GENERATED/finle/CubeGridToolOutput_E425C57E.uasset" 3823
"/Game/__ExternalActors__/ThirdPerson/Lvl_ThirdPerson/C/9L/QX09URFL1S2IUJNXIMT0OX" 3824
"C:/Users/finle/Documents/GitHub/CI536_Integrated_Group_Project/CI536_Group_Project/Content/__ExternalActors__/ThirdPerson/Lvl_ThirdPerson/C/9L/QX09URFL1S2IUJNXIMT0OX.uasset" 3825
"/Game/__ExternalActors__/ThirdPerson/Lvl_ThirdPerson/C/EE/HZ5WNBFZRJYQPUA6X8TVVT" 3826
"C:/Users/finle/Documents/GitHub/CI536_Integrated_Group_Project/CI536_Group_Project/Content/__ExternalActors__/ThirdPerson/Lvl_ThirdPerson/C/EE/HZ5WNBFZRJYQPUA6X8TVVT.uasset" 3827
"/Game/__ExternalActors__/ThirdPerson/Lvl_ThirdPerson/C/HY/Q7CPP7VHOXBAMAJI90W626" 3828
"C:/Users/finle/Documents/GitHub/CI536_Integrated_Group_Project/CI536_Group_Project/Content/__ExternalActors__/ThirdPerson/Lvl_ThirdPerson/C/HY/Q7CPP7VHOXBAMAJI90W626.uasset" 3829
"/Game/__ExternalActors__/ThirdPerson/Lvl_ThirdPerson/C/SV/H2DTSSYI7ZCIIQJ2LD0IN3" 3830
"C:/Users/finle/Documents/GitHub/CI536_Integrated_Group_Project/CI536_Group_Project/Content/__ExternalActors__/ThirdPerson/Lvl_ThirdPerson/C/SV/H2DTSSYI7ZCIIQJ2LD0IN3.uasset" 3831
"/Game/__ExternalActors__/ThirdPerson/Lvl_ThirdPerson/C/Z0/X2PBK1Q69LLDYKDPPT3UD1" 3832
"C:/Users/finle/Documents/GitHub/CI536_Integrated_Group_Project/CI536_Group_Project/Content/__ExternalActors__/ThirdPerson/Lvl_ThirdPerson/C/Z0/X2PBK1Q69LLDYKDPPT3UD1.uasset" 3833
"/Game/__ExternalActors__/ThirdPerson/Lvl_ThirdPerson/D/AY/KLCRMXKI9WR2P0GDY96C36" 3834
"C:/Users/finle/Documents/GitHub/CI536_Integrated_Group_Project/CI536_Group_Project/Content/__ExternalActors__/ThirdPerson/Lvl_ThirdPerson/D/AY/KLCRMXKI9WR2P0GDY96C36.uasset" 3835
"/Game/__ExternalActors__/ThirdPerson/Lvl_ThirdPerson/D/E5/3KSUBJUTUUBDMIEHRCSPKO" 3836
"C:/Users/finle/Documents/GitHub/CI536_Integrated_Group_Project/CI536_Group_Project/Content/__ExternalActors__/ThirdPerson/Lvl_ThirdPerson/D/E5/3KSUBJUTUUBDMIEHRCSPKO.uasset" 3837
"/Game/__ExternalActors__/ThirdPerson/Lvl_ThirdPerson/D/QH/3NRG6WXNN0P80PUU7DS22D" 3838
"C:/Users/finle/Documents/GitHub/CI536_Integrated_Group_Project/CI536_Group_Project/Content/__ExternalActors__/ThirdPerson/Lvl_ThirdPerson/D/QH/3NRG6WXNN0P80PUU7DS22D.uasset" 3839
"/Game/__ExternalActors__/ThirdPerson/Lvl_ThirdPerson/E/8E/UV32CMIEJNCYS03ZD8PME0" 3840
"/Game/__ExternalActors__/ThirdPerson/Lvl_ThirdPerson/E/96/RFQP83S9K0LC7IW8CXS6C0" 3841
"C:/Users/finle/Documents/GitHub/CI536_Integrated_Group_Project/CI536_Group_Project/Content/__ExternalActors__/ThirdPerson/Lvl_ThirdPerson/E/96/RFQP83S9K0LC7IW8CXS6C0.uasset" 3842
"/Game/__ExternalActors__/ThirdPerson/Lvl_ThirdPerson/F/2X/V9D26Y9VB8NZJVFM5CJOTO" 3843
"C:/Users/finle/Documents/GitHub/CI536_Integrated_Group_Project/CI536_Group_Project/Content/__ExternalActors__/ThirdPerson/Lvl_ThirdPerson/F/2X/V9D26Y9VB8NZJVFM5CJOTO.uasset" 3844
"/Game/__ExternalActors__/ThirdPerson/Lvl_ThirdPerson/F/4G/TYFCMQ9MC435YW6FZBF5FS" 3845
"C:/Users/finle/Documents/GitHub/CI536_Integrated_Group_Project/CI536_Group_Project/Content/__ExternalActors__/ThirdPerson/Lvl_ThirdPerson/F/4G/TYFCMQ9MC435YW6FZBF5FS.uasset" 3846
"/Game/__ExternalActors__/ThirdPerson/Lvl_ThirdPerson/F/5H/XUBS0C6ZQ04E0DLFOOLDF0" 3847
"C:/Users/finle/Documents/GitHub/CI536_Integrated_Group_Project/CI536_Group_Project/Content/__ExternalActors__/ThirdPerson/Lvl_ThirdPerson/F/5H/XUBS0C6ZQ04E0DLFOOLDF0.uasset" 3848
"/Engine/EditorResources/EmptyActor" 3849
"../../../Engine/Content/EditorResources/EmptyActor.uasset" 3850
"/Engine/EditorResources/LightIcons/S_LightError" 3851
"../../../Engine/Content/EditorResources/LightIcons/S_LightError.uasset" 3852
"C:/Users/finle/AppData/Local/Temp/UnrealShaderWorkingDir/AA5DF50944271AA9403929891B62B52A/7/WorkerOutputOnly.out" 3853
"C:/Users/finle/AppData/Local/Temp/UnrealShaderWorkingDir/AA5DF50944271AA9403929891B62B52A/8/WorkerOutputOnly.out" 3854
"C:/Users/finle/AppData/Local/Temp/UnrealShaderWorkingDir/AA5DF50944271AA9403929891B62B52A/10/WorkerOutputOnly.out" 3855
"C:/Users/finle/AppData/Local/Temp/UnrealShaderWorkingDir/AA5DF50944271AA9403929891B62B52A/3/WorkerOutputOnly.out" 3856
"C:/Users/finle/AppData/Local/Temp/UnrealShaderWorkingDir/AA5DF50944271AA9403929891B62B52A/0/WorkerOutputOnly.out" 3857
"C:/Users/finle/AppData/Local/Temp/UnrealShaderWorkingDir/AA5DF50944271AA9403929891B62B52A/6/WorkerOutputOnly.out" 3858
"C:/Users/finle/AppData/Local/Temp/UnrealShaderWorkingDir/AA5DF50944271AA9403929891B62B52A/9/WorkerOutputOnly.out" 3859
"/InterchangeAssets/gltf/MaterialInstances/MI_Transmission_DS" 3860
"/InterchangeAssets/gltf/MaterialInstances/MI_Transmission" 3861
"../../../Engine/Plugins/Interchange/Assets/Shaders/ThinFilmFunctions.usf" 3862
"/InterchangeAssets/gltf/MaterialInstances/MI_Sheen_Blend_DS" 3863
"/InterchangeAssets/gltf/MaterialInstances/MI_Sheen_Mask_DS" 3864
"/InterchangeAssets/gltf/MaterialInstances/MI_Sheen_Opaque_DS" 3865
"/InterchangeAssets/gltf/MaterialInstances/MI_Sheen_Blend" 3866
"/InterchangeAssets/gltf/MaterialInstances/MI_Sheen_Mask" 3867
"/InterchangeAssets/gltf/MaterialInstances/MI_Sheen_Opaque" 3868
"/InterchangeAssets/gltf/MaterialInstances/MI_Default_Blend_DS" 3869
"/InterchangeAssets/gltf/MaterialInstances/MI_Default_Mask_DS" 3870
"/InterchangeAssets/gltf/MaterialInstances/MI_Default_Opaque_DS" 3871
"/InterchangeAssets/gltf/MaterialInstances/MI_Default_Blend" 3872
"/InterchangeAssets/gltf/MaterialInstances/MI_Default_Mask" 3873
"/InterchangeAssets/gltf/MaterialInstances/MI_Default_Opaque" 3874
"/InterchangeAssets/gltf/MaterialInstances/MI_ClearCoat_Blend_DS" 3875
"/InterchangeAssets/gltf/MaterialInstances/MI_ClearCoat_Mask_DS" 3876
"/InterchangeAssets/gltf/MaterialInstances/MI_ClearCoat_Opaque_DS" 3877
"/InterchangeAssets/gltf/MaterialInstances/MI_ClearCoat_Blend" 3878
"/InterchangeAssets/gltf/MaterialInstances/MI_ClearCoat_Mask" 3879
"/InterchangeAssets/gltf/MaterialInstances/MI_ClearCoat_Opaque" 3880
"../../../Engine/Plugins/Interchange/Assets/Content/gltf/MaterialFunctions/MF_SpecGlossToMetalRoughness.uasset" 3881
"../../../Engine/Plugins/Interchange/Assets/Content/gltf/MaterialFunctions/MF_MaxComponentValue.uasset" 3882
"../../../Engine/Content/Functions/Engine_MaterialFunctions02/Math/AddComponents.uasset" 3883
"../../../Engine/Plugins/Interchange/Assets/Content/gltf/M_SpecularGlossiness.uasset" 3884
"../../../Engine/Plugins/Interchange/Assets/Content/gltf/MaterialInstances/MI_SpecularGlossiness_Opaque.uasset" 3885
"../../../Engine/Plugins/Interchange/Assets/Content/gltf/MaterialInstances/MI_SpecularGlossiness_Blend.uasset" 3886
"../../../Engine/Plugins/Interchange/Assets/Content/gltf/MaterialInstances/MI_SpecularGlossiness_Blend_DS.uasset" 3887
"../../../Engine/Plugins/Interchange/Assets/Content/Functions/MX_Transmission.uasset" 3888
"../../../Engine/Content/Functions/Engine_MaterialFunctions01/Volumetrics/BeersLaw.uasset" 3889
"../../../Engine/Content/Functions/Substrate/MF_SchlickInternal.uasset" 3890
"../../../Engine/Plugins/Interchange/Assets/Content/Functions/MF_OrenNayerView.uasset" 3891
"../../../Engine/Plugins/Interchange/Assets/Content/Functions/MX_StandardSurface.uasset" 3892
"../../../Engine/Plugins/Interchange/Assets/Content/Functions/MX_TransmissionSurface.uasset" 3893
"../../../Engine/Plugins/Interchange/Assets/Content/Functions/MX_OpenPBR_Translucent.uasset" 3894
"../../../Engine/Plugins/Interchange/Assets/Content/gltf/MaterialBodies/MF_Unlit_Body.uasset" 3895
"../../../Engine/Plugins/Interchange/Assets/Content/gltf/M_Unlit.uasset" 3896
"../../../Engine/Plugins/Interchange/Assets/Content/gltf/MaterialInstances/MI_Unlit_Opaque.uasset" 3897
"../../../Engine/Plugins/Interchange/Assets/Content/gltf/MaterialInstances/MI_Unlit_Mask.uasset" 3898
"../../../Engine/Plugins/Interchange/Assets/Content/gltf/MaterialInstances/MI_Unlit_Blend.uasset" 3899
"../../../Engine/Plugins/Interchange/Assets/Content/gltf/MaterialInstances/MI_Unlit_Opaque_DS.uasset" 3900
"../../../Engine/Plugins/Interchange/Assets/Content/gltf/MaterialInstances/MI_Unlit_Mask_DS.uasset" 3901
"../../../Engine/Plugins/Interchange/Assets/Content/gltf/MaterialInstances/MI_Unlit_Blend_DS.uasset" 3902
"../../../Engine/Plugins/Interchange/Assets/Content/Functions/MX_OpenPBR_Opaque.uasset" 3903
"../../../Engine/Plugins/Animation/ControlRig/Content/Controls/ControlRig_Sphere_solid.uasset" 3904
"../../../Engine/Plugins/Animation/ControlRig/Content/Controls/ControlRig_Arrow2_1mm.uasset" 3905
"../../../Engine/Plugins/Animation/ControlRig/Content/Controls/ControlRig_Arrow2_3mm.uasset" 3906
"/ControlRig/Controls/ControlRig_Arrow2_3mm" 3907
"/ControlRig/Controls/ControlRig_Arrow2_1mm" 3908
"/ControlRig/Controls/ControlRig_Sphere_solid" 3909
"/InterchangeAssets/Functions/MX_OpenPBR_Opaque" 3910
"/InterchangeAssets/gltf/MaterialInstances/MI_Unlit_Blend_DS" 3911
"/InterchangeAssets/gltf/MaterialInstances/MI_Unlit_Mask_DS" 3912
"../../../Engine/Plugins/Interchange/Assets/Content/gltf/MaterialInstances/MI_SpecularGlossiness_Opaque_DS.uasset" 3913
"/InterchangeAssets/gltf/MaterialInstances/MI_Unlit_Opaque_DS" 3914
"/InterchangeAssets/gltf/MaterialInstances/MI_Unlit_Blend" 3915
"/InterchangeAssets/gltf/MaterialInstances/MI_Unlit_Mask" 3916
"/InterchangeAssets/gltf/MaterialInstances/MI_Unlit_Opaque" 3917
"/InterchangeAssets/Functions/MX_OpenPBR_Translucent" 3918
"/Engine/Functions/Engine_MaterialFunctions02/Math/AddComponents" 3919
"/InterchangeAssets/gltf/MaterialFunctions/MF_MaxComponentValue" 3920
"../../../Engine/Plugins/Animation/DeformerGraph/Shaders/Private/DataInterfaceCustomComputeKernel.ush" 3921
"../../../Engine/Plugins/Animation/DeformerGraph/Shaders/Private/DataInterfaceCloth.ush" 3922
"../../../Engine/Plugins/Interchange/Assets/Content/gltf/MaterialInstances/MI_SpecularGlossiness_Mask_DS.uasset" 3923
"../../../Engine/Plugins/Animation/DeformerGraph/Shaders/Private/DataInterfaceSkinnedMeshRead.ush" 3924
"../../../Engine/Plugins/Animation/DeformerGraph/Shaders/Private/DataInterfaceSkeleton.ush" 3925
"../../../Engine/Plugins/Animation/DeformerGraph/Shaders/Private/DataInterfaceSkeletonCommon.ush" 3926
"../../../Engine/Plugins/Animation/DeformerGraph/Shaders/Private/DataInterfaceMorphTarget.ush" 3927
"../../../Engine/Plugins/Animation/DeformerGraph/Shaders/Private/DataInterfaceSkinnedMeshWrite.ush" 3928
"../../../Engine/Plugins/Animation/ControlRig/Content/Controls/ControlRig_Arrow4_3mm.uasset" 3929
"../../../Engine/Plugins/Animation/ControlRig/Content/Controls/ControlRig_Arrow4_solid.uasset" 3930
"../../../Engine/Plugins/Animation/ControlRig/Content/Controls/ControlRig_Arrow_solid.uasset" 3931
"../../../Engine/Plugins/Animation/ControlRig/Content/Controls/ControlRig_Arrow_1mm.uasset" 3932
"../../../Engine/Plugins/Animation/ControlRig/Content/Controls/ControlRig_Arrow_3mm.uasset" 3933
"../../../Engine/Plugins/Animation/ControlRig/Content/Controls/ControlRig_Box_3mm.uasset" 3934
"../../../Engine/Plugins/Animation/ControlRig/Content/Controls/ControlRig_Box_1mm.uasset" 3935
"../../../Engine/Plugins/Animation/ControlRig/Content/Controls/ControlRig_Box_solid.uasset" 3936
"../../../Engine/Plugins/Interchange/Assets/Content/gltf/MaterialFunctions/MF_PerceivedBrightness.uasset" 3937
"../../../Engine/Plugins/Animation/ControlRig/Content/Controls/ControlRig_Circle_1mm.uasset" 3938
"../../../Engine/Plugins/Animation/ControlRig/Content/Controls/ControlRig_Circle_3mm.uasset" 3939
"../../../Engine/Plugins/Animation/ControlRig/Content/Controls/ControlRig_Diamond_1mm.uasset" 3940
"../../../Engine/Plugins/Animation/ControlRig/Content/Controls/ControlRig_Circle_solid.uasset" 3941
"../../../Engine/Plugins/Animation/ControlRig/Content/Controls/ControlRig_Diamond_3mm.uasset" 3942
"../../../Engine/Plugins/Animation/ControlRig/Content/Controls/ControlRig_HalfCircle_3mm.uasset" 3943
"../../../Engine/Plugins/Animation/ControlRig/Content/Controls/ControlRig_Diamond_solid.uasset" 3944
"../../../Engine/Plugins/Animation/ControlRig/Content/Controls/ControlRig_Hexagon_1mm.uasset" 3945
"../../../Engine/Plugins/Animation/ControlRig/Content/Controls/ControlRig_HalfCircle_solid.uasset" 3946
"../../../Engine/Plugins/Animation/ControlRig/Content/Controls/ControlRig_Hexagon_3mm.uasset" 3947
"../../../Engine/Plugins/Interchange/Assets/Content/gltf/MaterialInstances/MI_SpecularGlossiness_Mask.uasset" 3948
"../../../Engine/Plugins/Interchange/Assets/Content/gltf/MaterialFunctions/MF_DiffuseSpecGloss.uasset" 3949
"../../../Engine/Plugins/Animation/ControlRig/Content/Controls/ControlRig_Arrow2_solid.uasset" 3950
"../../../Engine/Plugins/Animation/ControlRig/Content/Controls/ControlRig_Arrow4_1mm.uasset" 3951
"../../../Engine/Plugins/Interchange/Assets/Content/gltf/MaterialBodies/MF_SpecularGlossiness_Body.uasset" 3952
"../../../Engine/Plugins/Animation/ControlRig/Content/Controls/ControlRig_HalfCircle_1mm.uasset" 3953
"C:/Users/finle/AppData/Local/Temp/UnrealShaderWorkingDir/AA5DF50944271AA9403929891B62B52A/5/WorkerOutputOnly.out" 3954
"C:/Users/finle/AppData/Local/Temp/UnrealShaderWorkingDir/AA5DF50944271AA9403929891B62B52A/1/WorkerOutputOnly.out" 3955
"C:/Users/finle/AppData/Local/Temp/UnrealShaderWorkingDir/AA5DF50944271AA9403929891B62B52A/2/WorkerOutputOnly.out" 3956
"C:/Users/finle/AppData/Local/Temp/UnrealShaderWorkingDir/AA5DF50944271AA9403929891B62B52A/4/WorkerOutputOnly.out" 3957
"../../Plugins/Animation/ControlRig/Content/Controls/ControlRig_Sphere_solid.uasset" 3958
"../../Plugins/Animation/ControlRig/Content/Controls/ControlRig_Arrow2_3mm.uasset" 3959
"../../Plugins/Animation/ControlRig/Content/Controls/ControlRig_Arrow2_1mm.uasset" 3960
"../../../Engine/Plugins/Animation/DeformerGraph/Shaders/Private/DataInterfaceRawBuffer.ush" 3961
"../../../Engine/Plugins/Runtime/ComputeFramework/Shaders/Private/BufferAlias.ush" 3962
"C:/Users/finle/AppData/Local/Temp/UnrealShaderWorkingDir/AA5DF50944271AA9403929891B62B52A/11/WorkerOutputOnly.out" 3963
"../../../Engine/Plugins/Animation/DeformerGraph/Shaders/Private/DataInterfaceSkinnedMesh.ush" 3964
"../../../Engine/Plugins/Animation/DeformerGraph/Shaders/Private/DataInterfaceHalfEdge.ush" 3965
"/ControlRig/Controls/ControlRig_Hexagon_3mm" 3966
"/ControlRig/Controls/ControlRig_Hexagon_1mm" 3967
"/ControlRig/Controls/ControlRig_HalfCircle_solid" 3968
"/ControlRig/Controls/ControlRig_HalfCircle_3mm" 3969
"/ControlRig/Controls/ControlRig_HalfCircle_1mm" 3970
"/ControlRig/Controls/ControlRig_Diamond_solid" 3971
"/ControlRig/Controls/ControlRig_Diamond_3mm" 3972
"/ControlRig/Controls/ControlRig_Diamond_1mm" 3973
"/ControlRig/Controls/ControlRig_Circle_solid" 3974
"/ControlRig/Controls/ControlRig_Circle_3mm" 3975
"/ControlRig/Controls/ControlRig_Circle_1mm" 3976
"/ControlRig/Controls/ControlRig_Box_solid" 3977
"/ControlRig/Controls/ControlRig_Box_3mm" 3978
"/ControlRig/Controls/ControlRig_Box_1mm" 3979
"/ControlRig/Controls/ControlRig_Arrow_solid" 3980
"/ControlRig/Controls/ControlRig_Arrow_3mm" 3981
"/ControlRig/Controls/ControlRig_Arrow_1mm" 3982
"/ControlRig/Controls/ControlRig_Arrow4_solid" 3983
"/ControlRig/Controls/ControlRig_Arrow4_3mm" 3984
"/InterchangeAssets/gltf/MaterialInstances/MI_SpecularGlossiness_Blend_DS" 3985
"/InterchangeAssets/gltf/MaterialInstances/MI_SpecularGlossiness_Mask_DS" 3986
"/InterchangeAssets/gltf/MaterialInstances/MI_SpecularGlossiness_Opaque_DS" 3987
"/InterchangeAssets/gltf/MaterialInstances/MI_SpecularGlossiness_Blend" 3988
"/InterchangeAssets/gltf/MaterialInstances/MI_SpecularGlossiness_Mask" 3989
"/InterchangeAssets/gltf/MaterialInstances/MI_SpecularGlossiness_Opaque" 3990
"/ControlRig/Controls/ControlRig_Arrow4_1mm" 3991
"/ControlRig/Controls/ControlRig_Arrow2_solid" 3992
"../../../Engine/Plugins/Animation/ControlRig/Content/Controls/ControlRig_Octagon_3mm.uasset" 3993
"../../../Engine/Plugins/Animation/ControlRig/Content/Controls/ControlRig_Octagon_solid.uasset" 3994
"../../../Engine/Plugins/Animation/ControlRig/Content/Controls/ControlRig_Pyramid_1mm.uasset" 3995
"../../../Engine/Plugins/Animation/ControlRig/Content/Controls/ControlRig_QuarterCircle_3mm.uasset" 3996
"../../../Engine/Plugins/Animation/ControlRig/Content/Controls/ControlRig_Pyramid_3mm.uasset" 3997
"../../../Engine/Plugins/Animation/ControlRig/Content/Controls/ControlRig_Hexagon_solid.uasset" 3998
"/ControlRig/Controls/ControlRig_QuarterCircle_3mm" 3999
"../../../Engine/Plugins/Animation/ControlRig/Content/Controls/ControlRig_QuarterCircle_solid.uasset" 4000
"/ControlRig/Controls/ControlRig_Pyramid_3mm" 4001
"../../../Engine/Plugins/Animation/ControlRig/Content/Controls/ControlRig_RoundedSquare_solid.uasset" 4002
"/ControlRig/Controls/ControlRig_Pyramid_1mm" 4003
"../../../Engine/Plugins/Animation/ControlRig/Content/Controls/ControlRig_RoundedSquare_1mm.uasset" 4004
"/ControlRig/Controls/ControlRig_Octagon_solid" 4005
"/ControlRig/Controls/ControlRig_Octagon_3mm" 4006
"../../../Engine/Plugins/Animation/ControlRig/Content/Controls/ControlRig_Sphere_1mm.uasset" 4007
"../../../Engine/Plugins/Animation/ControlRig/Content/Controls/ControlRig_RoundedTriangle_1mm.uasset" 4008
"../../../Engine/Plugins/Animation/ControlRig/Content/Controls/ControlRig_RoundedSquare_3mm.uasset" 4009
"/ControlRig/Controls/ControlRig_Hexagon_solid" 4010
"/ControlRig/Controls/ControlRig_Sphere_1mm" 4011
"/ControlRig/Controls/ControlRig_RoundedTriangle_1mm" 4012
"../../../Engine/Plugins/Animation/ControlRig/Content/Controls/ControlRig_RoundedTriangle_3mm.uasset" 4013
"../../../Engine/Plugins/Animation/ControlRig/Content/Controls/ControlRig_Square_1mm.uasset" 4014
"/ControlRig/Controls/ControlRig_RoundedSquare_solid" 4015
"../../../Engine/Plugins/Animation/ControlRig/Content/Controls/ControlRig_Octagon_1mm.uasset" 4016
"/ControlRig/Controls/ControlRig_RoundedSquare_3mm" 4017
"/ControlRig/Controls/ControlRig_RoundedSquare_1mm" 4018
"/ControlRig/Controls/ControlRig_QuarterCircle_solid" 4019
"../../../Engine/Plugins/Animation/ControlRig/Content/Controls/ControlRig_Star4_1mm.uasset" 4020
"/ControlRig/Controls/ControlRig_Star4_1mm" 4021
"/ControlRig/Controls/ControlRig_Square_1mm" 4022
"../../../Engine/Plugins/Animation/ControlRig/Content/Controls/ControlRig_Star4_3mm.uasset" 4023
"/ControlRig/Controls/ControlRig_RoundedTriangle_3mm" 4024
"../../../Engine/Plugins/Animation/ControlRig/Content/Controls/ControlRig_Square_3mm.uasset" 4025
"../../../Engine/Plugins/Animation/ControlRig/Content/Controls/ControlRig_Square_solid.uasset" 4026
"../../../Engine/Content/Maps/Entry.umap" 4027
"../../../Engine/Plugins/Animation/ControlRig/Content/Controls/ControlRig_Star4_solid.uasset" 4028
"/ControlRig/Controls/ControlRig_Octagon_1mm" 4029
"../../../Engine/Plugins/Animation/ControlRig/Content/Controls/ControlRig_Pyramid_solid.uasset" 4030
"../../../Engine/Plugins/Animation/ControlRig/Content/Controls/ControlRig_Triangle_1mm.uasset" 4031
"../../../Engine/Plugins/Animation/ControlRig/Content/Controls/ControlRig_Sphere_3mm.uasset" 4032
"../../../Engine/Plugins/Animation/ControlRig/Content/Controls/ControlRig_Triangle_solid.uasset" 4033
"../../../Engine/Content/Maps/Entry_BuiltData.uasset" 4034
"../../../Engine/Plugins/Animation/ControlRig/Content/Controls/ControlRig_Wedge_solid.uasset" 4035
"/Engine/Maps/Entry" 4036
"/ControlRig/Controls/ControlRig_Wedge_solid" 4037
"/ControlRig/Controls/ControlRig_Triangle_solid" 4038
"/ControlRig/Controls/ControlRig_Triangle_1mm" 4039
"../../../Engine/Plugins/Animation/ControlRig/Content/Controls/ControlRig_QuarterCircle_1mm.uasset" 4040
"../../../Engine/Plugins/Animation/ControlRig/Content/Controls/ControlRig_RoundedTriangle_solid.uasset" 4041
"/ControlRig/Controls/ControlRig_Star4_solid" 4042
"/ControlRig/Controls/ControlRig_Star4_3mm" 4043
"/ControlRig/Controls/ControlRig_Square_solid" 4044
"/ControlRig/Controls/ControlRig_Square_3mm" 4045
"/ControlRig/Controls/ControlRig_Sphere_3mm" 4046
"../../../Engine/Plugins/Animation/ControlRig/Content/Controls/ControlRig_Wedge_1mm.uasset" 4047
"/ControlRig/Controls/ControlRig_Pyramid_solid" 4048
"/ControlRig/Controls/ControlRig_Wedge_1mm" 4049
"/ControlRig/Controls/ControlRig_RoundedTriangle_solid" 4050
"/ControlRig/Controls/ControlRig_QuarterCircle_1mm" 4051
"../../../Engine/Plugins/Animation/ControlRig/Content/Controls/ControlRig_Triangle_3mm.uasset" 4052
"../../Plugins/Animation/ControlRig/Content/Controls/ControlRig_Hexagon_3mm.uasset" 4053
"../../Plugins/Animation/ControlRig/Content/Controls/ControlRig_Hexagon_1mm.uasset" 4054
"../../Plugins/Animation/ControlRig/Content/Controls/ControlRig_HalfCircle_solid.uasset" 4055
"../../Plugins/Animation/ControlRig/Content/Controls/ControlRig_HalfCircle_3mm.uasset" 4056
"../../Plugins/Animation/ControlRig/Content/Controls/ControlRig_HalfCircle_1mm.uasset" 4057
"../../Plugins/Animation/ControlRig/Content/Controls/ControlRig_Circle_solid.uasset" 4058
"../../Plugins/Animation/ControlRig/Content/Controls/ControlRig_Diamond_1mm.uasset" 4059
"../../Plugins/Animation/ControlRig/Content/Controls/ControlRig_Diamond_3mm.uasset" 4060
"../../../Engine/Plugins/Animation/ControlRig/Content/Controls/ControlRig_Wedge_3mm.uasset" 4061
"../../Plugins/Animation/ControlRig/Content/Controls/ControlRig_Diamond_solid.uasset" 4062
"../../../Engine/Content/EngineMaterials/Substrate/GLints/dict_16_192_64_0p5_0p02_0000_0000.uasset" 4063
"../../../Engine/Content/EngineMaterials/Substrate/GLints/dict_16_192_64_0p5_0p02_0000_0003.uasset" 4064
"../../../Engine/Content/EngineMaterials/Substrate/GLints/dict_16_192_64_0p5_0p02_0000_0004.uasset" 4065
"../../../Engine/Content/EngineMaterials/Substrate/GLints/dict_16_192_64_0p5_0p02_0000_0005.uasset" 4066
"../../../Engine/Content/EngineMaterials/Substrate/GLints/dict_16_192_64_0p5_0p02_0000_0007.uasset" 4067
"../../../Engine/Content/EngineMaterials/Substrate/GLints/dict_16_192_64_0p5_0p02_0000_0006.uasset" 4068
"../../../Engine/Content/EngineMaterials/Substrate/GLints/dict_16_192_64_0p5_0p02_0000_0001.uasset" 4069
"../../../Engine/Content/EditorMaterials/PreviewShadowIndicator.uasset" 4070
"../../../Engine/Content/EngineMaterials/Substrate/GLints/dict_16_192_64_0p5_0p02_0000_0008.uasset" 4071
"../../../Engine/Content/EngineMaterials/Substrate/GLints/dict_16_192_64_0p5_0p02_0000_0010.uasset" 4072
"../../../Engine/Content/EngineMaterials/Substrate/GLints/dict_16_192_64_0p5_0p02_0000_0011.uasset" 4073
"../../../Engine/Content/EngineMaterials/Substrate/GLints/dict_16_192_64_0p5_0p02_0000_0013.uasset" 4074
"../../../Engine/Content/EngineMaterials/Substrate/GLints/dict_16_192_64_0p5_0p02_0001_0000.uasset" 4075
"../../../Engine/Content/EngineMaterials/Substrate/GLints/dict_16_192_64_0p5_0p02_0000_0015.uasset" 4076
"../../../Engine/Content/EngineMaterials/Substrate/GLints/dict_16_192_64_0p5_0p02_0001_0004.uasset" 4077
"../../../Engine/Content/EngineMaterials/Substrate/GLints/dict_16_192_64_0p5_0p02_0000_0002.uasset" 4078
"../../../Engine/Content/EngineMaterials/Substrate/GLints/dict_16_192_64_0p5_0p02_0000_0014.uasset" 4079
"../../../Engine/Content/EngineMaterials/Substrate/GLints/dict_16_192_64_0p5_0p02_0001_0002.uasset" 4080
"../../../Engine/Content/EngineMaterials/Substrate/GLints/dict_16_192_64_0p5_0p02_0001_0005.uasset" 4081
"../../../Engine/Content/EngineMaterials/Substrate/GLints/dict_16_192_64_0p5_0p02_0001_0003.uasset" 4082
"../../../Engine/Content/EngineMaterials/Substrate/GLints/dict_16_192_64_0p5_0p02_0001_0006.uasset" 4083
"../../../Engine/Content/EditorMaterials/PreviewShadowIndicatorMaterial.uasset" 4084
"../../../Engine/Content/EngineMaterials/Substrate/GLints/dict_16_192_64_0p5_0p02_0000_0012.uasset" 4085
"../../../Engine/Content/EngineMaterials/Substrate/GLints/dict_16_192_64_0p5_0p02_0001_0007.uasset" 4086
"../../../Engine/Content/EngineMaterials/Substrate/GLints/dict_16_192_64_0p5_0p02_0000_0009.uasset" 4087
"../../../Engine/Content/EngineMaterials/Substrate/GLints/dict_16_192_64_0p5_0p02_0001_0009.uasset" 4088
"../../../Engine/Content/EngineMaterials/Substrate/GLints/dict_16_192_64_0p5_0p02_0001_0011.uasset" 4089
"../../../Engine/Content/EngineMaterials/Substrate/GLints/dict_16_192_64_0p5_0p02_0001_0008.uasset" 4090
"../../../Engine/Content/EngineMaterials/Substrate/GLints/dict_16_192_64_0p5_0p02_0001_0001.uasset" 4091
"../../Plugins/Animation/ControlRig/Content/Controls/ControlRig_Circle_3mm.uasset" 4092
"../../Plugins/Animation/ControlRig/Content/Controls/ControlRig_Box_solid.uasset" 4093
"../../Plugins/Animation/ControlRig/Content/Controls/ControlRig_Box_1mm.uasset" 4094
"../../Plugins/Animation/ControlRig/Content/Controls/ControlRig_Box_3mm.uasset" 4095
"../../Plugins/Animation/ControlRig/Content/Controls/ControlRig_Circle_1mm.uasset" 4096
"../../Plugins/Animation/ControlRig/Content/Controls/ControlRig_Arrow_3mm.uasset" 4097
"../../Plugins/Animation/ControlRig/Content/Controls/ControlRig_Arrow_solid.uasset" 4098
"../../../Engine/Content/EngineMaterials/Substrate/GLints/dict_16_192_64_0p5_0p02_0001_0010.uasset" 4099
"../../Plugins/Animation/ControlRig/Content/Controls/ControlRig_Arrow_1mm.uasset" 4100
"../../Plugins/Animation/ControlRig/Content/Controls/ControlRig_Arrow4_3mm.uasset" 4101
"../../Plugins/Animation/ControlRig/Content/Controls/ControlRig_Arrow4_1mm.uasset" 4102
"../../Plugins/Animation/ControlRig/Content/Controls/ControlRig_Arrow4_solid.uasset" 4103
"../../Plugins/Animation/ControlRig/Content/Controls/ControlRig_Arrow2_solid.uasset" 4104
"../../Plugins/Animation/ControlRig/Content/Controls/ControlRig_Pyramid_3mm.uasset" 4105
"../../Plugins/Animation/ControlRig/Content/Controls/ControlRig_Pyramid_1mm.uasset" 4106
"../../Plugins/Animation/ControlRig/Content/Controls/ControlRig_Octagon_solid.uasset" 4107
"../../Plugins/Animation/ControlRig/Content/Controls/ControlRig_Octagon_3mm.uasset" 4108
"../../Plugins/Animation/ControlRig/Content/Controls/ControlRig_QuarterCircle_3mm.uasset" 4109
"../../Plugins/Animation/ControlRig/Content/Controls/ControlRig_Hexagon_solid.uasset" 4110
"../../Plugins/Animation/ControlRig/Content/Controls/ControlRig_Sphere_1mm.uasset" 4111
"../../Plugins/Animation/ControlRig/Content/Controls/ControlRig_RoundedTriangle_1mm.uasset" 4112
"../../Plugins/Animation/ControlRig/Content/Controls/ControlRig_RoundedSquare_solid.uasset" 4113
"../../Plugins/Animation/ControlRig/Content/Controls/ControlRig_RoundedSquare_3mm.uasset" 4114
"../../Plugins/Animation/ControlRig/Content/Controls/ControlRig_RoundedSquare_1mm.uasset" 4115
"../../Plugins/Animation/ControlRig/Content/Controls/ControlRig_QuarterCircle_solid.uasset" 4116
"../../Plugins/Animation/ControlRig/Content/Controls/ControlRig_Star4_1mm.uasset" 4117
"../../Plugins/Animation/ControlRig/Content/Controls/ControlRig_Square_1mm.uasset" 4118
"../../Plugins/Animation/ControlRig/Content/Controls/ControlRig_RoundedTriangle_3mm.uasset" 4119
"../../Plugins/Animation/ControlRig/Content/Controls/ControlRig_Octagon_1mm.uasset" 4120
"../../Plugins/Animation/ControlRig/Content/Controls/ControlRig_Wedge_solid.uasset" 4121
"../../Plugins/Animation/ControlRig/Content/Controls/ControlRig_Triangle_solid.uasset" 4122
"../../Plugins/Animation/ControlRig/Content/Controls/ControlRig_Triangle_1mm.uasset" 4123
"../../Plugins/Animation/ControlRig/Content/Controls/ControlRig_Star4_solid.uasset" 4124
"../../Plugins/Animation/ControlRig/Content/Controls/ControlRig_Star4_3mm.uasset" 4125
"../../Plugins/Animation/ControlRig/Content/Controls/ControlRig_Square_solid.uasset" 4126
"../../Plugins/Animation/ControlRig/Content/Controls/ControlRig_Square_3mm.uasset" 4127
"../../Plugins/Animation/ControlRig/Content/Controls/ControlRig_Sphere_3mm.uasset" 4128
"../../Plugins/Animation/ControlRig/Content/Controls/ControlRig_Pyramid_solid.uasset" 4129
"../../Plugins/Animation/ControlRig/Content/Controls/ControlRig_Wedge_1mm.uasset" 4130
"../../Plugins/Animation/ControlRig/Content/Controls/ControlRig_RoundedTriangle_solid.uasset" 4131
"../../Plugins/Animation/ControlRig/Content/Controls/ControlRig_QuarterCircle_1mm.uasset" 4132
"C:/Users/finle/Documents/GitHub/CI536_Integrated_Group_Project/CI536_Group_Project/DerivedDataCache/VT/TEXTURE_7C16439390E24F1F9468894FB4D4BC55_VTCHUNK44B429B40BB45A070EB17C1259C28734996A2F49" 4133
"C:/Users/finle/Documents/GitHub/CI536_Integrated_Group_Project/CI536_Group_Project/DerivedDataCache/VT/TEXTURE_7C16439390E24F1F9468894FB4D4BC55_VTCHUNK967C747FFC357A828288FA05D93CD5DCECDA891B" 4134
"C:/Users/finle/Documents/GitHub/CI536_Integrated_Group_Project/CI536_Group_Project/DerivedDataCache/VT/TEXTURE_7C16439390E24F1F9468894FB4D4BC55_VTCHUNK2A5F9F60441DA258D18B46D59C64D5BAD50E8EE3" 4135
"C:/Users/finle/Documents/GitHub/CI536_Integrated_Group_Project/CI536_Group_Project/DerivedDataCache/VT/TEXTURE_7C16439390E24F1F9468894FB4D4BC55_VTCHUNKC0393DE8C5B4673D99D1BECB92AA8C1F72FEB491" 4136
"C:/Users/finle/Documents/GitHub/CI536_Integrated_Group_Project/CI536_Group_Project/DerivedDataCache/VT/TEXTURE_7C16439390E24F1F9468894FB4D4BC55_VTCHUNK02D4C3BCAD7DFA48AB32B8281FB06B8B83DB6275" 4137
"C:/Users/finle/AppData/Local/Temp/UnrealShaderWorkingDir/AA5DF50944271AA9403929891B62B52A/12/WorkerOutputOnly.out" 4138
"/Engine/EngineMaterials/Substrate/GLints/dict_16_192_64_0p5_0p02_0001_0008" 4139
"/Engine/EngineMaterials/Substrate/GLints/dict_16_192_64_0p5_0p02_0001_0007" 4140
"/Engine/EngineMaterials/Substrate/GLints/dict_16_192_64_0p5_0p02_0001_0006" 4141
"/ControlRig/Controls/ControlRig_Wedge_3mm" 4142
"/Engine/EngineMaterials/Substrate/GLints/dict_16_192_64_0p5_0p02_0001_0010" 4143
"/Engine/EngineMaterials/Substrate/GLints/dict_16_192_64_0p5_0p02_0001_0005" 4144
"/ControlRig/Controls/ControlRig_Triangle_3mm" 4145
"/Engine/EngineMaterials/Substrate/GLints/dict_16_192_64_0p5_0p02_0001_0004" 4146
"/Engine/EngineMaterials/Substrate/GLints/dict_16_192_64_0p5_0p02_0001_0003" 4147
"/Engine/EngineMaterials/Substrate/GLints/dict_16_192_64_0p5_0p02_0001_0002" 4148
"/Engine/EngineMaterials/Substrate/GLints/dict_16_192_64_0p5_0p02_0000_0013" 4149
"/Engine/EngineMaterials/Substrate/GLints/dict_16_192_64_0p5_0p02_0001_0001" 4150
"/Engine/EngineMaterials/Substrate/GLints/dict_16_192_64_0p5_0p02_0001_0000" 4151
"/Engine/EngineMaterials/Substrate/GLints/dict_16_192_64_0p5_0p02_0000_0012" 4152
"/Engine/EngineMaterials/Substrate/GLints/dict_16_192_64_0p5_0p02_0000_0015" 4153
"/Engine/EngineMaterials/Substrate/GLints/dict_16_192_64_0p5_0p02_0000_0009" 4154
"/Engine/EngineMaterials/Substrate/GLints/dict_16_192_64_0p5_0p02_0001_0009" 4155
"/Engine/EngineMaterials/Substrate/GLints/dict_16_192_64_0p5_0p02_0000_0011" 4156
"/Engine/EngineMaterials/Substrate/GLints/dict_16_192_64_0p5_0p02_0000_0008" 4157
"/Engine/EngineMaterials/Substrate/GLints/dict_16_192_64_0p5_0p02_0000_0007" 4158
"/Engine/EngineMaterials/Substrate/GLints/dict_16_192_64_0p5_0p02_0000_0006" 4159
"/Engine/EngineMaterials/Substrate/GLints/dict_16_192_64_0p5_0p02_0000_0005" 4160
"/Engine/EngineMaterials/Substrate/GLints/dict_16_192_64_0p5_0p02_0000_0004" 4161
"/Engine/EngineMaterials/Substrate/GLints/dict_16_192_64_0p5_0p02_0000_0003" 4162
"/Engine/EngineMaterials/Substrate/GLints/dict_16_192_64_0p5_0p02_0001_0011" 4163
"/Engine/EngineMaterials/Substrate/GLints/dict_16_192_64_0p5_0p02_0000_0014" 4164
"/Engine/EngineMaterials/Substrate/GLints/dict_16_192_64_0p5_0p02_0000_0002" 4165
"/Engine/EngineMaterials/Substrate/GLints/dict_16_192_64_0p5_0p02_0000_0001" 4166
"/Engine/EngineMaterials/Substrate/GLints/dict_16_192_64_0p5_0p02_0000_0000" 4167
"/Engine/EditorMaterials/PreviewShadowIndicatorMaterial" 4168
"/Engine/EngineMaterials/Substrate/GLints/dict_16_192_64_0p5_0p02_0000_0010" 4169
"../../../Engine/Content/EngineMaterials/Substrate/GLints/dict_16_192_64_0p5_0p02_0001_0015.uasset" 4170
"../../../Engine/Content/EngineMaterials/Substrate/GLints/dict_16_192_64_0p5_0p02_0002_0001.uasset" 4171
"../../../Engine/Content/EngineMaterials/Substrate/GLints/dict_16_192_64_0p5_0p02_0002_0004.uasset" 4172
"../../../Engine/Content/EngineMaterials/Substrate/GLints/dict_16_192_64_0p5_0p02_0002_0005.uasset" 4173
"/Engine/EngineMaterials/Substrate/GLints/dict_16_192_64_0p5_0p02_0002_0005" 4174
"../../../Engine/Content/EngineMaterials/Substrate/GLints/dict_16_192_64_0p5_0p02_0002_0006.uasset" 4175
"/Engine/EngineMaterials/Substrate/GLints/dict_16_192_64_0p5_0p02_0002_0004" 4176
"/Engine/EngineMaterials/Substrate/GLints/dict_16_192_64_0p5_0p02_0002_0001" 4177
"/Engine/EngineMaterials/Substrate/GLints/dict_16_192_64_0p5_0p02_0001_0015" 4178
"/Engine/EngineMaterials/Substrate/GLints/dict_16_192_64_0p5_0p02_0002_0006" 4179
"../../../Engine/Content/EngineMaterials/Substrate/GLints/dict_16_192_64_0p5_0p02_0002_0008.uasset" 4180
"../../../Engine/Content/EngineMaterials/Substrate/GLints/dict_16_192_64_0p5_0p02_0002_0009.uasset" 4181
"../../../Engine/Content/EngineMaterials/Substrate/GLints/dict_16_192_64_0p5_0p02_0002_0010.uasset" 4182
"../../../Engine/Content/EngineMaterials/Substrate/GLints/dict_16_192_64_0p5_0p02_0002_0011.uasset" 4183
"../../../Engine/Content/EngineMaterials/Substrate/GLints/dict_16_192_64_0p5_0p02_0002_0012.uasset" 4184
"../../../Engine/Content/EngineMaterials/Substrate/GLints/dict_16_192_64_0p5_0p02_0002_0013.uasset" 4185
"../../../Engine/Content/EngineMaterials/Substrate/GLints/dict_16_192_64_0p5_0p02_0002_0014.uasset" 4186
"../../../Engine/Content/EngineMaterials/Substrate/GLints/dict_16_192_64_0p5_0p02_0002_0015.uasset" 4187
"/Engine/EngineMaterials/Substrate/GLints/dict_16_192_64_0p5_0p02_0002_0015" 4188
"/Engine/EngineMaterials/Substrate/GLints/dict_16_192_64_0p5_0p02_0002_0014" 4189
"/Engine/EngineMaterials/Substrate/GLints/dict_16_192_64_0p5_0p02_0002_0013" 4190
"/Engine/EngineMaterials/Substrate/GLints/dict_16_192_64_0p5_0p02_0002_0012" 4191
"../../../Engine/Content/EngineMaterials/Substrate/GLints/dict_16_192_64_0p5_0p02_0003_0000.uasset" 4192
"/Engine/EngineMaterials/Substrate/GLints/dict_16_192_64_0p5_0p02_0002_0011" 4193
"/Engine/EngineMaterials/Substrate/GLints/dict_16_192_64_0p5_0p02_0002_0010" 4194
"/Engine/EngineMaterials/Substrate/GLints/dict_16_192_64_0p5_0p02_0002_0009" 4195
"/Engine/EngineMaterials/Substrate/GLints/dict_16_192_64_0p5_0p02_0002_0008" 4196
"/Engine/EngineMaterials/Substrate/GLints/dict_16_192_64_0p5_0p02_0003_0000" 4197
"../../../Engine/Content/EngineMaterials/Substrate/GLints/dict_16_192_64_0p5_0p02_0003_0002.uasset" 4198
"/Engine/EngineMaterials/Substrate/GLints/dict_16_192_64_0p5_0p02_0003_0002" 4199
"../../../Engine/Content/EngineMaterials/Substrate/GLints/dict_16_192_64_0p5_0p02_0003_0001.uasset" 4200
"/Engine/EngineMaterials/Substrate/GLints/dict_16_192_64_0p5_0p02_0003_0001" 4201
"../../../Engine/Content/EngineMaterials/Substrate/GLints/dict_16_192_64_0p5_0p02_0003_0003.uasset" 4202
"../../../Engine/Content/EngineMaterials/Substrate/GLints/dict_16_192_64_0p5_0p02_0003_0004.uasset" 4203
"../../../Engine/Content/EngineMaterials/Substrate/GLints/dict_16_192_64_0p5_0p02_0003_0005.uasset" 4204
"../../../Engine/Content/EngineMaterials/Substrate/GLints/dict_16_192_64_0p5_0p02_0003_0006.uasset" 4205
"../../../Engine/Content/EngineMaterials/Substrate/GLints/dict_16_192_64_0p5_0p02_0003_0007.uasset" 4206
"../../../Engine/Content/EngineMaterials/Substrate/GLints/dict_16_192_64_0p5_0p02_0003_0008.uasset" 4207
"../../../Engine/Content/EngineMaterials/Substrate/GLints/dict_16_192_64_0p5_0p02_0003_0009.uasset" 4208
"/Engine/EngineMaterials/Substrate/GLints/dict_16_192_64_0p5_0p02_0003_0009" 4209
"../../../Engine/Content/EngineMaterials/Substrate/GLints/dict_16_192_64_0p5_0p02_0001_0012.uasset" 4210
"../../../Engine/Content/EngineMaterials/Substrate/GLints/dict_16_192_64_0p5_0p02_0003_0010.uasset" 4211
"/Engine/EngineMaterials/Substrate/GLints/dict_16_192_64_0p5_0p02_0003_0008" 4212
"/Engine/EngineMaterials/Substrate/GLints/dict_16_192_64_0p5_0p02_0003_0007" 4213
"/Engine/EngineMaterials/Substrate/GLints/dict_16_192_64_0p5_0p02_0003_0006" 4214
"/Engine/EngineMaterials/Substrate/GLints/dict_16_192_64_0p5_0p02_0003_0005" 4215
"/Engine/EngineMaterials/Substrate/GLints/dict_16_192_64_0p5_0p02_0003_0004" 4216
"/Engine/EngineMaterials/Substrate/GLints/dict_16_192_64_0p5_0p02_0003_0003" 4217
"../../../Engine/Content/EngineMaterials/Substrate/GLints/dict_16_192_64_0p5_0p02_0003_0011.uasset" 4218
"/Engine/EngineMaterials/Substrate/GLints/dict_16_192_64_0p5_0p02_0003_0010" 4219
"/Engine/EngineMaterials/Substrate/GLints/dict_16_192_64_0p5_0p02_0001_0012" 4220
"/Engine/EngineMaterials/Substrate/GLints/dict_16_192_64_0p5_0p02_0003_0011" 4221
"../../../Engine/Content/EngineMaterials/Substrate/GLints/dict_16_192_64_0p5_0p02_0001_0014.uasset" 4222
"/Engine/EngineMaterials/Substrate/GLints/dict_16_192_64_0p5_0p02_0001_0014" 4223
"../../../Engine/Content/EngineMaterials/Substrate/GLints/dict_16_192_64_0p5_0p02_0002_0000.uasset" 4224
"../../../Engine/Content/EngineMaterials/Substrate/GLints/dict_16_192_64_0p5_0p02_0001_0013.uasset" 4225
"/Engine/EngineMaterials/Substrate/GLints/dict_16_192_64_0p5_0p02_0002_0000" 4226
"/Engine/EngineMaterials/Substrate/GLints/dict_16_192_64_0p5_0p02_0001_0013" 4227
"../../../Engine/Content/EngineMaterials/Substrate/GLints/dict_16_192_64_0p5_0p02_0002_0007.uasset" 4228
"../../../Engine/Content/EngineMaterials/Substrate/GLints/dict_16_192_64_0p5_0p02_0002_0003.uasset" 4229
"/Engine/EngineMaterials/Substrate/GLints/dict_16_192_64_0p5_0p02_0002_0007" 4230
"/Engine/EngineMaterials/Substrate/GLints/dict_16_192_64_0p5_0p02_0002_0003" 4231
"../../../Engine/Content/EngineMaterials/Substrate/GLints/dict_16_192_64_0p5_0p02_0002_0002.uasset" 4232
"/Engine/EngineMaterials/Substrate/GLints/dict_16_192_64_0p5_0p02_0002_0002" 4233
"../../../Engine/Content/EngineMaterials/Substrate/GLints/dict_16_192_64_0p5_0p02_0003_0015.uasset" 4234
"../../../Engine/Content/EngineMaterials/Substrate/GLints/dict_16_192_64_0p5_0p02_0004_0001.uasset" 4235
"../../../Engine/Content/EngineMaterials/Substrate/GLints/dict_16_192_64_0p5_0p02_0003_0013.uasset" 4236
"../../../Engine/Content/EngineMaterials/Substrate/GLints/dict_16_192_64_0p5_0p02_0004_0002.uasset" 4237
"../../../Engine/Content/EngineMaterials/Substrate/GLints/dict_16_192_64_0p5_0p02_0004_0004.uasset" 4238
"../../../Engine/Content/EngineMaterials/Substrate/GLints/dict_16_192_64_0p5_0p02_0004_0005.uasset" 4239
"../../../Engine/Content/EngineMaterials/Substrate/GLints/dict_16_192_64_0p5_0p02_0004_0007.uasset" 4240
"/Engine/EngineMaterials/Substrate/GLints/dict_16_192_64_0p5_0p02_0004_0007" 4241
"/Engine/EngineMaterials/Substrate/GLints/dict_16_192_64_0p5_0p02_0004_0005" 4242
"../../../Engine/Content/EngineMaterials/Substrate/GLints/dict_16_192_64_0p5_0p02_0004_0009.uasset" 4243
"/Engine/EngineMaterials/Substrate/GLints/dict_16_192_64_0p5_0p02_0004_0004" 4244
"/Engine/EngineMaterials/Substrate/GLints/dict_16_192_64_0p5_0p02_0004_0002" 4245
"../../../Engine/Content/EngineMaterials/Substrate/GLints/dict_16_192_64_0p5_0p02_0004_0010.uasset" 4246
"/Engine/EngineMaterials/Substrate/GLints/dict_16_192_64_0p5_0p02_0004_0001" 4247
"/Engine/EngineMaterials/Substrate/GLints/dict_16_192_64_0p5_0p02_0003_0015" 4248
"/Engine/EngineMaterials/Substrate/GLints/dict_16_192_64_0p5_0p02_0003_0013" 4249
"/Engine/EngineMaterials/Substrate/GLints/dict_16_192_64_0p5_0p02_0004_0010" 4250
"/Engine/EngineMaterials/Substrate/GLints/dict_16_192_64_0p5_0p02_0004_0009" 4251
"../../../Engine/Content/EngineMaterials/Substrate/GLints/dict_16_192_64_0p5_0p02_0004_0011.uasset" 4252
"/Engine/EngineMaterials/Substrate/GLints/dict_16_192_64_0p5_0p02_0004_0011" 4253
"../../../Engine/Content/EngineMaterials/Substrate/GLints/dict_16_192_64_0p5_0p02_0004_0012.uasset" 4254
"../../../Engine/Content/EngineMaterials/Substrate/GLints/dict_16_192_64_0p5_0p02_0004_0003.uasset" 4255
"../../../Engine/Content/EngineMaterials/Substrate/GLints/dict_16_192_64_0p5_0p02_0004_0013.uasset" 4256
"../../../Engine/Content/EngineMaterials/Substrate/GLints/dict_16_192_64_0p5_0p02_0004_0006.uasset" 4257
"../../../Engine/Content/EngineMaterials/Substrate/GLints/dict_16_192_64_0p5_0p02_0004_0014.uasset" 4258
"../../../Engine/Content/EngineMaterials/Substrate/GLints/dict_16_192_64_0p5_0p02_0004_0015.uasset" 4259
"../../../Engine/Content/EngineMaterials/Substrate/GLints/dict_16_192_64_0p5_0p02_0005_0000.uasset" 4260
"../../../Engine/Content/EngineMaterials/Substrate/GLints/dict_16_192_64_0p5_0p02_0005_0001.uasset" 4261
"../../../Engine/Content/EngineMaterials/Substrate/GLints/dict_16_192_64_0p5_0p02_0005_0002.uasset" 4262
"/Engine/EngineMaterials/Substrate/GLints/dict_16_192_64_0p5_0p02_0005_0002" 4263
"../../../Engine/Content/EngineMaterials/Substrate/GLints/dict_16_192_64_0p5_0p02_0005_0005.uasset" 4264
"/Engine/EngineMaterials/Substrate/GLints/dict_16_192_64_0p5_0p02_0005_0001" 4265
"/Engine/EngineMaterials/Substrate/GLints/dict_16_192_64_0p5_0p02_0005_0000" 4266
"/Engine/EngineMaterials/Substrate/GLints/dict_16_192_64_0p5_0p02_0004_0015" 4267
"/Engine/EngineMaterials/Substrate/GLints/dict_16_192_64_0p5_0p02_0004_0014" 4268
"../../../Engine/Content/EngineMaterials/Substrate/GLints/dict_16_192_64_0p5_0p02_0004_0008.uasset" 4269
"/Engine/EngineMaterials/Substrate/GLints/dict_16_192_64_0p5_0p02_0004_0013" 4270
"/Engine/EngineMaterials/Substrate/GLints/dict_16_192_64_0p5_0p02_0004_0012" 4271
"/Engine/EngineMaterials/Substrate/GLints/dict_16_192_64_0p5_0p02_0004_0006" 4272
"/Engine/EngineMaterials/Substrate/GLints/dict_16_192_64_0p5_0p02_0004_0003" 4273
"/Engine/EngineMaterials/Substrate/GLints/dict_16_192_64_0p5_0p02_0005_0005" 4274
"/Engine/EngineMaterials/Substrate/GLints/dict_16_192_64_0p5_0p02_0004_0008" 4275
"../../../Engine/Content/EngineMaterials/Substrate/GLints/dict_16_192_64_0p5_0p02_0005_0004.uasset" 4276
"../../../Engine/Content/EngineMaterials/Substrate/GLints/dict_16_192_64_0p5_0p02_0005_0003.uasset" 4277
"/Engine/EngineMaterials/Substrate/GLints/dict_16_192_64_0p5_0p02_0005_0004" 4278
"/Engine/EngineMaterials/Substrate/GLints/dict_16_192_64_0p5_0p02_0005_0003" 4279
"../../../Engine/Content/EngineMaterials/Substrate/GLints/dict_16_192_64_0p5_0p02_0003_0012.uasset" 4280
"../../../Engine/Content/EngineMaterials/Substrate/GLints/dict_16_192_64_0p5_0p02_0004_0000.uasset" 4281
"../../../Engine/Content/EngineMaterials/Substrate/GLints/dict_16_192_64_0p5_0p02_0003_0014.uasset" 4282
"/Engine/EngineMaterials/Substrate/GLints/dict_16_192_64_0p5_0p02_0004_0000" 4283
"/Engine/EngineMaterials/Substrate/GLints/dict_16_192_64_0p5_0p02_0003_0014" 4284
"/Engine/EngineMaterials/Substrate/GLints/dict_16_192_64_0p5_0p02_0003_0012" 4285
"../../../Engine/Content/EngineMaterials/Substrate/GLints/dict_16_192_64_0p5_0p02_0005_0006.uasset" 4286
"/Engine/EngineMaterials/Substrate/GLints/dict_16_192_64_0p5_0p02_0005_0006" 4287
"../../../Engine/Content/EngineMaterials/Substrate/GLints/dict_16_192_64_0p5_0p02_0005_0007.uasset" 4288
"/Engine/EngineMaterials/Substrate/GLints/dict_16_192_64_0p5_0p02_0005_0007" 4289
"../../../Engine/Content/EngineMaterials/Substrate/GLints/dict_16_192_64_0p5_0p02_0005_0008.uasset" 4290
"/Engine/EngineMaterials/Substrate/GLints/dict_16_192_64_0p5_0p02_0005_0008" 4291
"../../../Engine/Content/EngineMaterials/Substrate/GLints/dict_16_192_64_0p5_0p02_0005_0010.uasset" 4292
"../../../Engine/Content/EngineMaterials/Substrate/GLints/dict_16_192_64_0p5_0p02_0005_0009.uasset" 4293
"/Engine/EngineMaterials/Substrate/GLints/dict_16_192_64_0p5_0p02_0005_0010" 4294
"/Engine/EngineMaterials/Substrate/GLints/dict_16_192_64_0p5_0p02_0005_0009" 4295
"../../../Engine/Content/EngineMaterials/Substrate/GLints/dict_16_192_64_0p5_0p02_0005_0011.uasset" 4296
"/Engine/EngineMaterials/Substrate/GLints/dict_16_192_64_0p5_0p02_0005_0011" 4297
"../../../Engine/Content/EngineMaterials/Substrate/GLints/dict_16_192_64_0p5_0p02_0005_0014.uasset" 4298
"../../../Engine/Content/EngineMaterials/Substrate/GLints/dict_16_192_64_0p5_0p02_0005_0013.uasset" 4299
"../../../Engine/Content/EngineMaterials/Substrate/GLints/dict_16_192_64_0p5_0p02_0006_0001.uasset" 4300
"../../../Engine/Content/EngineMaterials/Substrate/GLints/dict_16_192_64_0p5_0p02_0005_0015.uasset" 4301
"../../../Engine/Content/EngineMaterials/Substrate/GLints/dict_16_192_64_0p5_0p02_0006_0003.uasset" 4302
"../../../Engine/Content/EngineMaterials/Substrate/GLints/dict_16_192_64_0p5_0p02_0006_0004.uasset" 4303
"../../../Engine/Content/EngineMaterials/Substrate/GLints/dict_16_192_64_0p5_0p02_0006_0000.uasset" 4304
"../../../Engine/Content/EngineMaterials/Substrate/GLints/dict_16_192_64_0p5_0p02_0006_0005.uasset" 4305
"../../../Engine/Content/EngineMaterials/Substrate/GLints/dict_16_192_64_0p5_0p02_0006_0002.uasset" 4306
"../../../Engine/Content/EngineMaterials/Substrate/GLints/dict_16_192_64_0p5_0p02_0006_0008.uasset" 4307
"../../../Engine/Content/EngineMaterials/Substrate/GLints/dict_16_192_64_0p5_0p02_0006_0006.uasset" 4308
"../../../Engine/Content/EngineMaterials/Substrate/GLints/dict_16_192_64_0p5_0p02_0006_0007.uasset" 4309
"../../../Engine/Content/EngineMaterials/Substrate/GLints/dict_16_192_64_0p5_0p02_0006_0011.uasset" 4310
"../../../Engine/Content/EngineMaterials/Substrate/GLints/dict_16_192_64_0p5_0p02_0006_0010.uasset" 4311
"../../../Engine/Content/EngineMaterials/Substrate/GLints/dict_16_192_64_0p5_0p02_0006_0013.uasset" 4312
"../../../Engine/Content/EngineMaterials/Substrate/GLints/dict_16_192_64_0p5_0p02_0007_0000.uasset" 4313
"../../../Engine/Content/EngineMaterials/Substrate/GLints/dict_16_192_64_0p5_0p02_0006_0015.uasset" 4314
"/Engine/EngineMaterials/Substrate/GLints/dict_16_192_64_0p5_0p02_0007_0000" 4315
"/Engine/EngineMaterials/Substrate/GLints/dict_16_192_64_0p5_0p02_0006_0013" 4316
"/Engine/EngineMaterials/Substrate/GLints/dict_16_192_64_0p5_0p02_0006_0011" 4317
"/Engine/EngineMaterials/Substrate/GLints/dict_16_192_64_0p5_0p02_0006_0010" 4318
"/Engine/EngineMaterials/Substrate/GLints/dict_16_192_64_0p5_0p02_0006_0008" 4319
"/Engine/EngineMaterials/Substrate/GLints/dict_16_192_64_0p5_0p02_0006_0004" 4320
"/Engine/EngineMaterials/Substrate/GLints/dict_16_192_64_0p5_0p02_0006_0005" 4321
"/Engine/EngineMaterials/Substrate/GLints/dict_16_192_64_0p5_0p02_0006_0003" 4322
"/Engine/EngineMaterials/Substrate/GLints/dict_16_192_64_0p5_0p02_0006_0015" 4323
"/Engine/EngineMaterials/Substrate/GLints/dict_16_192_64_0p5_0p02_0006_0002" 4324
"/Engine/EngineMaterials/Substrate/GLints/dict_16_192_64_0p5_0p02_0006_0007" 4325
"/Engine/EngineMaterials/Substrate/GLints/dict_16_192_64_0p5_0p02_0006_0001" 4326
"/Engine/EngineMaterials/Substrate/GLints/dict_16_192_64_0p5_0p02_0006_0000" 4327
"/Engine/EngineMaterials/Substrate/GLints/dict_16_192_64_0p5_0p02_0006_0006" 4328
"/Engine/EngineMaterials/Substrate/GLints/dict_16_192_64_0p5_0p02_0005_0015" 4329
"/Engine/EngineMaterials/Substrate/GLints/dict_16_192_64_0p5_0p02_0005_0014" 4330
"/Engine/EngineMaterials/Substrate/GLints/dict_16_192_64_0p5_0p02_0005_0013" 4331
"../../../Engine/Content/EngineMaterials/Substrate/GLints/dict_16_192_64_0p5_0p02_0005_0012.uasset" 4332
"../../../Engine/Content/EngineMaterials/Substrate/GLints/dict_16_192_64_0p5_0p02_0007_0001.uasset" 4333
"../../../Engine/Content/EngineMaterials/Substrate/GLints/dict_16_192_64_0p5_0p02_0007_0002.uasset" 4334
"../../../Engine/Content/EngineMaterials/Substrate/GLints/dict_16_192_64_0p5_0p02_0007_0003.uasset" 4335
"../../../Engine/Content/EngineMaterials/Substrate/GLints/dict_16_192_64_0p5_0p02_0007_0007.uasset" 4336
"../../../Engine/Content/EngineMaterials/Substrate/GLints/dict_16_192_64_0p5_0p02_0007_0006.uasset" 4337
"/Engine/EngineMaterials/Substrate/GLints/dict_16_192_64_0p5_0p02_0007_0002" 4338
"/Engine/EngineMaterials/Substrate/GLints/dict_16_192_64_0p5_0p02_0005_0012" 4339
"/Engine/EngineMaterials/Substrate/GLints/dict_16_192_64_0p5_0p02_0007_0003" 4340
"/Engine/EngineMaterials/Substrate/GLints/dict_16_192_64_0p5_0p02_0007_0006" 4341
"../../../Engine/Content/EngineMaterials/Substrate/GLints/dict_16_192_64_0p5_0p02_0007_0009.uasset" 4342
"/Engine/EngineMaterials/Substrate/GLints/dict_16_192_64_0p5_0p02_0007_0007" 4343
"/Engine/EngineMaterials/Substrate/GLints/dict_16_192_64_0p5_0p02_0007_0001" 4344
"../../../Engine/Content/EngineMaterials/Substrate/GLints/dict_16_192_64_0p5_0p02_0007_0005.uasset" 4345
"/Engine/EngineMaterials/Substrate/GLints/dict_16_192_64_0p5_0p02_0007_0009" 4346
"/Engine/EngineMaterials/Substrate/GLints/dict_16_192_64_0p5_0p02_0007_0005" 4347
"../../../Engine/Content/EngineMaterials/Substrate/GLints/dict_16_192_64_0p5_0p02_0007_0008.uasset" 4348
"../../../Engine/Content/EngineMaterials/Substrate/GLints/dict_16_192_64_0p5_0p02_0007_0011.uasset" 4349
"../../../Engine/Content/EngineMaterials/Substrate/GLints/dict_16_192_64_0p5_0p02_0007_0015.uasset" 4350
"../../../Engine/Content/EngineMaterials/Substrate/GLints/dict_16_192_64_0p5_0p02_0007_0014.uasset" 4351
"../../../Engine/Content/EngineMaterials/Substrate/GLints/dict_16_192_64_0p5_0p02_0006_0014.uasset" 4352
"../../../Engine/Content/EngineMaterials/Substrate/GLints/dict_16_192_64_0p5_0p02_0008_0000.uasset" 4353
"../../../Engine/Content/EngineMaterials/Substrate/GLints/dict_16_192_64_0p5_0p02_0008_0002.uasset" 4354
"../../../Engine/Content/EngineMaterials/Substrate/GLints/dict_16_192_64_0p5_0p02_0006_0012.uasset" 4355
"../../../Engine/Content/EngineMaterials/Substrate/GLints/dict_16_192_64_0p5_0p02_0006_0009.uasset" 4356
"../../../Engine/Content/EngineMaterials/Substrate/GLints/dict_16_192_64_0p5_0p02_0008_0004.uasset" 4357
"../../../Engine/Content/EngineMaterials/Substrate/GLints/dict_16_192_64_0p5_0p02_0008_0005.uasset" 4358
"/Engine/EngineMaterials/Substrate/GLints/dict_16_192_64_0p5_0p02_0006_0014" 4359
"/Engine/EngineMaterials/Substrate/GLints/dict_16_192_64_0p5_0p02_0006_0012" 4360
"/Engine/EngineMaterials/Substrate/GLints/dict_16_192_64_0p5_0p02_0006_0009" 4361
"/Engine/EngineMaterials/Substrate/GLints/dict_16_192_64_0p5_0p02_0008_0005" 4362
"../../../Engine/Content/EngineMaterials/Substrate/GLints/dict_16_192_64_0p5_0p02_0008_0008.uasset" 4363
"/Engine/EngineMaterials/Substrate/GLints/dict_16_192_64_0p5_0p02_0008_0004" 4364
"/Engine/EngineMaterials/Substrate/GLints/dict_16_192_64_0p5_0p02_0008_0002" 4365
"../../../Engine/Content/EngineMaterials/Substrate/GLints/dict_16_192_64_0p5_0p02_0008_0009.uasset" 4366
"/Engine/EngineMaterials/Substrate/GLints/dict_16_192_64_0p5_0p02_0008_0000" 4367
"../../../Engine/Content/EngineMaterials/Substrate/GLints/dict_16_192_64_0p5_0p02_0008_0007.uasset" 4368
"../../../Engine/Content/EngineMaterials/Substrate/GLints/dict_16_192_64_0p5_0p02_0007_0004.uasset" 4369
"../../../Engine/Content/EngineMaterials/Substrate/GLints/dict_16_192_64_0p5_0p02_0008_0001.uasset" 4370
"../../../Engine/Content/EngineMaterials/Substrate/GLints/dict_16_192_64_0p5_0p02_0007_0013.uasset" 4371
"/Engine/EngineMaterials/Substrate/GLints/dict_16_192_64_0p5_0p02_0007_0015" 4372
"/Engine/EngineMaterials/Substrate/GLints/dict_16_192_64_0p5_0p02_0007_0014" 4373
"../../../Engine/Content/EngineMaterials/Substrate/GLints/dict_16_192_64_0p5_0p02_0008_0006.uasset" 4374
"../../../Engine/Content/EngineMaterials/Substrate/GLints/dict_16_192_64_0p5_0p02_0008_0003.uasset" 4375
"../../../Engine/Content/EngineMaterials/Substrate/GLints/dict_16_192_64_0p5_0p02_0008_0011.uasset" 4376
"/Engine/EngineMaterials/Substrate/GLints/dict_16_192_64_0p5_0p02_0007_0011" 4377
"/Engine/EngineMaterials/Substrate/GLints/dict_16_192_64_0p5_0p02_0007_0008" 4378
"/Engine/EngineMaterials/Substrate/GLints/dict_16_192_64_0p5_0p02_0008_0011" 4379
"/Engine/EngineMaterials/Substrate/GLints/dict_16_192_64_0p5_0p02_0008_0009" 4380
"/Engine/EngineMaterials/Substrate/GLints/dict_16_192_64_0p5_0p02_0008_0008" 4381
"../../../Engine/Content/EngineMaterials/Substrate/GLints/dict_16_192_64_0p5_0p02_0008_0012.uasset" 4382
"/Engine/EngineMaterials/Substrate/GLints/dict_16_192_64_0p5_0p02_0008_0007" 4383
"/Engine/EngineMaterials/Substrate/GLints/dict_16_192_64_0p5_0p02_0008_0006" 4384
"../../../Engine/Content/EngineMaterials/Substrate/GLints/dict_16_192_64_0p5_0p02_0008_0010.uasset" 4385
"/Engine/EngineMaterials/Substrate/GLints/dict_16_192_64_0p5_0p02_0008_0003" 4386
"/Engine/EngineMaterials/Substrate/GLints/dict_16_192_64_0p5_0p02_0008_0001" 4387
"/Engine/EngineMaterials/Substrate/GLints/dict_16_192_64_0p5_0p02_0007_0013" 4388
"../../../Engine/Content/EngineMaterials/Substrate/GLints/dict_16_192_64_0p5_0p02_0008_0013.uasset" 4389
"/Engine/EngineMaterials/Substrate/GLints/dict_16_192_64_0p5_0p02_0007_0004" 4390
"../../../Engine/Content/EngineMaterials/Substrate/GLints/dict_16_192_64_0p5_0p02_0008_0014.uasset" 4391
"/Engine/EngineMaterials/Substrate/GLints/dict_16_192_64_0p5_0p02_0008_0012" 4392
"/Engine/EngineMaterials/Substrate/GLints/dict_16_192_64_0p5_0p02_0008_0010" 4393
"/Engine/EngineMaterials/Substrate/GLints/dict_16_192_64_0p5_0p02_0008_0014" 4394
"/Engine/EngineMaterials/Substrate/GLints/dict_16_192_64_0p5_0p02_0008_0013" 4395
"../../../Engine/Content/EngineMaterials/Substrate/GLints/dict_16_192_64_0p5_0p02_0008_0015.uasset" 4396
"../../../Engine/Content/EngineMaterials/Substrate/GLints/dict_16_192_64_0p5_0p02_0009_0000.uasset" 4397
"/Engine/EngineMaterials/Substrate/GLints/dict_16_192_64_0p5_0p02_0008_0015" 4398
"/Engine/EngineMaterials/Substrate/GLints/dict_16_192_64_0p5_0p02_0009_0000" 4399
"../../../Engine/Content/EngineMaterials/Substrate/GLints/dict_16_192_64_0p5_0p02_0009_0002.uasset" 4400
"../../../Engine/Content/EngineMaterials/Substrate/GLints/dict_16_192_64_0p5_0p02_0007_0010.uasset" 4401
"../../../Engine/Content/EngineMaterials/Substrate/GLints/dict_16_192_64_0p5_0p02_0009_0005.uasset" 4402
"../../../Engine/Content/EngineMaterials/Substrate/GLints/dict_16_192_64_0p5_0p02_0007_0012.uasset" 4403
"../../../Engine/Content/EngineMaterials/Substrate/GLints/dict_16_192_64_0p5_0p02_0009_0004.uasset" 4404
"../../../Engine/Content/EngineMaterials/Substrate/GLints/dict_16_192_64_0p5_0p02_0009_0007.uasset" 4405
"../../../Engine/Content/EngineMaterials/Substrate/GLints/dict_16_192_64_0p5_0p02_0009_0008.uasset" 4406
"../../../Engine/Content/EngineMaterials/Substrate/GLints/dict_16_192_64_0p5_0p02_0009_0009.uasset" 4407
"../../../Engine/Content/EngineMaterials/Substrate/GLints/dict_16_192_64_0p5_0p02_0009_0010.uasset" 4408
"../../../Engine/Content/EngineMaterials/Substrate/GLints/dict_16_192_64_0p5_0p02_0009_0011.uasset" 4409
"../../../Engine/Content/EngineMaterials/Substrate/GLints/dict_16_192_64_0p5_0p02_0009_0012.uasset" 4410
"../../../Engine/Content/EngineMaterials/Substrate/GLints/dict_16_192_64_0p5_0p02_0009_0014.uasset" 4411
"/Engine/EngineMaterials/Substrate/GLints/dict_16_192_64_0p5_0p02_0009_0002" 4412
"/Engine/EngineMaterials/Substrate/GLints/dict_16_192_64_0p5_0p02_0009_0014" 4413
"../../../Engine/Content/EngineMaterials/Substrate/GLints/dict_16_192_64_0p5_0p02_0010_0001.uasset" 4414
"/Engine/EngineMaterials/Substrate/GLints/dict_16_192_64_0p5_0p02_0009_0012" 4415
"/Engine/EngineMaterials/Substrate/GLints/dict_16_192_64_0p5_0p02_0009_0011" 4416
"../../../Engine/Content/EngineMaterials/Substrate/GLints/dict_16_192_64_0p5_0p02_0010_0002.uasset" 4417
"/Engine/EngineMaterials/Substrate/GLints/dict_16_192_64_0p5_0p02_0009_0010" 4418
"/Engine/EngineMaterials/Substrate/GLints/dict_16_192_64_0p5_0p02_0009_0009" 4419
"../../../Engine/Content/EngineMaterials/Substrate/GLints/dict_16_192_64_0p5_0p02_0010_0003.uasset" 4420
"../../../Engine/Content/EngineMaterials/Substrate/GLints/dict_16_192_64_0p5_0p02_0010_0004.uasset" 4421
"/Engine/EngineMaterials/Substrate/GLints/dict_16_192_64_0p5_0p02_0009_0008" 4422
"/Engine/EngineMaterials/Substrate/GLints/dict_16_192_64_0p5_0p02_0009_0007" 4423
"/Engine/EngineMaterials/Substrate/GLints/dict_16_192_64_0p5_0p02_0007_0010" 4424
"/Engine/EngineMaterials/Substrate/GLints/dict_16_192_64_0p5_0p02_0009_0004" 4425
"/Engine/EngineMaterials/Substrate/GLints/dict_16_192_64_0p5_0p02_0007_0012" 4426
"/Engine/EngineMaterials/Substrate/GLints/dict_16_192_64_0p5_0p02_0009_0005" 4427
"../../../Engine/Content/EngineMaterials/Substrate/GLints/dict_16_192_64_0p5_0p02_0010_0000.uasset" 4428
"/Engine/EngineMaterials/Substrate/GLints/dict_16_192_64_0p5_0p02_0010_0004" 4429
"../../../Engine/Content/EngineMaterials/Substrate/GLints/dict_16_192_64_0p5_0p02_0010_0005.uasset" 4430
"/Engine/EngineMaterials/Substrate/GLints/dict_16_192_64_0p5_0p02_0010_0003" 4431
"/Engine/EngineMaterials/Substrate/GLints/dict_16_192_64_0p5_0p02_0010_0002" 4432
"../../../Engine/Content/EngineMaterials/Substrate/GLints/dict_16_192_64_0p5_0p02_0010_0008.uasset" 4433
"../../../Engine/Content/EngineMaterials/Substrate/GLints/dict_16_192_64_0p5_0p02_0009_0015.uasset" 4434
"../../../Engine/Content/EngineMaterials/Substrate/GLints/dict_16_192_64_0p5_0p02_0010_0007.uasset" 4435
"/Engine/EngineMaterials/Substrate/GLints/dict_16_192_64_0p5_0p02_0010_0001" 4436
"/Engine/EngineMaterials/Substrate/GLints/dict_16_192_64_0p5_0p02_0010_0000" 4437
"/Engine/EngineMaterials/Substrate/GLints/dict_16_192_64_0p5_0p02_0009_0015" 4438
"/Engine/EngineMaterials/Substrate/GLints/dict_16_192_64_0p5_0p02_0010_0008" 4439
"/Engine/EngineMaterials/Substrate/GLints/dict_16_192_64_0p5_0p02_0010_0007" 4440
"/Engine/EngineMaterials/Substrate/GLints/dict_16_192_64_0p5_0p02_0010_0005" 4441
"../../../Engine/Content/EngineMaterials/Substrate/GLints/dict_16_192_64_0p5_0p02_0010_0009.uasset" 4442
"../../../Engine/Content/EngineMaterials/Substrate/GLints/dict_16_192_64_0p5_0p02_0009_0001.uasset" 4443
"../../../Engine/Content/EngineMaterials/Substrate/GLints/dict_16_192_64_0p5_0p02_0010_0011.uasset" 4444
"../../../Engine/Content/EngineMaterials/Substrate/GLints/dict_16_192_64_0p5_0p02_0010_0012.uasset" 4445
"../../../Engine/Content/EngineMaterials/Substrate/GLints/dict_16_192_64_0p5_0p02_0010_0010.uasset" 4446
"../../../Engine/Content/EngineMaterials/Substrate/GLints/dict_16_192_64_0p5_0p02_0011_0001.uasset" 4447
"../../../Engine/Content/EngineMaterials/Substrate/GLints/dict_16_192_64_0p5_0p02_0010_0014.uasset" 4448
"../../../Engine/Content/EngineMaterials/Substrate/GLints/dict_16_192_64_0p5_0p02_0011_0000.uasset" 4449
"../../../Engine/Content/EngineMaterials/Substrate/GLints/dict_16_192_64_0p5_0p02_0009_0013.uasset" 4450
"../../../Engine/Content/EngineMaterials/Substrate/GLints/dict_16_192_64_0p5_0p02_0009_0003.uasset" 4451
"../../../Engine/Content/EngineMaterials/Substrate/GLints/dict_16_192_64_0p5_0p02_0010_0015.uasset" 4452
"../../../Engine/Content/EngineMaterials/Substrate/GLints/dict_16_192_64_0p5_0p02_0011_0003.uasset" 4453
"../../../Engine/Content/EngineMaterials/Substrate/GLints/dict_16_192_64_0p5_0p02_0010_0013.uasset" 4454
"../../../Engine/Content/EngineMaterials/Substrate/GLints/dict_16_192_64_0p5_0p02_0011_0005.uasset" 4455
"../../../Engine/Content/EngineMaterials/Substrate/GLints/dict_16_192_64_0p5_0p02_0011_0006.uasset" 4456
"../../../Engine/Content/EngineMaterials/Substrate/GLints/dict_16_192_64_0p5_0p02_0011_0002.uasset" 4457
"../../../Engine/Content/EngineMaterials/Substrate/GLints/dict_16_192_64_0p5_0p02_0011_0004.uasset" 4458
"../../../Engine/Content/EngineMaterials/Substrate/GLints/dict_16_192_64_0p5_0p02_0010_0006.uasset" 4459
"/Engine/EngineMaterials/Substrate/GLints/dict_16_192_64_0p5_0p02_0010_0012" 4460
"/Engine/EngineMaterials/Substrate/GLints/dict_16_192_64_0p5_0p02_0010_0011" 4461
"/Engine/EngineMaterials/Substrate/GLints/dict_16_192_64_0p5_0p02_0009_0013" 4462
"../../../Engine/Content/EngineMaterials/Substrate/GLints/dict_16_192_64_0p5_0p02_0011_0007.uasset" 4463
"/Engine/EngineMaterials/Substrate/GLints/dict_16_192_64_0p5_0p02_0011_0006" 4464
"/Engine/EngineMaterials/Substrate/GLints/dict_16_192_64_0p5_0p02_0011_0005" 4465
"../../../Engine/Content/EngineMaterials/Substrate/GLints/dict_16_192_64_0p5_0p02_0011_0008.uasset" 4466
"/Engine/EngineMaterials/Substrate/GLints/dict_16_192_64_0p5_0p02_0011_0004" 4467
"/Engine/EngineMaterials/Substrate/GLints/dict_16_192_64_0p5_0p02_0011_0003" 4468
"../../../Engine/Content/EngineMaterials/Substrate/GLints/dict_16_192_64_0p5_0p02_0009_0006.uasset" 4469
"/Engine/EngineMaterials/Substrate/GLints/dict_16_192_64_0p5_0p02_0011_0002" 4470
"/Engine/EngineMaterials/Substrate/GLints/dict_16_192_64_0p5_0p02_0011_0001" 4471
"../../../Engine/Content/EngineMaterials/Substrate/GLints/dict_16_192_64_0p5_0p02_0011_0009.uasset" 4472
"/Engine/EngineMaterials/Substrate/GLints/dict_16_192_64_0p5_0p02_0011_0000" 4473
"../../../Engine/Content/EngineMaterials/Substrate/GLints/dict_16_192_64_0p5_0p02_0011_0012.uasset" 4474
"/Engine/EngineMaterials/Substrate/GLints/dict_16_192_64_0p5_0p02_0009_0003" 4475
"../../../Engine/Content/EngineMaterials/Substrate/GLints/dict_16_192_64_0p5_0p02_0011_0011.uasset" 4476
"/Engine/EngineMaterials/Substrate/GLints/dict_16_192_64_0p5_0p02_0009_0001" 4477
"../../../Engine/Content/EngineMaterials/Substrate/GLints/dict_16_192_64_0p5_0p02_0011_0013.uasset" 4478
"/Engine/EngineMaterials/Substrate/GLints/dict_16_192_64_0p5_0p02_0010_0015" 4479
"/Engine/EngineMaterials/Substrate/GLints/dict_16_192_64_0p5_0p02_0010_0014" 4480
"../../../Engine/Content/EngineMaterials/Substrate/GLints/dict_16_192_64_0p5_0p02_0012_0000.uasset" 4481
"/Engine/EngineMaterials/Substrate/GLints/dict_16_192_64_0p5_0p02_0010_0013" 4482
"/Engine/EngineMaterials/Substrate/GLints/dict_16_192_64_0p5_0p02_0010_0010" 4483
"../../../Engine/Content/EngineMaterials/Substrate/GLints/dict_16_192_64_0p5_0p02_0011_0015.uasset" 4484
"../../../Engine/Content/EngineMaterials/Substrate/GLints/dict_16_192_64_0p5_0p02_0011_0014.uasset" 4485
"/Engine/EngineMaterials/Substrate/GLints/dict_16_192_64_0p5_0p02_0010_0009" 4486
"/Engine/EngineMaterials/Substrate/GLints/dict_16_192_64_0p5_0p02_0011_0009" 4487
"/Engine/EngineMaterials/Substrate/GLints/dict_16_192_64_0p5_0p02_0010_0006" 4488
"/Engine/EngineMaterials/Substrate/GLints/dict_16_192_64_0p5_0p02_0012_0000" 4489
"/Engine/EngineMaterials/Substrate/GLints/dict_16_192_64_0p5_0p02_0011_0015" 4490
"../../../Engine/Content/EngineMaterials/Substrate/GLints/dict_16_192_64_0p5_0p02_0012_0002.uasset" 4491
"/Engine/EngineMaterials/Substrate/GLints/dict_16_192_64_0p5_0p02_0011_0008" 4492
"../../../Engine/Content/EngineMaterials/Substrate/GLints/dict_16_192_64_0p5_0p02_0012_0001.uasset" 4493
"/Engine/EngineMaterials/Substrate/GLints/dict_16_192_64_0p5_0p02_0011_0007" 4494
"/Engine/EngineMaterials/Substrate/GLints/dict_16_192_64_0p5_0p02_0011_0014" 4495
"/Engine/EngineMaterials/Substrate/GLints/dict_16_192_64_0p5_0p02_0011_0013" 4496
"/Engine/EngineMaterials/Substrate/GLints/dict_16_192_64_0p5_0p02_0011_0012" 4497
"/Engine/EngineMaterials/Substrate/GLints/dict_16_192_64_0p5_0p02_0011_0011" 4498
"/Engine/EngineMaterials/Substrate/GLints/dict_16_192_64_0p5_0p02_0009_0006" 4499
"../../../Engine/Content/EngineMaterials/Substrate/GLints/dict_16_192_64_0p5_0p02_0012_0003.uasset" 4500
"/Engine/EngineMaterials/Substrate/GLints/dict_16_192_64_0p5_0p02_0012_0003" 4501
"/Engine/EngineMaterials/Substrate/GLints/dict_16_192_64_0p5_0p02_0012_0002" 4502
"/Engine/EngineMaterials/Substrate/GLints/dict_16_192_64_0p5_0p02_0012_0001" 4503
"../../../Engine/Content/EngineMaterials/Substrate/GLints/dict_16_192_64_0p5_0p02_0011_0010.uasset" 4504
"../../../Engine/Content/EngineMaterials/Substrate/GLints/dict_16_192_64_0p5_0p02_0012_0004.uasset" 4505
"../../../Engine/Content/EngineMaterials/Substrate/GLints/dict_16_192_64_0p5_0p02_0012_0008.uasset" 4506
"../../../Engine/Content/EngineMaterials/Substrate/GLints/dict_16_192_64_0p5_0p02_0012_0006.uasset" 4507
"../../../Engine/Content/EngineMaterials/Substrate/GLints/dict_16_192_64_0p5_0p02_0012_0007.uasset" 4508
"../../../Engine/Content/EngineMaterials/Substrate/GLints/dict_16_192_64_0p5_0p02_0012_0011.uasset" 4509
"../../../Engine/Content/EngineMaterials/Substrate/GLints/dict_16_192_64_0p5_0p02_0012_0005.uasset" 4510
"../../../Engine/Content/EngineMaterials/Substrate/GLints/dict_16_192_64_0p5_0p02_0012_0012.uasset" 4511
"../../../Engine/Content/EngineMaterials/Substrate/GLints/dict_16_192_64_0p5_0p02_0012_0009.uasset" 4512
"../../../Engine/Content/EngineMaterials/Substrate/GLints/dict_16_192_64_0p5_0p02_0012_0013.uasset" 4513
"/Engine/EngineMaterials/Substrate/GLints/dict_16_192_64_0p5_0p02_0011_0010" 4514
"/Engine/EngineMaterials/Substrate/GLints/dict_16_192_64_0p5_0p02_0012_0013" 4515
"/Engine/EngineMaterials/Substrate/GLints/dict_16_192_64_0p5_0p02_0012_0012" 4516
"/Engine/EngineMaterials/Substrate/GLints/dict_16_192_64_0p5_0p02_0012_0011" 4517
"../../../Engine/Content/EngineMaterials/Substrate/GLints/dict_16_192_64_0p5_0p02_0012_0014.uasset" 4518
"/Engine/EngineMaterials/Substrate/GLints/dict_16_192_64_0p5_0p02_0012_0009" 4519
"/Engine/EngineMaterials/Substrate/GLints/dict_16_192_64_0p5_0p02_0012_0008" 4520
"/Engine/EngineMaterials/Substrate/GLints/dict_16_192_64_0p5_0p02_0012_0007" 4521
"/Engine/EngineMaterials/Substrate/GLints/dict_16_192_64_0p5_0p02_0012_0006" 4522
"/Engine/EngineMaterials/Substrate/GLints/dict_16_192_64_0p5_0p02_0012_0005" 4523
"/Engine/EngineMaterials/Substrate/GLints/dict_16_192_64_0p5_0p02_0012_0004" 4524
"../../../Engine/Content/EngineMaterials/Substrate/GLints/dict_16_192_64_0p5_0p02_0013_0000.uasset" 4525
"/Engine/EngineMaterials/Substrate/GLints/dict_16_192_64_0p5_0p02_0013_0000" 4526
"/Engine/EngineMaterials/Substrate/GLints/dict_16_192_64_0p5_0p02_0012_0014" 4527
"../../../Engine/Content/EngineMaterials/Substrate/GLints/dict_16_192_64_0p5_0p02_0012_0010.uasset" 4528
"../../../Engine/Content/EngineMaterials/Substrate/GLints/dict_16_192_64_0p5_0p02_0013_0001.uasset" 4529
"../../../Engine/Content/EngineMaterials/Substrate/GLints/dict_16_192_64_0p5_0p02_0013_0002.uasset" 4530
"../../../Engine/Content/EngineMaterials/Substrate/GLints/dict_16_192_64_0p5_0p02_0012_0015.uasset" 4531
"../../../Engine/Content/EngineMaterials/Substrate/GLints/dict_16_192_64_0p5_0p02_0013_0004.uasset" 4532
"../../../Engine/Content/EngineMaterials/Substrate/GLints/dict_16_192_64_0p5_0p02_0013_0003.uasset" 4533
"../../../Engine/Content/EngineMaterials/Substrate/GLints/dict_16_192_64_0p5_0p02_0013_0005.uasset" 4534
"../../../Engine/Content/EngineMaterials/Substrate/GLints/dict_16_192_64_0p5_0p02_0013_0006.uasset" 4535
"../../../Engine/Content/EngineMaterials/Substrate/GLints/dict_16_192_64_0p5_0p02_0013_0009.uasset" 4536
"../../../Engine/Content/EngineMaterials/Substrate/GLints/dict_16_192_64_0p5_0p02_0013_0011.uasset" 4537
"../../../Engine/Content/EngineMaterials/Substrate/GLints/dict_16_192_64_0p5_0p02_0013_0010.uasset" 4538
"/Engine/EngineMaterials/Substrate/GLints/dict_16_192_64_0p5_0p02_0013_0004" 4539
"/Engine/EngineMaterials/Substrate/GLints/dict_16_192_64_0p5_0p02_0013_0003" 4540
"../../../Engine/Content/EngineMaterials/Substrate/GLints/dict_16_192_64_0p5_0p02_0013_0014.uasset" 4541
"/Engine/EngineMaterials/Substrate/GLints/dict_16_192_64_0p5_0p02_0013_0002" 4542
"/Engine/EngineMaterials/Substrate/GLints/dict_16_192_64_0p5_0p02_0013_0011" 4543
"/Engine/EngineMaterials/Substrate/GLints/dict_16_192_64_0p5_0p02_0013_0010" 4544
"/Engine/EngineMaterials/Substrate/GLints/dict_16_192_64_0p5_0p02_0013_0009" 4545
"/Engine/EngineMaterials/Substrate/GLints/dict_16_192_64_0p5_0p02_0013_0001" 4546
"/Engine/EngineMaterials/Substrate/GLints/dict_16_192_64_0p5_0p02_0012_0015" 4547
"/Engine/EngineMaterials/Substrate/GLints/dict_16_192_64_0p5_0p02_0013_0006" 4548
"../../../Engine/Content/EngineMaterials/Substrate/GLints/dict_16_192_64_0p5_0p02_0013_0012.uasset" 4549
"../../../Engine/Content/EngineMaterials/Substrate/GLints/dict_16_192_64_0p5_0p02_0014_0001.uasset" 4550
"/Engine/EngineMaterials/Substrate/GLints/dict_16_192_64_0p5_0p02_0012_0010" 4551
"/Engine/EngineMaterials/Substrate/GLints/dict_16_192_64_0p5_0p02_0013_0005" 4552
"../../../Engine/Content/EngineMaterials/Substrate/GLints/dict_16_192_64_0p5_0p02_0014_0000.uasset" 4553
"/Engine/EngineMaterials/Substrate/GLints/dict_16_192_64_0p5_0p02_0014_0001" 4554
"/Engine/EngineMaterials/Substrate/GLints/dict_16_192_64_0p5_0p02_0014_0000" 4555
"/Engine/EngineMaterials/Substrate/GLints/dict_16_192_64_0p5_0p02_0013_0014" 4556
"../../../Engine/Content/EngineMaterials/Substrate/GLints/dict_16_192_64_0p5_0p02_0013_0015.uasset" 4557
"/Engine/EngineMaterials/Substrate/GLints/dict_16_192_64_0p5_0p02_0013_0012" 4558
"../../../Engine/Content/EngineMaterials/Substrate/GLints/dict_16_192_64_0p5_0p02_0014_0002.uasset" 4559
"../../../Engine/Content/EngineMaterials/Substrate/GLints/dict_16_192_64_0p5_0p02_0014_0003.uasset" 4560
"/Engine/EngineMaterials/Substrate/GLints/dict_16_192_64_0p5_0p02_0014_0002" 4561
"/Engine/EngineMaterials/Substrate/GLints/dict_16_192_64_0p5_0p02_0013_0015" 4562
"/Engine/EngineMaterials/Substrate/GLints/dict_16_192_64_0p5_0p02_0014_0003" 4563
"../../../Engine/Content/EngineMaterials/Substrate/GLints/dict_16_192_64_0p5_0p02_0014_0004.uasset" 4564
"../../../Engine/Content/EngineMaterials/Substrate/GLints/dict_16_192_64_0p5_0p02_0014_0006.uasset" 4565
"../../../Engine/Content/EngineMaterials/Substrate/GLints/dict_16_192_64_0p5_0p02_0014_0005.uasset" 4566
"../../../Engine/Content/EngineMaterials/Substrate/GLints/dict_16_192_64_0p5_0p02_0014_0008.uasset" 4567
"../../../Engine/Content/EngineMaterials/Substrate/GLints/dict_16_192_64_0p5_0p02_0014_0010.uasset" 4568
"../../../Engine/Content/EngineMaterials/Substrate/GLints/dict_16_192_64_0p5_0p02_0013_0013.uasset" 4569
"../../../Engine/Content/EngineMaterials/Substrate/GLints/dict_16_192_64_0p5_0p02_0014_0011.uasset" 4570
"../../../Engine/Content/EngineMaterials/Substrate/GLints/dict_16_192_64_0p5_0p02_0014_0007.uasset" 4571
"../../../Engine/Content/EngineMaterials/Substrate/GLints/dict_16_192_64_0p5_0p02_0014_0009.uasset" 4572
"../../../Engine/Content/EngineMaterials/Substrate/GLints/dict_16_192_64_0p5_0p02_0014_0012.uasset" 4573
"../../../Engine/Content/EngineMaterials/Substrate/GLints/dict_16_192_64_0p5_0p02_0014_0013.uasset" 4574
"../../../Engine/Content/EngineMaterials/Substrate/GLints/dict_16_192_64_0p5_0p02_0014_0014.uasset" 4575
"/Engine/EngineMaterials/Substrate/GLints/dict_16_192_64_0p5_0p02_0014_0012" 4576
"/Engine/EngineMaterials/Substrate/GLints/dict_16_192_64_0p5_0p02_0013_0013" 4577
"../../../Engine/Content/EngineMaterials/Substrate/GLints/dict_16_192_64_0p5_0p02_0014_0015.uasset" 4578
"/Engine/EngineMaterials/Substrate/GLints/dict_16_192_64_0p5_0p02_0014_0014" 4579
"../../../Engine/Content/EngineMaterials/Substrate/GLints/dict_16_192_64_0p5_0p02_0015_0001.uasset" 4580
"/Engine/EngineMaterials/Substrate/GLints/dict_16_192_64_0p5_0p02_0014_0013" 4581
"../../../Engine/Content/EngineMaterials/Substrate/GLints/dict_16_192_64_0p5_0p02_0015_0000.uasset" 4582
"/Engine/EngineMaterials/Substrate/GLints/dict_16_192_64_0p5_0p02_0014_0011" 4583
"/Engine/EngineMaterials/Substrate/GLints/dict_16_192_64_0p5_0p02_0014_0010" 4584
"../../../Engine/Content/EngineMaterials/Substrate/GLints/dict_16_192_64_0p5_0p02_0015_0002.uasset" 4585
"/Engine/EngineMaterials/Substrate/GLints/dict_16_192_64_0p5_0p02_0014_0009" 4586
"/Engine/EngineMaterials/Substrate/GLints/dict_16_192_64_0p5_0p02_0014_0008" 4587
"/Engine/EngineMaterials/Substrate/GLints/dict_16_192_64_0p5_0p02_0014_0007" 4588
"../../../Engine/Content/EngineMaterials/Substrate/GLints/dict_16_192_64_0p5_0p02_0015_0003.uasset" 4589
"/Engine/EngineMaterials/Substrate/GLints/dict_16_192_64_0p5_0p02_0014_0006" 4590
"/Engine/EngineMaterials/Substrate/GLints/dict_16_192_64_0p5_0p02_0014_0005" 4591
"../../../Engine/Content/EngineMaterials/Substrate/GLints/dict_16_192_64_0p5_0p02_0015_0004.uasset" 4592
"/Engine/EngineMaterials/Substrate/GLints/dict_16_192_64_0p5_0p02_0014_0004" 4593
"/Engine/EngineMaterials/Substrate/GLints/dict_16_192_64_0p5_0p02_0015_0004" 4594
"/Engine/EngineMaterials/Substrate/GLints/dict_16_192_64_0p5_0p02_0015_0003" 4595
"/Engine/EngineMaterials/Substrate/GLints/dict_16_192_64_0p5_0p02_0015_0002" 4596
"/Engine/EngineMaterials/Substrate/GLints/dict_16_192_64_0p5_0p02_0015_0001" 4597
"/Engine/EngineMaterials/Substrate/GLints/dict_16_192_64_0p5_0p02_0015_0000" 4598
"../../../Engine/Content/EngineMaterials/Substrate/GLints/dict_16_192_64_0p5_0p02_0015_0005.uasset" 4599
"../../../Engine/Content/EngineMaterials/Substrate/GLints/dict_16_192_64_0p5_0p02_0015_0007.uasset" 4600
"/Engine/EngineMaterials/Substrate/GLints/dict_16_192_64_0p5_0p02_0014_0015" 4601
"../../../Engine/Content/EngineMaterials/Substrate/GLints/dict_16_192_64_0p5_0p02_0015_0006.uasset" 4602
"../../../Engine/Content/EngineMaterials/Substrate/GLints/dict_16_192_64_0p5_0p02_0015_0008.uasset" 4603
"/Engine/EngineMaterials/Substrate/GLints/dict_16_192_64_0p5_0p02_0015_0008" 4604
"../../../Engine/Content/EngineMaterials/Substrate/GLints/dict_16_192_64_0p5_0p02_0015_0009.uasset" 4605
"/Engine/EngineMaterials/Substrate/GLints/dict_16_192_64_0p5_0p02_0015_0007" 4606
"/Engine/EngineMaterials/Substrate/GLints/dict_16_192_64_0p5_0p02_0015_0006" 4607
"/Engine/EngineMaterials/Substrate/GLints/dict_16_192_64_0p5_0p02_0015_0005" 4608
"../../../Engine/Content/EngineMaterials/Substrate/GLints/dict_16_192_64_0p5_0p02_0015_0010.uasset" 4609
"../../../Engine/Content/EngineMaterials/Substrate/GLints/dict_16_192_64_0p5_0p02_0015_0011.uasset" 4610
"/Engine/EngineMaterials/Substrate/GLints/dict_16_192_64_0p5_0p02_0015_0009" 4611
"../../../Engine/Content/EngineMaterials/Substrate/GLints/dict_16_192_64_0p5_0p02_0015_0012.uasset" 4612
"/Engine/EngineMaterials/Substrate/GLints/dict_16_192_64_0p5_0p02_0015_0011" 4613
"/Engine/EngineMaterials/Substrate/GLints/dict_16_192_64_0p5_0p02_0015_0010" 4614
"../../../Engine/Content/EngineMaterials/Substrate/GLints/dict_16_192_64_0p5_0p02_0015_0013.uasset" 4615
"/Engine/EngineMaterials/Substrate/GLints/dict_16_192_64_0p5_0p02_0015_0013" 4616
"/Engine/EngineMaterials/Substrate/GLints/dict_16_192_64_0p5_0p02_0015_0012" 4617
"../../../Engine/Content/EngineMaterials/Substrate/GLints/dict_16_192_64_0p5_0p02_0015_0014.uasset" 4618
"../../../Engine/Content/EngineMaterials/Substrate/GLints/dict_16_192_64_0p5_0p02_0015_0015.uasset" 4619
"../../../Engine/Content/EngineMaterials/Substrate/GLints/dict_16_192_64_0p5_0p02_0013_0007.uasset" 4620
"../../../Engine/Content/EngineMaterials/Substrate/GLints/dict_16_192_64_0p5_0p02_0016_0002.uasset" 4621
"../../../Engine/Content/EngineMaterials/Substrate/GLints/dict_16_192_64_0p5_0p02_0013_0008.uasset" 4622
"../../../Engine/Content/EngineMaterials/Substrate/GLints/dict_16_192_64_0p5_0p02_0016_0004.uasset" 4623
"../../../Engine/Content/EngineMaterials/Substrate/GLints/dict_16_192_64_0p5_0p02_0016_0003.uasset" 4624
"../../../Engine/Content/EngineMaterials/Substrate/GLints/dict_16_192_64_0p5_0p02_0016_0005.uasset" 4625
"../../../Engine/Content/EngineMaterials/Substrate/GLints/dict_16_192_64_0p5_0p02_0016_0006.uasset" 4626
"../../../Engine/Content/EngineMaterials/Substrate/GLints/dict_16_192_64_0p5_0p02_0016_0001.uasset" 4627
"../../../Engine/Content/EngineMaterials/Substrate/GLints/dict_16_192_64_0p5_0p02_0016_0007.uasset" 4628
"../../../Engine/Content/EngineMaterials/Substrate/GLints/dict_16_192_64_0p5_0p02_0016_0008.uasset" 4629
"../../../Engine/Content/EngineMaterials/Substrate/GLints/dict_16_192_64_0p5_0p02_0016_0000.uasset" 4630
"../../../Engine/Content/EngineMaterials/Substrate/GLints/dict_16_192_64_0p5_0p02_0016_0009.uasset" 4631
"../../../Engine/Content/EngineMaterials/Substrate/GLints/dict_16_192_64_0p5_0p02_0016_0010.uasset" 4632
"../../../Engine/Content/EngineMaterials/Substrate/GLints/dict_16_192_64_0p5_0p02_0016_0011.uasset" 4633
"../../../Engine/Content/EngineMaterials/Substrate/GLints/dict_16_192_64_0p5_0p02_0016_0012.uasset" 4634
"../../../Engine/Content/EngineMaterials/Substrate/GLints/dict_16_192_64_0p5_0p02_0016_0015.uasset" 4635
"../../../Engine/Content/EngineMaterials/Substrate/GLints/dict_16_192_64_0p5_0p02_0017_0000.uasset" 4636
"/Engine/EngineMaterials/Substrate/GLints/dict_16_192_64_0p5_0p02_0016_0012" 4637
"/Engine/EngineMaterials/Substrate/GLints/dict_16_192_64_0p5_0p02_0015_0015" 4638
"../../../Engine/Content/EngineMaterials/Substrate/GLints/dict_16_192_64_0p5_0p02_0017_0001.uasset" 4639
"/Engine/EngineMaterials/Substrate/GLints/dict_16_192_64_0p5_0p02_0015_0014" 4640
"../../../Engine/Content/EngineMaterials/Substrate/GLints/dict_16_192_64_0p5_0p02_0017_0002.uasset" 4641
"/Engine/EngineMaterials/Substrate/GLints/dict_16_192_64_0p5_0p02_0016_0011" 4642
"/Engine/EngineMaterials/Substrate/GLints/dict_16_192_64_0p5_0p02_0013_0008" 4643
"../../../Engine/Content/EngineMaterials/Substrate/GLints/dict_16_192_64_0p5_0p02_0017_0003.uasset" 4644
"../../../Engine/Content/EngineMaterials/Substrate/GLints/dict_16_192_64_0p5_0p02_0017_0004.uasset" 4645
"/Engine/EngineMaterials/Substrate/GLints/dict_16_192_64_0p5_0p02_0016_0010" 4646
"../../../Engine/Content/EngineMaterials/Substrate/GLints/dict_16_192_64_0p5_0p02_0017_0005.uasset" 4647
"/Engine/EngineMaterials/Substrate/GLints/dict_16_192_64_0p5_0p02_0016_0009" 4648
"/Engine/EngineMaterials/Substrate/GLints/dict_16_192_64_0p5_0p02_0013_0007" 4649
"/Engine/EngineMaterials/Substrate/GLints/dict_16_192_64_0p5_0p02_0016_0008" 4650
"../../../Engine/Content/EngineMaterials/Substrate/GLints/dict_16_192_64_0p5_0p02_0017_0006.uasset" 4651
"/Engine/EngineMaterials/Substrate/GLints/dict_16_192_64_0p5_0p02_0016_0007" 4652
"/Engine/EngineMaterials/Substrate/GLints/dict_16_192_64_0p5_0p02_0016_0006" 4653
"/Engine/EngineMaterials/Substrate/GLints/dict_16_192_64_0p5_0p02_0016_0005" 4654
"../../../Engine/Content/EngineMaterials/Substrate/GLints/dict_16_192_64_0p5_0p02_0017_0007.uasset" 4655
"/Engine/EngineMaterials/Substrate/GLints/dict_16_192_64_0p5_0p02_0016_0004" 4656
"/Engine/EngineMaterials/Substrate/GLints/dict_16_192_64_0p5_0p02_0016_0003" 4657
"../../../Engine/Content/EngineMaterials/Substrate/GLints/dict_16_192_64_0p5_0p02_0017_0009.uasset" 4658
"/Engine/EngineMaterials/Substrate/GLints/dict_16_192_64_0p5_0p02_0016_0002" 4659
"/Engine/EngineMaterials/Substrate/GLints/dict_16_192_64_0p5_0p02_0016_0001" 4660
"/Engine/EngineMaterials/Substrate/GLints/dict_16_192_64_0p5_0p02_0016_0000" 4661
"/Engine/EngineMaterials/Substrate/GLints/dict_16_192_64_0p5_0p02_0017_0009" 4662
"../../../Engine/Content/EngineMaterials/Substrate/GLints/dict_16_192_64_0p5_0p02_0017_0008.uasset" 4663
"/Engine/EngineMaterials/Substrate/GLints/dict_16_192_64_0p5_0p02_0017_0006" 4664
"/Engine/EngineMaterials/Substrate/GLints/dict_16_192_64_0p5_0p02_0017_0005" 4665
"../../../Engine/Content/EngineMaterials/Substrate/GLints/dict_16_192_64_0p5_0p02_0017_0011.uasset" 4666
"/Engine/EngineMaterials/Substrate/GLints/dict_16_192_64_0p5_0p02_0017_0007" 4667
"/Engine/EngineMaterials/Substrate/GLints/dict_16_192_64_0p5_0p02_0017_0004" 4668
"../../../Engine/Content/EngineMaterials/Substrate/GLints/dict_16_192_64_0p5_0p02_0017_0010.uasset" 4669
"/Engine/EngineMaterials/Substrate/GLints/dict_16_192_64_0p5_0p02_0017_0003" 4670
"/Engine/EngineMaterials/Substrate/GLints/dict_16_192_64_0p5_0p02_0017_0002" 4671
"/Engine/EngineMaterials/Substrate/GLints/dict_16_192_64_0p5_0p02_0017_0001" 4672
"/Engine/EngineMaterials/Substrate/GLints/dict_16_192_64_0p5_0p02_0017_0000" 4673
"/Engine/EngineMaterials/Substrate/GLints/dict_16_192_64_0p5_0p02_0016_0015" 4674
"/Engine/EngineMaterials/Substrate/GLints/dict_16_192_64_0p5_0p02_0017_0011" 4675
"/Engine/EngineMaterials/Substrate/GLints/dict_16_192_64_0p5_0p02_0017_0010" 4676
"/Engine/EngineMaterials/Substrate/GLints/dict_16_192_64_0p5_0p02_0017_0008" 4677
"../../../Engine/Content/EngineMaterials/Substrate/GLints/dict_16_192_64_0p5_0p02_0017_0012.uasset" 4678
"../../../Engine/Content/EngineMaterials/Substrate/GLints/dict_16_192_64_0p5_0p02_0017_0014.uasset" 4679
"../../../Engine/Content/EngineMaterials/Substrate/GLints/dict_16_192_64_0p5_0p02_0018_0001.uasset" 4680
"../../../Engine/Content/EngineMaterials/Substrate/GLints/dict_16_192_64_0p5_0p02_0018_0002.uasset" 4681
"../../../Engine/Content/EngineMaterials/Substrate/GLints/dict_16_192_64_0p5_0p02_0017_0015.uasset" 4682
"../../../Engine/Content/EngineMaterials/Substrate/GLints/dict_16_192_64_0p5_0p02_0018_0000.uasset" 4683
"../../../Engine/Content/EngineMaterials/Substrate/GLints/dict_16_192_64_0p5_0p02_0018_0003.uasset" 4684
"../../../Engine/Content/EngineMaterials/Substrate/GLints/dict_16_192_64_0p5_0p02_0018_0004.uasset" 4685
"/Engine/EngineMaterials/Substrate/GLints/dict_16_192_64_0p5_0p02_0018_0004" 4686
"/Engine/EngineMaterials/Substrate/GLints/dict_16_192_64_0p5_0p02_0018_0003" 4687
"/Engine/EngineMaterials/Substrate/GLints/dict_16_192_64_0p5_0p02_0018_0002" 4688
"/Engine/EngineMaterials/Substrate/GLints/dict_16_192_64_0p5_0p02_0018_0001" 4689
"/Engine/EngineMaterials/Substrate/GLints/dict_16_192_64_0p5_0p02_0018_0000" 4690
"/Engine/EngineMaterials/Substrate/GLints/dict_16_192_64_0p5_0p02_0017_0015" 4691
"../../../Engine/Content/EngineMaterials/Substrate/GLints/dict_16_192_64_0p5_0p02_0018_0005.uasset" 4692
"../../../Engine/Content/EngineMaterials/Substrate/GLints/dict_16_192_64_0p5_0p02_0017_0013.uasset" 4693
"/Engine/EngineMaterials/Substrate/GLints/dict_16_192_64_0p5_0p02_0017_0014" 4694
"/Engine/EngineMaterials/Substrate/GLints/dict_16_192_64_0p5_0p02_0017_0012" 4695
"/Engine/EngineMaterials/Substrate/GLints/dict_16_192_64_0p5_0p02_0018_0005" 4696
"/Engine/EngineMaterials/Substrate/GLints/dict_16_192_64_0p5_0p02_0017_0013" 4697
"../../../Engine/Content/EngineMaterials/Substrate/GLints/dict_16_192_64_0p5_0p02_0018_0006.uasset" 4698
"../../../Engine/Content/EngineMaterials/Substrate/GLints/dict_16_192_64_0p5_0p02_0018_0008.uasset" 4699
"/Engine/EngineMaterials/Substrate/GLints/dict_16_192_64_0p5_0p02_0018_0008" 4700
"../../../Engine/Content/EngineMaterials/Substrate/GLints/dict_16_192_64_0p5_0p02_0018_0007.uasset" 4701
"/Engine/EngineMaterials/Substrate/GLints/dict_16_192_64_0p5_0p02_0018_0006" 4702
"/Engine/EngineMaterials/Substrate/GLints/dict_16_192_64_0p5_0p02_0018_0007" 4703
"../../../Engine/Content/EngineMaterials/Substrate/GLints/dict_16_192_64_0p5_0p02_0018_0009.uasset" 4704
"../../../Engine/Content/EngineMaterials/Substrate/GLints/dict_16_192_64_0p5_0p02_0018_0010.uasset" 4705
"../../../Engine/Content/EngineMaterials/Substrate/GLints/dict_16_192_64_0p5_0p02_0018_0011.uasset" 4706
"../../../Engine/Content/EngineMaterials/Substrate/GLints/dict_16_192_64_0p5_0p02_0018_0013.uasset" 4707
"../../../Engine/Content/EngineMaterials/Substrate/GLints/dict_16_192_64_0p5_0p02_0016_0013.uasset" 4708
"../../../Engine/Content/EngineMaterials/Substrate/GLints/dict_16_192_64_0p5_0p02_0018_0012.uasset" 4709
"../../../Engine/Content/EngineMaterials/Substrate/GLints/dict_16_192_64_0p5_0p02_0018_0014.uasset" 4710
"../../../Engine/Content/EngineMaterials/Substrate/GLints/dict_16_192_64_0p5_0p02_0018_0015.uasset" 4711
"../../../Engine/Content/EngineMaterials/Substrate/GLints/dict_16_192_64_0p5_0p02_0019_0001.uasset" 4712
"../../../Engine/Content/EngineMaterials/Substrate/GLints/dict_16_192_64_0p5_0p02_0019_0002.uasset" 4713
"../../../Engine/Content/EngineMaterials/Substrate/GLints/dict_16_192_64_0p5_0p02_0019_0000.uasset" 4714
"../../../Engine/Content/EngineMaterials/Substrate/GLints/dict_16_192_64_0p5_0p02_0019_0003.uasset" 4715
"../../../Engine/Content/EngineMaterials/Substrate/GLints/dict_16_192_64_0p5_0p02_0019_0005.uasset" 4716
"../../../Engine/Content/EngineMaterials/Substrate/GLints/dict_16_192_64_0p5_0p02_0019_0004.uasset" 4717
"../../../Engine/Content/EngineMaterials/Substrate/GLints/dict_16_192_64_0p5_0p02_0019_0006.uasset" 4718
"../../../Engine/Content/EngineMaterials/Substrate/GLints/dict_16_192_64_0p5_0p02_0019_0008.uasset" 4719
"/Engine/EngineMaterials/Substrate/GLints/dict_16_192_64_0p5_0p02_0019_0006" 4720
"/Engine/EngineMaterials/Substrate/GLints/dict_16_192_64_0p5_0p02_0018_0012" 4721
"/Engine/EngineMaterials/Substrate/GLints/dict_16_192_64_0p5_0p02_0018_0011" 4722
"/Engine/EngineMaterials/Substrate/GLints/dict_16_192_64_0p5_0p02_0018_0010" 4723
"/Engine/EngineMaterials/Substrate/GLints/dict_16_192_64_0p5_0p02_0019_0005" 4724
"../../../Engine/Content/EngineMaterials/Substrate/GLints/dict_16_192_64_0p5_0p02_0019_0009.uasset" 4725
"/Engine/EngineMaterials/Substrate/GLints/dict_16_192_64_0p5_0p02_0019_0004" 4726
"/Engine/EngineMaterials/Substrate/GLints/dict_16_192_64_0p5_0p02_0018_0009" 4727
"../../../Engine/Content/EngineMaterials/Substrate/GLints/dict_16_192_64_0p5_0p02_0019_0010.uasset" 4728
"/Engine/EngineMaterials/Substrate/GLints/dict_16_192_64_0p5_0p02_0019_0003" 4729
"../../../Engine/Content/EngineMaterials/Substrate/GLints/dict_16_192_64_0p5_0p02_0019_0011.uasset" 4730
"../../../Engine/Content/EngineMaterials/Substrate/GLints/dict_16_192_64_0p5_0p02_0019_0012.uasset" 4731
"/Engine/EngineMaterials/Substrate/GLints/dict_16_192_64_0p5_0p02_0019_0002" 4732
"/Engine/EngineMaterials/Substrate/GLints/dict_16_192_64_0p5_0p02_0019_0001" 4733
"../../../Engine/Content/EngineMaterials/Substrate/GLints/dict_16_192_64_0p5_0p02_0019_0014.uasset" 4734
"/Engine/EngineMaterials/Substrate/GLints/dict_16_192_64_0p5_0p02_0019_0000" 4735
"/Engine/EngineMaterials/Substrate/GLints/dict_16_192_64_0p5_0p02_0018_0015" 4736
"/Engine/EngineMaterials/Substrate/GLints/dict_16_192_64_0p5_0p02_0018_0014" 4737
"/Engine/EngineMaterials/Substrate/GLints/dict_16_192_64_0p5_0p02_0018_0013" 4738
"../../../Engine/Content/EngineMaterials/Substrate/GLints/dict_16_192_64_0p5_0p02_0020_0001.uasset" 4739
"/Engine/EngineMaterials/Substrate/GLints/dict_16_192_64_0p5_0p02_0016_0013" 4740
"../../../Engine/Content/EngineMaterials/Substrate/GLints/dict_16_192_64_0p5_0p02_0019_0013.uasset" 4741
"/Engine/EngineMaterials/Substrate/GLints/dict_16_192_64_0p5_0p02_0019_0009" 4742
"../../../Engine/Content/EngineMaterials/Substrate/GLints/dict_16_192_64_0p5_0p02_0020_0000.uasset" 4743
"/Engine/EngineMaterials/Substrate/GLints/dict_16_192_64_0p5_0p02_0019_0008" 4744
"../../../Engine/Content/EngineMaterials/Substrate/GLints/dict_16_192_64_0p5_0p02_0019_0015.uasset" 4745
"/Engine/EngineMaterials/Substrate/GLints/dict_16_192_64_0p5_0p02_0020_0001" 4746
"/Engine/EngineMaterials/Substrate/GLints/dict_16_192_64_0p5_0p02_0019_0014" 4747
"../../../Engine/Content/EngineMaterials/Substrate/GLints/dict_16_192_64_0p5_0p02_0020_0002.uasset" 4748
"/Engine/EngineMaterials/Substrate/GLints/dict_16_192_64_0p5_0p02_0019_0013" 4749
"/Engine/EngineMaterials/Substrate/GLints/dict_16_192_64_0p5_0p02_0019_0012" 4750
"/Engine/EngineMaterials/Substrate/GLints/dict_16_192_64_0p5_0p02_0019_0011" 4751
"/Engine/EngineMaterials/Substrate/GLints/dict_16_192_64_0p5_0p02_0019_0010" 4752
"/Engine/EngineMaterials/Substrate/GLints/dict_16_192_64_0p5_0p02_0020_0000" 4753
"../../../Engine/Content/EngineMaterials/Substrate/GLints/dict_16_192_64_0p5_0p02_0020_0003.uasset" 4754
"/Engine/EngineMaterials/Substrate/GLints/dict_16_192_64_0p5_0p02_0019_0015" 4755
"/Engine/EngineMaterials/Substrate/GLints/dict_16_192_64_0p5_0p02_0020_0002" 4756
"../../../Engine/Content/EngineMaterials/Substrate/GLints/dict_16_192_64_0p5_0p02_0020_0004.uasset" 4757
"../../../Engine/Content/EngineMaterials/Substrate/GLints/dict_16_192_64_0p5_0p02_0020_0006.uasset" 4758
"/Engine/EngineMaterials/Substrate/GLints/dict_16_192_64_0p5_0p02_0020_0004" 4759
"/Engine/EngineMaterials/Substrate/GLints/dict_16_192_64_0p5_0p02_0020_0003" 4760
"/Engine/EngineMaterials/Substrate/GLints/dict_16_192_64_0p5_0p02_0020_0006" 4761
"../../../Engine/Content/EngineMaterials/Substrate/GLints/dict_16_192_64_0p5_0p02_0020_0005.uasset" 4762
"../../../Engine/Content/EngineMaterials/Substrate/GLints/dict_16_192_64_0p5_0p02_0020_0007.uasset" 4763
"../../../Engine/Content/EngineMaterials/Substrate/GLints/dict_16_192_64_0p5_0p02_0020_0008.uasset" 4764
"../../../Engine/Content/EngineMaterials/Substrate/GLints/dict_16_192_64_0p5_0p02_0020_0010.uasset" 4765
"../../../Engine/Content/EngineMaterials/Substrate/GLints/dict_16_192_64_0p5_0p02_0020_0011.uasset" 4766
"../../../Engine/Content/EngineMaterials/Substrate/GLints/dict_16_192_64_0p5_0p02_0020_0009.uasset" 4767
"../../../Engine/Content/EngineMaterials/Substrate/GLints/dict_16_192_64_0p5_0p02_0020_0012.uasset" 4768
"../../../Engine/Content/EngineMaterials/Substrate/GLints/dict_16_192_64_0p5_0p02_0020_0013.uasset" 4769
"../../../Engine/Content/EngineMaterials/Substrate/GLints/dict_16_192_64_0p5_0p02_0020_0014.uasset" 4770
"../../../Engine/Content/EngineMaterials/Substrate/GLints/dict_16_192_64_0p5_0p02_0020_0015.uasset" 4771
"../../../Engine/Content/EngineMaterials/Substrate/GLints/dict_16_192_64_0p5_0p02_0021_0000.uasset" 4772
"../../../Engine/Content/EngineMaterials/Substrate/GLints/dict_16_192_64_0p5_0p02_0016_0014.uasset" 4773
"../../../Engine/Content/EngineMaterials/Substrate/GLints/dict_16_192_64_0p5_0p02_0021_0001.uasset" 4774
"../../../Engine/Content/EngineMaterials/Substrate/GLints/dict_16_192_64_0p5_0p02_0021_0002.uasset" 4775
"../../../Engine/Content/EngineMaterials/Substrate/GLints/dict_16_192_64_0p5_0p02_0021_0003.uasset" 4776
"../../../Engine/Content/EngineMaterials/Substrate/GLints/dict_16_192_64_0p5_0p02_0021_0004.uasset" 4777
"../../../Engine/Content/EngineMaterials/Substrate/GLints/dict_16_192_64_0p5_0p02_0021_0006.uasset" 4778
"../../../Engine/Content/EngineMaterials/Substrate/GLints/dict_16_192_64_0p5_0p02_0021_0005.uasset" 4779
"../../../Engine/Content/EngineMaterials/Substrate/GLints/dict_16_192_64_0p5_0p02_0019_0007.uasset" 4780
"../../../Engine/Content/EngineMaterials/Substrate/GLints/dict_16_192_64_0p5_0p02_0021_0007.uasset" 4781
"../../../Engine/Content/EngineMaterials/Substrate/GLints/dict_16_192_64_0p5_0p02_0021_0011.uasset" 4782
"../../../Engine/Content/EngineMaterials/Substrate/GLints/dict_16_192_64_0p5_0p02_0021_0009.uasset" 4783
"../../../Engine/Content/EngineMaterials/Substrate/GLints/dict_16_192_64_0p5_0p02_0021_0008.uasset" 4784
"../../../Engine/Content/EngineMaterials/Substrate/GLints/dict_16_192_64_0p5_0p02_0021_0012.uasset" 4785
"../../../Engine/Content/EngineMaterials/Substrate/GLints/dict_16_192_64_0p5_0p02_0021_0013.uasset" 4786
"../../../Engine/Content/EngineMaterials/Substrate/GLints/dict_16_192_64_0p5_0p02_0021_0014.uasset" 4787
"../../../Engine/Content/EngineMaterials/Substrate/GLints/dict_16_192_64_0p5_0p02_0021_0010.uasset" 4788
"../../../Engine/Content/EngineMaterials/Substrate/GLints/dict_16_192_64_0p5_0p02_0022_0001.uasset" 4789
"../../../Engine/Content/EngineMaterials/Substrate/GLints/dict_16_192_64_0p5_0p02_0021_0015.uasset" 4790
"../../../Engine/Content/EngineMaterials/Substrate/GLints/dict_16_192_64_0p5_0p02_0022_0000.uasset" 4791
"../../../Engine/Content/EngineMaterials/Substrate/GLints/dict_16_192_64_0p5_0p02_0022_0002.uasset" 4792
"../../../Engine/Content/EngineMaterials/Substrate/GLints/dict_16_192_64_0p5_0p02_0022_0003.uasset" 4793
"/Engine/EngineMaterials/Substrate/GLints/dict_16_192_64_0p5_0p02_0021_0005" 4794
"/Engine/EngineMaterials/Substrate/GLints/dict_16_192_64_0p5_0p02_0021_0004" 4795
"/Engine/EngineMaterials/Substrate/GLints/dict_16_192_64_0p5_0p02_0021_0003" 4796
"/Engine/EngineMaterials/Substrate/GLints/dict_16_192_64_0p5_0p02_0021_0013" 4797
"/Engine/EngineMaterials/Substrate/GLints/dict_16_192_64_0p5_0p02_0021_0002" 4798
"/Engine/EngineMaterials/Substrate/GLints/dict_16_192_64_0p5_0p02_0021_0001" 4799
"/Engine/EngineMaterials/Substrate/GLints/dict_16_192_64_0p5_0p02_0021_0012" 4800
"/Engine/EngineMaterials/Substrate/GLints/dict_16_192_64_0p5_0p02_0021_0000" 4801
"/Engine/EngineMaterials/Substrate/GLints/dict_16_192_64_0p5_0p02_0019_0007" 4802
"/Engine/EngineMaterials/Substrate/GLints/dict_16_192_64_0p5_0p02_0020_0015" 4803
"/Engine/EngineMaterials/Substrate/GLints/dict_16_192_64_0p5_0p02_0020_0014" 4804
"/Engine/EngineMaterials/Substrate/GLints/dict_16_192_64_0p5_0p02_0020_0013" 4805
"/Engine/EngineMaterials/Substrate/GLints/dict_16_192_64_0p5_0p02_0020_0012" 4806
"/Engine/EngineMaterials/Substrate/GLints/dict_16_192_64_0p5_0p02_0020_0011" 4807
"/Engine/EngineMaterials/Substrate/GLints/dict_16_192_64_0p5_0p02_0020_0010" 4808
"/Engine/EngineMaterials/Substrate/GLints/dict_16_192_64_0p5_0p02_0020_0005" 4809
"/Engine/EngineMaterials/Substrate/GLints/dict_16_192_64_0p5_0p02_0022_0003" 4810
"/Engine/EngineMaterials/Substrate/GLints/dict_16_192_64_0p5_0p02_0020_0009" 4811
"/Engine/EngineMaterials/Substrate/GLints/dict_16_192_64_0p5_0p02_0022_0002" 4812
"/Engine/EngineMaterials/Substrate/GLints/dict_16_192_64_0p5_0p02_0022_0001" 4813
"/Engine/EngineMaterials/Substrate/GLints/dict_16_192_64_0p5_0p02_0021_0011" 4814
"/Engine/EngineMaterials/Substrate/GLints/dict_16_192_64_0p5_0p02_0022_0000" 4815
"/Engine/EngineMaterials/Substrate/GLints/dict_16_192_64_0p5_0p02_0021_0015" 4816
"/Engine/EngineMaterials/Substrate/GLints/dict_16_192_64_0p5_0p02_0020_0008" 4817
"/Engine/EngineMaterials/Substrate/GLints/dict_16_192_64_0p5_0p02_0016_0014" 4818
"/Engine/EngineMaterials/Substrate/GLints/dict_16_192_64_0p5_0p02_0020_0007" 4819
"/Engine/EngineMaterials/Substrate/GLints/dict_16_192_64_0p5_0p02_0021_0010" 4820
"/Engine/EngineMaterials/Substrate/GLints/dict_16_192_64_0p5_0p02_0021_0009" 4821
"/Engine/EngineMaterials/Substrate/GLints/dict_16_192_64_0p5_0p02_0021_0008" 4822
"/Engine/EngineMaterials/Substrate/GLints/dict_16_192_64_0p5_0p02_0021_0007" 4823
"/Engine/EngineMaterials/Substrate/GLints/dict_16_192_64_0p5_0p02_0021_0014" 4824
"/Engine/EngineMaterials/Substrate/GLints/dict_16_192_64_0p5_0p02_0021_0006" 4825
"../../../Engine/Content/EngineMaterials/Substrate/GLints/dict_16_192_64_0p5_0p02_0022_0004.uasset" 4826
"../../../Engine/Content/EngineMaterials/Substrate/GLints/dict_16_192_64_0p5_0p02_0022_0005.uasset" 4827
"/Engine/EngineMaterials/Substrate/GLints/dict_16_192_64_0p5_0p02_0022_0005" 4828
"/Engine/EngineMaterials/Substrate/GLints/dict_16_192_64_0p5_0p02_0022_0004" 4829
"../../../Engine/Content/EngineMaterials/Substrate/GLints/dict_16_192_64_0p5_0p02_0022_0006.uasset" 4830
"../../../Engine/Content/EngineMaterials/Substrate/GLints/dict_16_192_64_0p5_0p02_0022_0007.uasset" 4831
"../../../Engine/Content/EngineMaterials/Substrate/GLints/dict_16_192_64_0p5_0p02_0022_0008.uasset" 4832
"/Engine/EngineMaterials/Substrate/GLints/dict_16_192_64_0p5_0p02_0022_0007" 4833
"/Engine/EngineMaterials/Substrate/GLints/dict_16_192_64_0p5_0p02_0022_0006" 4834
"/Engine/EngineMaterials/Substrate/GLints/dict_16_192_64_0p5_0p02_0022_0008" 4835
"../../../Engine/Content/EngineMaterials/Substrate/GLints/dict_16_192_64_0p5_0p02_0022_0009.uasset" 4836
"/Engine/EngineMaterials/Substrate/GLints/dict_16_192_64_0p5_0p02_0022_0009" 4837
"../../../Engine/Content/EngineMaterials/Substrate/GLints/dict_16_192_64_0p5_0p02_0022_0010.uasset" 4838
"../../../Engine/Content/EngineMaterials/Substrate/GLints/dict_16_192_64_0p5_0p02_0022_0011.uasset" 4839
"../../../Engine/Content/EngineMaterials/Substrate/GLints/dict_16_192_64_0p5_0p02_0022_0014.uasset" 4840
"../../../Engine/Content/EngineMaterials/Substrate/GLints/dict_16_192_64_0p5_0p02_0022_0013.uasset" 4841
"../../../Engine/Content/EngineMaterials/Substrate/GLints/dict_16_192_64_0p5_0p02_0023_0000.uasset" 4842
"../../../Engine/Content/EngineMaterials/Substrate/GLints/dict_16_192_64_0p5_0p02_0023_0001.uasset" 4843
"../../../Engine/Content/EngineMaterials/Substrate/GLints/dict_16_192_64_0p5_0p02_0023_0003.uasset" 4844
"../../../Engine/Content/EngineMaterials/Substrate/GLints/dict_16_192_64_0p5_0p02_0023_0002.uasset" 4845
"../../../Engine/Content/EngineMaterials/Substrate/GLints/dict_16_192_64_0p5_0p02_0022_0012.uasset" 4846
"/Engine/EngineMaterials/Substrate/GLints/dict_16_192_64_0p5_0p02_0023_0003" 4847
"../../../Engine/Content/EngineMaterials/Substrate/GLints/dict_16_192_64_0p5_0p02_0022_0015.uasset" 4848
"/Engine/EngineMaterials/Substrate/GLints/dict_16_192_64_0p5_0p02_0023_0002" 4849
"/Engine/EngineMaterials/Substrate/GLints/dict_16_192_64_0p5_0p02_0023_0001" 4850
"/Engine/EngineMaterials/Substrate/GLints/dict_16_192_64_0p5_0p02_0023_0000" 4851
"/Engine/EngineMaterials/Substrate/GLints/dict_16_192_64_0p5_0p02_0022_0014" 4852
"/Engine/EngineMaterials/Substrate/GLints/dict_16_192_64_0p5_0p02_0022_0013" 4853
"../../../Engine/Content/EngineMaterials/Substrate/GLints/dict_16_192_64_0p5_0p02_0023_0005.uasset" 4854
"/Engine/EngineMaterials/Substrate/GLints/dict_16_192_64_0p5_0p02_0022_0012" 4855
"../../../Engine/Content/EngineMaterials/Substrate/GLints/dict_16_192_64_0p5_0p02_0023_0004.uasset" 4856
"/Engine/EngineMaterials/Substrate/GLints/dict_16_192_64_0p5_0p02_0022_0011" 4857
"/Engine/EngineMaterials/Substrate/GLints/dict_16_192_64_0p5_0p02_0022_0010" 4858
"/Engine/EngineMaterials/Substrate/GLints/dict_16_192_64_0p5_0p02_0023_0005" 4859
"/Engine/EngineMaterials/Substrate/GLints/dict_16_192_64_0p5_0p02_0023_0004" 4860
"../../../Engine/Content/EngineMaterials/Substrate/GLints/dict_16_192_64_0p5_0p02_0023_0007.uasset" 4861
"/Engine/EngineMaterials/Substrate/GLints/dict_16_192_64_0p5_0p02_0022_0015" 4862
"../../../Engine/Content/EngineMaterials/Substrate/GLints/dict_16_192_64_0p5_0p02_0023_0006.uasset" 4863
"/Engine/EngineMaterials/Substrate/GLints/dict_16_192_64_0p5_0p02_0023_0007" 4864
"../../../Engine/Content/EngineMaterials/Substrate/GLints/dict_16_192_64_0p5_0p02_0023_0012.uasset" 4865
"../../../Engine/Content/EngineMaterials/Substrate/GLints/dict_16_192_64_0p5_0p02_0023_0009.uasset" 4866
"../../../Engine/Content/EngineMaterials/Substrate/GLints/dict_16_192_64_0p5_0p02_0023_0008.uasset" 4867
"/Engine/EngineMaterials/Substrate/GLints/dict_16_192_64_0p5_0p02_0023_0006" 4868
"../../../Engine/Content/EngineMaterials/Substrate/GLints/dict_16_192_64_0p5_0p02_0023_0011.uasset" 4869
"../../../Engine/Content/EngineMaterials/Substrate/GLints/dict_16_192_64_0p5_0p02_0023_0010.uasset" 4870
"/Engine/EngineMaterials/Substrate/GLints/dict_16_192_64_0p5_0p02_0023_0012" 4871
"/Engine/EngineMaterials/Substrate/GLints/dict_16_192_64_0p5_0p02_0023_0011" 4872
"/Engine/EngineMaterials/Substrate/GLints/dict_16_192_64_0p5_0p02_0023_0010" 4873
"/Engine/EngineMaterials/Substrate/GLints/dict_16_192_64_0p5_0p02_0023_0009" 4874
"/Engine/EngineMaterials/Substrate/GLints/dict_16_192_64_0p5_0p02_0023_0008" 4875
"../../../Engine/Content/EngineMaterials/Substrate/GLints/dict_16_192_64_0p5_0p02_0023_0013.uasset" 4876
"../../../Engine/Content/EngineMaterials/Substrate/GLints/dict_16_192_64_0p5_0p02_0023_0015.uasset" 4877
"../../../Engine/Content/EngineMaterials/Substrate/GLints/dict_16_192_64_0p5_0p02_0023_0014.uasset" 4878
"../../../Engine/Content/EngineMaterials/Substrate/GLints/dict_16_192_64_0p5_0p02_0024_0001.uasset" 4879
"../../../Engine/Content/EngineMaterials/Substrate/GLints/dict_16_192_64_0p5_0p02_0024_0003.uasset" 4880
"../../../Engine/Content/EngineMaterials/Substrate/GLints/dict_16_192_64_0p5_0p02_0024_0004.uasset" 4881
"../../../Engine/Content/EngineMaterials/Substrate/GLints/dict_16_192_64_0p5_0p02_0024_0000.uasset" 4882
"../../../Engine/Content/EngineMaterials/Substrate/GLints/dict_16_192_64_0p5_0p02_0024_0002.uasset" 4883
"../../../Engine/Content/EngineMaterials/Substrate/GLints/dict_16_192_64_0p5_0p02_0024_0005.uasset" 4884
"../../../Engine/Content/EngineMaterials/Substrate/GLints/dict_16_192_64_0p5_0p02_0024_0007.uasset" 4885
"../../../Engine/Content/EngineMaterials/Substrate/GLints/dict_16_192_64_0p5_0p02_0024_0008.uasset" 4886
"/Engine/EngineMaterials/Substrate/GLints/dict_16_192_64_0p5_0p02_0024_0003" 4887
"/Engine/EngineMaterials/Substrate/GLints/dict_16_192_64_0p5_0p02_0024_0002" 4888
"/Engine/EngineMaterials/Substrate/GLints/dict_16_192_64_0p5_0p02_0024_0001" 4889
"../../../Engine/Content/EngineMaterials/Substrate/GLints/dict_16_192_64_0p5_0p02_0024_0006.uasset" 4890
"/Engine/EngineMaterials/Substrate/GLints/dict_16_192_64_0p5_0p02_0024_0000" 4891
"/Engine/EngineMaterials/Substrate/GLints/dict_16_192_64_0p5_0p02_0023_0015" 4892
"/Engine/EngineMaterials/Substrate/GLints/dict_16_192_64_0p5_0p02_0023_0014" 4893
"../../../Engine/Content/EngineMaterials/Substrate/GLints/dict_16_192_64_0p5_0p02_0024_0009.uasset" 4894
"../../../Engine/Content/EngineMaterials/Substrate/GLints/dict_16_192_64_0p5_0p02_0024_0010.uasset" 4895
"../../../Engine/Content/EngineMaterials/Substrate/GLints/dict_16_192_64_0p5_0p02_0024_0015.uasset" 4896
"../../../Engine/Content/EngineMaterials/Substrate/GLints/dict_16_192_64_0p5_0p02_0024_0013.uasset" 4897
"/Engine/EngineMaterials/Substrate/GLints/dict_16_192_64_0p5_0p02_0023_0013" 4898
"../../../Engine/Content/EngineMaterials/Substrate/GLints/dict_16_192_64_0p5_0p02_0025_0000.uasset" 4899
"/Engine/EngineMaterials/Substrate/GLints/dict_16_192_64_0p5_0p02_0024_0007" 4900
"../../../Engine/Content/EngineMaterials/Substrate/GLints/dict_16_192_64_0p5_0p02_0024_0014.uasset" 4901
"../../../Engine/Content/EngineMaterials/Substrate/GLints/dict_16_192_64_0p5_0p02_0024_0011.uasset" 4902
"/Engine/EngineMaterials/Substrate/GLints/dict_16_192_64_0p5_0p02_0024_0005" 4903
"/Engine/EngineMaterials/Substrate/GLints/dict_16_192_64_0p5_0p02_0024_0004" 4904
"/Engine/EngineMaterials/Substrate/GLints/dict_16_192_64_0p5_0p02_0025_0000" 4905
"/Engine/EngineMaterials/Substrate/GLints/dict_16_192_64_0p5_0p02_0024_0015" 4906
"../../../Engine/Content/EngineMaterials/Substrate/GLints/dict_16_192_64_0p5_0p02_0024_0012.uasset" 4907
"/Engine/EngineMaterials/Substrate/GLints/dict_16_192_64_0p5_0p02_0024_0014" 4908
"/Engine/EngineMaterials/Substrate/GLints/dict_16_192_64_0p5_0p02_0024_0013" 4909
"/Engine/EngineMaterials/Substrate/GLints/dict_16_192_64_0p5_0p02_0024_0011" 4910
"/Engine/EngineMaterials/Substrate/GLints/dict_16_192_64_0p5_0p02_0024_0010" 4911
"/Engine/EngineMaterials/Substrate/GLints/dict_16_192_64_0p5_0p02_0024_0009" 4912
"/Engine/EngineMaterials/Substrate/GLints/dict_16_192_64_0p5_0p02_0024_0008" 4913
"/Engine/EngineMaterials/Substrate/GLints/dict_16_192_64_0p5_0p02_0024_0006" 4914
"/Engine/EngineMaterials/Substrate/GLints/dict_16_192_64_0p5_0p02_0024_0012" 4915
"../../../Engine/Content/EngineMaterials/Substrate/GLints/dict_16_192_64_0p5_0p02_0025_0003.uasset" 4916
"../../../Engine/Content/EngineMaterials/Substrate/GLints/dict_16_192_64_0p5_0p02_0025_0002.uasset" 4917
"../../../Engine/Content/EngineMaterials/Substrate/GLints/dict_16_192_64_0p5_0p02_0025_0005.uasset" 4918
"../../../Engine/Content/EngineMaterials/Substrate/GLints/dict_16_192_64_0p5_0p02_0025_0007.uasset" 4919
"../../../Engine/Content/EngineMaterials/Substrate/GLints/dict_16_192_64_0p5_0p02_0025_0004.uasset" 4920
"../../../Engine/Content/EngineMaterials/Substrate/GLints/dict_16_192_64_0p5_0p02_0025_0001.uasset" 4921
"../../../Engine/Content/EngineMaterials/Substrate/GLints/dict_16_192_64_0p5_0p02_0025_0008.uasset" 4922
"../../../Engine/Content/EngineMaterials/Substrate/GLints/dict_16_192_64_0p5_0p02_0025_0009.uasset" 4923
"../../../Engine/Content/EngineMaterials/Substrate/GLints/dict_16_192_64_0p5_0p02_0025_0006.uasset" 4924
"../../../Engine/Content/EngineMaterials/Substrate/GLints/dict_16_192_64_0p5_0p02_0025_0012.uasset" 4925
"../../../Engine/Content/EngineMaterials/Substrate/GLints/dict_16_192_64_0p5_0p02_0025_0014.uasset" 4926
"../../../Engine/Content/EngineMaterials/Substrate/GLints/dict_16_192_64_0p5_0p02_0025_0010.uasset" 4927
"../../../Engine/Content/EngineMaterials/Substrate/GLints/dict_16_192_64_0p5_0p02_0025_0013.uasset" 4928
"../../../Engine/Content/EngineMaterials/Substrate/GLints/dict_16_192_64_0p5_0p02_0026_0002.uasset" 4929
"../../../Engine/Content/EngineMaterials/Substrate/GLints/dict_16_192_64_0p5_0p02_0025_0011.uasset" 4930
"../../../Engine/Content/EngineMaterials/Substrate/GLints/dict_16_192_64_0p5_0p02_0026_0004.uasset" 4931
"../../../Engine/Content/EngineMaterials/Substrate/GLints/dict_16_192_64_0p5_0p02_0026_0000.uasset" 4932
"../../../Engine/Content/EngineMaterials/Substrate/GLints/dict_16_192_64_0p5_0p02_0026_0005.uasset" 4933
"../../../Engine/Content/EngineMaterials/Substrate/GLints/dict_16_192_64_0p5_0p02_0026_0003.uasset" 4934
"../../../Engine/Content/EngineMaterials/Substrate/GLints/dict_16_192_64_0p5_0p02_0026_0001.uasset" 4935
"../../../Engine/Content/EngineMaterials/Substrate/GLints/dict_16_192_64_0p5_0p02_0026_0006.uasset" 4936
"../../../Engine/Content/EngineMaterials/Substrate/GLints/dict_16_192_64_0p5_0p02_0026_0007.uasset" 4937
"../../../Engine/Content/EngineMaterials/Substrate/GLints/dict_16_192_64_0p5_0p02_0026_0009.uasset" 4938
"../../../Engine/Content/EngineMaterials/Substrate/GLints/dict_16_192_64_0p5_0p02_0025_0015.uasset" 4939
"../../../Engine/Content/EngineMaterials/Substrate/GLints/dict_16_192_64_0p5_0p02_0026_0010.uasset" 4940
"../../../Engine/Content/EngineMaterials/Substrate/GLints/dict_16_192_64_0p5_0p02_0026_0012.uasset" 4941
"../../../Engine/Content/EngineMaterials/Substrate/GLints/dict_16_192_64_0p5_0p02_0026_0011.uasset" 4942
"../../../Engine/Content/EngineMaterials/Substrate/GLints/dict_16_192_64_0p5_0p02_0026_0013.uasset" 4943
"../../../Engine/Content/EngineMaterials/Substrate/GLints/dict_16_192_64_0p5_0p02_0026_0008.uasset" 4944
"../../../Engine/Content/EngineMaterials/Substrate/GLints/dict_16_192_64_0p5_0p02_0026_0014.uasset" 4945
"../../../Engine/Content/EngineMaterials/Substrate/GLints/dict_16_192_64_0p5_0p02_0027_0000.uasset" 4946
"../../../Engine/Content/EngineMaterials/Substrate/GLints/dict_16_192_64_0p5_0p02_0026_0015.uasset" 4947
"/Engine/EngineMaterials/Substrate/GLints/dict_16_192_64_0p5_0p02_0026_0006" 4948
"/Engine/EngineMaterials/Substrate/GLints/dict_16_192_64_0p5_0p02_0026_0005" 4949
"/Engine/EngineMaterials/Substrate/GLints/dict_16_192_64_0p5_0p02_0026_0004" 4950
"/Engine/EngineMaterials/Substrate/GLints/dict_16_192_64_0p5_0p02_0026_0003" 4951
"/Engine/EngineMaterials/Substrate/GLints/dict_16_192_64_0p5_0p02_0026_0002" 4952
"/Engine/EngineMaterials/Substrate/GLints/dict_16_192_64_0p5_0p02_0026_0001" 4953
"/Engine/EngineMaterials/Substrate/GLints/dict_16_192_64_0p5_0p02_0026_0000" 4954
"/Engine/EngineMaterials/Substrate/GLints/dict_16_192_64_0p5_0p02_0025_0012" 4955
"/Engine/EngineMaterials/Substrate/GLints/dict_16_192_64_0p5_0p02_0025_0011" 4956
"/Engine/EngineMaterials/Substrate/GLints/dict_16_192_64_0p5_0p02_0025_0010" 4957
"/Engine/EngineMaterials/Substrate/GLints/dict_16_192_64_0p5_0p02_0025_0009" 4958
"/Engine/EngineMaterials/Substrate/GLints/dict_16_192_64_0p5_0p02_0025_0008" 4959
"/Engine/EngineMaterials/Substrate/GLints/dict_16_192_64_0p5_0p02_0025_0007" 4960
"/Engine/EngineMaterials/Substrate/GLints/dict_16_192_64_0p5_0p02_0025_0006" 4961
"/Engine/EngineMaterials/Substrate/GLints/dict_16_192_64_0p5_0p02_0025_0005" 4962
"/Engine/EngineMaterials/Substrate/GLints/dict_16_192_64_0p5_0p02_0025_0004" 4963
"/Engine/EngineMaterials/Substrate/GLints/dict_16_192_64_0p5_0p02_0025_0002" 4964
"/Engine/EngineMaterials/Substrate/GLints/dict_16_192_64_0p5_0p02_0025_0001" 4965
"/Engine/EngineMaterials/Substrate/GLints/dict_16_192_64_0p5_0p02_0026_0015" 4966
"/Engine/EngineMaterials/Substrate/GLints/dict_16_192_64_0p5_0p02_0026_0014" 4967
"/Engine/EngineMaterials/Substrate/GLints/dict_16_192_64_0p5_0p02_0025_0003" 4968
"/Engine/EngineMaterials/Substrate/GLints/dict_16_192_64_0p5_0p02_0026_0013" 4969
"/Engine/EngineMaterials/Substrate/GLints/dict_16_192_64_0p5_0p02_0026_0012" 4970
"/Engine/EngineMaterials/Substrate/GLints/dict_16_192_64_0p5_0p02_0027_0000" 4971
"/Engine/EngineMaterials/Substrate/GLints/dict_16_192_64_0p5_0p02_0026_0011" 4972
"/Engine/EngineMaterials/Substrate/GLints/dict_16_192_64_0p5_0p02_0026_0010" 4973
"/Engine/EngineMaterials/Substrate/GLints/dict_16_192_64_0p5_0p02_0026_0009" 4974
"/Engine/EngineMaterials/Substrate/GLints/dict_16_192_64_0p5_0p02_0026_0008" 4975
"/Engine/EngineMaterials/Substrate/GLints/dict_16_192_64_0p5_0p02_0025_0015" 4976
"/Engine/EngineMaterials/Substrate/GLints/dict_16_192_64_0p5_0p02_0026_0007" 4977
"/Engine/EngineMaterials/Substrate/GLints/dict_16_192_64_0p5_0p02_0025_0014" 4978
"/Engine/EngineMaterials/Substrate/GLints/dict_16_192_64_0p5_0p02_0025_0013" 4979
"../../../Engine/Content/EngineMaterials/Substrate/GLints/dict_16_192_64_0p5_0p02_0027_0001.uasset" 4980
"../../../Engine/Content/EngineMaterials/Substrate/GLints/dict_16_192_64_0p5_0p02_0027_0002.uasset" 4981
"../../../Engine/Content/EngineMaterials/Substrate/GLints/dict_16_192_64_0p5_0p02_0027_0003.uasset" 4982
"../../../Engine/Content/EngineMaterials/Substrate/GLints/dict_16_192_64_0p5_0p02_0027_0004.uasset" 4983
"/Engine/EngineMaterials/Substrate/GLints/dict_16_192_64_0p5_0p02_0027_0004" 4984
"/Engine/EngineMaterials/Substrate/GLints/dict_16_192_64_0p5_0p02_0027_0003" 4985
"/Engine/EngineMaterials/Substrate/GLints/dict_16_192_64_0p5_0p02_0027_0002" 4986
"/Engine/EngineMaterials/Substrate/GLints/dict_16_192_64_0p5_0p02_0027_0001" 4987
"../../../Engine/Content/EngineMaterials/Substrate/GLints/dict_16_192_64_0p5_0p02_0027_0006.uasset" 4988
"../../../Engine/Content/EngineMaterials/Substrate/GLints/dict_16_192_64_0p5_0p02_0027_0005.uasset" 4989
"../../../Engine/Content/EngineMaterials/Substrate/GLints/dict_16_192_64_0p5_0p02_0027_0007.uasset" 4990
"../../../Engine/Content/EngineMaterials/Substrate/GLints/dict_16_192_64_0p5_0p02_0027_0009.uasset" 4991
"../../../Engine/Content/EngineMaterials/Substrate/GLints/dict_16_192_64_0p5_0p02_0027_0008.uasset" 4992
"../../../Engine/Content/EngineMaterials/Substrate/GLints/dict_16_192_64_0p5_0p02_0027_0010.uasset" 4993
"../../../Engine/Content/EngineMaterials/Substrate/GLints/dict_16_192_64_0p5_0p02_0027_0012.uasset" 4994
"../../../Engine/Content/EngineMaterials/Substrate/GLints/dict_16_192_64_0p5_0p02_0027_0013.uasset" 4995
"../../../Engine/Content/EngineMaterials/Substrate/GLints/dict_16_192_64_0p5_0p02_0027_0011.uasset" 4996
"/Engine/EngineMaterials/Substrate/GLints/dict_16_192_64_0p5_0p02_0027_0013" 4997
"/Engine/EngineMaterials/Substrate/GLints/dict_16_192_64_0p5_0p02_0027_0012" 4998
"/Engine/EngineMaterials/Substrate/GLints/dict_16_192_64_0p5_0p02_0027_0011" 4999
"/Engine/EngineMaterials/Substrate/GLints/dict_16_192_64_0p5_0p02_0027_0010" 5000
"../../../Engine/Content/EngineMaterials/Substrate/GLints/dict_16_192_64_0p5_0p02_0027_0014.uasset" 5001
"/Engine/EngineMaterials/Substrate/GLints/dict_16_192_64_0p5_0p02_0027_0009" 5002
"/Engine/EngineMaterials/Substrate/GLints/dict_16_192_64_0p5_0p02_0027_0008" 5003
"/Engine/EngineMaterials/Substrate/GLints/dict_16_192_64_0p5_0p02_0027_0007" 5004
"/Engine/EngineMaterials/Substrate/GLints/dict_16_192_64_0p5_0p02_0027_0006" 5005
"../../../Engine/Content/EngineMaterials/Substrate/GLints/dict_16_192_64_0p5_0p02_0028_0001.uasset" 5006
"../../../Engine/Content/EngineMaterials/Substrate/GLints/dict_16_192_64_0p5_0p02_0028_0000.uasset" 5007
"/Engine/EngineMaterials/Substrate/GLints/dict_16_192_64_0p5_0p02_0027_0005" 5008
"/Engine/EngineMaterials/Substrate/GLints/dict_16_192_64_0p5_0p02_0028_0001" 5009
"/Engine/EngineMaterials/Substrate/GLints/dict_16_192_64_0p5_0p02_0028_0000" 5010
"/Engine/EngineMaterials/Substrate/GLints/dict_16_192_64_0p5_0p02_0027_0014" 5011
"../../../Engine/Content/EngineMaterials/Substrate/GLints/dict_16_192_64_0p5_0p02_0027_0015.uasset" 5012
"../../../Engine/Content/EngineMaterials/Substrate/GLints/dict_16_192_64_0p5_0p02_0028_0002.uasset" 5013
"../../../Engine/Content/EngineMaterials/Substrate/GLints/dict_16_192_64_0p5_0p02_0028_0003.uasset" 5014
"../../../Engine/Content/EngineMaterials/Substrate/GLints/dict_16_192_64_0p5_0p02_0028_0005.uasset" 5015
"../../../Engine/Content/EngineMaterials/Substrate/GLints/dict_16_192_64_0p5_0p02_0028_0006.uasset" 5016
"../../../Engine/Content/EngineMaterials/Substrate/GLints/dict_16_192_64_0p5_0p02_0028_0004.uasset" 5017
"../../../Engine/Content/EngineMaterials/Substrate/GLints/dict_16_192_64_0p5_0p02_0028_0007.uasset" 5018
"../../../Engine/Content/EngineMaterials/Substrate/GLints/dict_16_192_64_0p5_0p02_0028_0008.uasset" 5019
"../../../Engine/Content/EngineMaterials/Substrate/GLints/dict_16_192_64_0p5_0p02_0028_0009.uasset" 5020
"../../../Engine/Content/EngineMaterials/Substrate/GLints/dict_16_192_64_0p5_0p02_0028_0010.uasset" 5021
"../../../Engine/Content/EngineMaterials/Substrate/GLints/dict_16_192_64_0p5_0p02_0028_0015.uasset" 5022
"../../../Engine/Content/EngineMaterials/Substrate/GLints/dict_16_192_64_0p5_0p02_0028_0012.uasset" 5023
"../../../Engine/Content/EngineMaterials/Substrate/GLints/dict_16_192_64_0p5_0p02_0029_0000.uasset" 5024
"../../../Engine/Content/EngineMaterials/Substrate/GLints/dict_16_192_64_0p5_0p02_0028_0013.uasset" 5025
"../../../Engine/Content/EngineMaterials/Substrate/GLints/dict_16_192_64_0p5_0p02_0029_0001.uasset" 5026
"../../../Engine/Content/EngineMaterials/Substrate/GLints/dict_16_192_64_0p5_0p02_0028_0011.uasset" 5027
"../../../Engine/Content/EngineMaterials/Substrate/GLints/dict_16_192_64_0p5_0p02_0029_0002.uasset" 5028
"/Engine/EngineMaterials/Substrate/GLints/dict_16_192_64_0p5_0p02_0029_0000" 5029
"/Engine/EngineMaterials/Substrate/GLints/dict_16_192_64_0p5_0p02_0028_0015" 5030
"/Engine/EngineMaterials/Substrate/GLints/dict_16_192_64_0p5_0p02_0028_0013" 5031
"/Engine/EngineMaterials/Substrate/GLints/dict_16_192_64_0p5_0p02_0028_0012" 5032
"/Engine/EngineMaterials/Substrate/GLints/dict_16_192_64_0p5_0p02_0028_0011" 5033
"/Engine/EngineMaterials/Substrate/GLints/dict_16_192_64_0p5_0p02_0028_0010" 5034
"/Engine/EngineMaterials/Substrate/GLints/dict_16_192_64_0p5_0p02_0028_0009" 5035
"../../../Engine/Content/EngineMaterials/Substrate/GLints/dict_16_192_64_0p5_0p02_0029_0006.uasset" 5036
"/Engine/EngineMaterials/Substrate/GLints/dict_16_192_64_0p5_0p02_0028_0008" 5037
"/Engine/EngineMaterials/Substrate/GLints/dict_16_192_64_0p5_0p02_0028_0007" 5038
"/Engine/EngineMaterials/Substrate/GLints/dict_16_192_64_0p5_0p02_0028_0006" 5039
"/Engine/EngineMaterials/Substrate/GLints/dict_16_192_64_0p5_0p02_0028_0005" 5040
"/Engine/EngineMaterials/Substrate/GLints/dict_16_192_64_0p5_0p02_0028_0004" 5041
"/Engine/EngineMaterials/Substrate/GLints/dict_16_192_64_0p5_0p02_0028_0003" 5042
"../../../Engine/Content/EngineMaterials/Substrate/GLints/dict_16_192_64_0p5_0p02_0029_0007.uasset" 5043
"/Engine/EngineMaterials/Substrate/GLints/dict_16_192_64_0p5_0p02_0028_0002" 5044
"../../../Engine/Content/EngineMaterials/Substrate/GLints/dict_16_192_64_0p5_0p02_0029_0009.uasset" 5045
"../../../Engine/Content/EngineMaterials/Substrate/GLints/dict_16_192_64_0p5_0p02_0029_0008.uasset" 5046
"/Engine/EngineMaterials/Substrate/GLints/dict_16_192_64_0p5_0p02_0027_0015" 5047
"/Engine/EngineMaterials/Substrate/GLints/dict_16_192_64_0p5_0p02_0029_0002" 5048
"/Engine/EngineMaterials/Substrate/GLints/dict_16_192_64_0p5_0p02_0029_0001" 5049
"../../../Engine/Content/EngineMaterials/Substrate/GLints/dict_16_192_64_0p5_0p02_0029_0011.uasset" 5050
"/Engine/EngineMaterials/Substrate/GLints/dict_16_192_64_0p5_0p02_0029_0011" 5051
"../../../Engine/Content/EngineMaterials/Substrate/GLints/dict_16_192_64_0p5_0p02_0029_0004.uasset" 5052
"/Engine/EngineMaterials/Substrate/GLints/dict_16_192_64_0p5_0p02_0029_0009" 5053
"/Engine/EngineMaterials/Substrate/GLints/dict_16_192_64_0p5_0p02_0029_0008" 5054
"/Engine/EngineMaterials/Substrate/GLints/dict_16_192_64_0p5_0p02_0029_0007" 5055
"/Engine/EngineMaterials/Substrate/GLints/dict_16_192_64_0p5_0p02_0029_0006" 5056
"/Engine/EngineMaterials/Substrate/GLints/dict_16_192_64_0p5_0p02_0029_0004" 5057
"../../../Engine/Content/EngineMaterials/Substrate/GLints/dict_16_192_64_0p5_0p02_0029_0013.uasset" 5058
"/Engine/EngineMaterials/Substrate/GLints/dict_16_192_64_0p5_0p02_0029_0013" 5059
"../../../Engine/Content/EngineMaterials/Substrate/GLints/dict_16_192_64_0p5_0p02_0029_0014.uasset" 5060
"../../../Engine/Content/EngineMaterials/Substrate/GLints/dict_16_192_64_0p5_0p02_0028_0014.uasset" 5061
"../../../Engine/Content/EngineMaterials/Substrate/GLints/dict_16_192_64_0p5_0p02_0029_0003.uasset" 5062
"../../../Engine/Content/EngineMaterials/Substrate/GLints/dict_16_192_64_0p5_0p02_0030_0000.uasset" 5063
"../../../Engine/Content/EngineMaterials/Substrate/GLints/dict_16_192_64_0p5_0p02_0030_0003.uasset" 5064
"../../../Engine/Content/EngineMaterials/Substrate/GLints/dict_16_192_64_0p5_0p02_0030_0001.uasset" 5065
"../../../Engine/Content/EngineMaterials/Substrate/GLints/dict_16_192_64_0p5_0p02_0030_0004.uasset" 5066
"../../../Engine/Content/EngineMaterials/Substrate/GLints/dict_16_192_64_0p5_0p02_0029_0005.uasset" 5067
"../../../Engine/Content/EngineMaterials/Substrate/GLints/dict_16_192_64_0p5_0p02_0030_0005.uasset" 5068
"../../../Engine/Content/EngineMaterials/Substrate/GLints/dict_16_192_64_0p5_0p02_0029_0010.uasset" 5069
"/Engine/EngineMaterials/Substrate/GLints/dict_16_192_64_0p5_0p02_0028_0014" 5070
"../../../Engine/Content/EngineMaterials/Substrate/GLints/dict_16_192_64_0p5_0p02_0030_0008.uasset" 5071
"/Engine/EngineMaterials/Substrate/GLints/dict_16_192_64_0p5_0p02_0030_0005" 5072
"/Engine/EngineMaterials/Substrate/GLints/dict_16_192_64_0p5_0p02_0030_0004" 5073
"../../../Engine/Content/EngineMaterials/Substrate/GLints/dict_16_192_64_0p5_0p02_0030_0006.uasset" 5074
"/Engine/EngineMaterials/Substrate/GLints/dict_16_192_64_0p5_0p02_0030_0000" 5075
"/Engine/EngineMaterials/Substrate/GLints/dict_16_192_64_0p5_0p02_0030_0003" 5076
"/Engine/EngineMaterials/Substrate/GLints/dict_16_192_64_0p5_0p02_0029_0014" 5077
"/Engine/EngineMaterials/Substrate/GLints/dict_16_192_64_0p5_0p02_0029_0010" 5078
"/Engine/EngineMaterials/Substrate/GLints/dict_16_192_64_0p5_0p02_0029_0005" 5079
"/Engine/EngineMaterials/Substrate/GLints/dict_16_192_64_0p5_0p02_0029_0003" 5080
"../../../Engine/Content/EngineMaterials/Substrate/GLints/dict_16_192_64_0p5_0p02_0030_0010.uasset" 5081
"../../../Engine/Content/EngineMaterials/Substrate/GLints/dict_16_192_64_0p5_0p02_0030_0009.uasset" 5082
"/Engine/EngineMaterials/Substrate/GLints/dict_16_192_64_0p5_0p02_0030_0001" 5083
"../../../Engine/Content/EngineMaterials/Substrate/GLints/dict_16_192_64_0p5_0p02_0029_0012.uasset" 5084
"/Engine/EngineMaterials/Substrate/GLints/dict_16_192_64_0p5_0p02_0030_0010" 5085
"/Engine/EngineMaterials/Substrate/GLints/dict_16_192_64_0p5_0p02_0030_0009" 5086
"../../../Engine/Content/EngineMaterials/Substrate/GLints/dict_16_192_64_0p5_0p02_0030_0011.uasset" 5087
"/Engine/EngineMaterials/Substrate/GLints/dict_16_192_64_0p5_0p02_0030_0008" 5088
"../../../Engine/Content/EngineMaterials/Substrate/GLints/dict_16_192_64_0p5_0p02_0030_0012.uasset" 5089
"/Engine/EngineMaterials/Substrate/GLints/dict_16_192_64_0p5_0p02_0030_0006" 5090
"../../../Engine/Content/EngineMaterials/Substrate/GLints/dict_16_192_64_0p5_0p02_0029_0015.uasset" 5091
"/Engine/EngineMaterials/Substrate/GLints/dict_16_192_64_0p5_0p02_0029_0012" 5092
"/Engine/EngineMaterials/Substrate/GLints/dict_16_192_64_0p5_0p02_0030_0012" 5093
"/Engine/EngineMaterials/Substrate/GLints/dict_16_192_64_0p5_0p02_0030_0011" 5094
"/Engine/EngineMaterials/Substrate/GLints/dict_16_192_64_0p5_0p02_0029_0015" 5095
"../../../Engine/Content/EngineMaterials/Substrate/GLints/dict_16_192_64_0p5_0p02_0030_0002.uasset" 5096
"../../../Engine/Content/EngineMaterials/Substrate/GLints/dict_16_192_64_0p5_0p02_0031_0000.uasset" 5097
"../../../Engine/Content/EngineMaterials/Substrate/GLints/dict_16_192_64_0p5_0p02_0030_0013.uasset" 5098
"../../../Engine/Content/EngineMaterials/Substrate/GLints/dict_16_192_64_0p5_0p02_0031_0001.uasset" 5099
"../../../Engine/Content/EngineMaterials/Substrate/GLints/dict_16_192_64_0p5_0p02_0030_0014.uasset" 5100
"../../../Engine/Content/EngineMaterials/Substrate/GLints/dict_16_192_64_0p5_0p02_0031_0004.uasset" 5101
"../../../Engine/Content/EngineMaterials/Substrate/GLints/dict_16_192_64_0p5_0p02_0031_0002.uasset" 5102
"../../../Engine/Content/EngineMaterials/Substrate/GLints/dict_16_192_64_0p5_0p02_0031_0006.uasset" 5103
"../../../Engine/Content/EngineMaterials/Substrate/GLints/dict_16_192_64_0p5_0p02_0031_0007.uasset" 5104
"../../../Engine/Content/EngineMaterials/Substrate/GLints/dict_16_192_64_0p5_0p02_0031_0005.uasset" 5105
"../../../Engine/Content/EngineMaterials/Substrate/GLints/dict_16_192_64_0p5_0p02_0030_0015.uasset" 5106
"../../../Engine/Content/EngineMaterials/Substrate/GLints/dict_16_192_64_0p5_0p02_0031_0010.uasset" 5107
"../../../Engine/Content/EngineMaterials/Substrate/GLints/dict_16_192_64_0p5_0p02_0031_0003.uasset" 5108
"/Engine/EngineMaterials/Substrate/GLints/dict_16_192_64_0p5_0p02_0031_0001" 5109
"../../../Engine/Content/EngineMaterials/Substrate/GLints/dict_16_192_64_0p5_0p02_0030_0007.uasset" 5110
"/Engine/EngineMaterials/Substrate/GLints/dict_16_192_64_0p5_0p02_0031_0000" 5111
"/Engine/EngineMaterials/Substrate/GLints/dict_16_192_64_0p5_0p02_0030_0015" 5112
"/Engine/EngineMaterials/Substrate/GLints/dict_16_192_64_0p5_0p02_0030_0014" 5113
"/Engine/EngineMaterials/Substrate/GLints/dict_16_192_64_0p5_0p02_0030_0013" 5114
"/Engine/EngineMaterials/Substrate/GLints/dict_16_192_64_0p5_0p02_0031_0006" 5115
"/Engine/EngineMaterials/Substrate/GLints/dict_16_192_64_0p5_0p02_0031_0005" 5116
"/Engine/EngineMaterials/Substrate/GLints/dict_16_192_64_0p5_0p02_0031_0004" 5117
"../../../Engine/Content/EngineMaterials/Substrate/GLints/dict_16_192_64_0p5_0p02_0031_0013.uasset" 5118
"../../../Engine/Content/EngineMaterials/Substrate/GLints/dict_16_192_64_0p5_0p02_0032_0002.uasset" 5119
"/Engine/EngineMaterials/Substrate/GLints/dict_16_192_64_0p5_0p02_0031_0002" 5120
"../../../Engine/Content/EngineMaterials/Substrate/GLints/dict_16_192_64_0p5_0p02_0031_0015.uasset" 5121
"../../../Engine/Content/EngineMaterials/Substrate/GLints/dict_16_192_64_0p5_0p02_0032_0001.uasset" 5122
"../../../Engine/Content/EngineMaterials/Substrate/GLints/dict_16_192_64_0p5_0p02_0031_0011.uasset" 5123
"/Engine/EngineMaterials/Substrate/GLints/dict_16_192_64_0p5_0p02_0031_0007" 5124
"../../../Engine/Content/EngineMaterials/Substrate/GLints/dict_16_192_64_0p5_0p02_0032_0000.uasset" 5125
"/Engine/EngineMaterials/Substrate/GLints/dict_16_192_64_0p5_0p02_0031_0010" 5126
"/Engine/EngineMaterials/Substrate/GLints/dict_16_192_64_0p5_0p02_0030_0002" 5127
"../../../Engine/Content/EngineMaterials/Substrate/GLints/dict_16_192_64_0p5_0p02_0032_0003.uasset" 5128
"/Engine/EngineMaterials/Substrate/GLints/dict_16_192_64_0p5_0p02_0032_0002" 5129
"/Engine/EngineMaterials/Substrate/GLints/dict_16_192_64_0p5_0p02_0030_0007" 5130
"../../../Engine/Content/EngineMaterials/Substrate/GLints/dict_16_192_64_0p5_0p02_0031_0012.uasset" 5131
"/Engine/EngineMaterials/Substrate/GLints/dict_16_192_64_0p5_0p02_0032_0001" 5132
"/Engine/EngineMaterials/Substrate/GLints/dict_16_192_64_0p5_0p02_0032_0000" 5133
"/Engine/EngineMaterials/Substrate/GLints/dict_16_192_64_0p5_0p02_0031_0015" 5134
"../../../Engine/Content/EngineMaterials/Substrate/GLints/dict_16_192_64_0p5_0p02_0031_0014.uasset" 5135
"/Engine/EngineMaterials/Substrate/GLints/dict_16_192_64_0p5_0p02_0031_0013" 5136
"/Engine/EngineMaterials/Substrate/GLints/dict_16_192_64_0p5_0p02_0032_0003" 5137
"/Engine/EngineMaterials/Substrate/GLints/dict_16_192_64_0p5_0p02_0031_0003" 5138
"../../../Engine/Content/EngineMaterials/Substrate/GLints/dict_16_192_64_0p5_0p02_0031_0009.uasset" 5139
"/Engine/EngineMaterials/Substrate/GLints/dict_16_192_64_0p5_0p02_0031_0011" 5140
"/Engine/EngineMaterials/Substrate/GLints/dict_16_192_64_0p5_0p02_0031_0014" 5141
"/Engine/EngineMaterials/Substrate/GLints/dict_16_192_64_0p5_0p02_0031_0012" 5142
"/Engine/EngineMaterials/Substrate/GLints/dict_16_192_64_0p5_0p02_0031_0009" 5143
"../../../Engine/Content/EngineMaterials/Substrate/GLints/dict_16_192_64_0p5_0p02_0031_0008.uasset" 5144
"../../../Engine/Content/EngineMaterials/Substrate/GLints/dict_16_192_64_0p5_0p02_0032_0010.uasset" 5145
"../../../Engine/Content/EngineMaterials/Substrate/GLints/dict_16_192_64_0p5_0p02_0032_0009.uasset" 5146
"../../../Engine/Content/EngineMaterials/Substrate/GLints/dict_16_192_64_0p5_0p02_0032_0007.uasset" 5147
"../../../Engine/Content/EngineMaterials/Substrate/GLints/dict_16_192_64_0p5_0p02_0032_0005.uasset" 5148
"../../../Engine/Content/EngineMaterials/Substrate/GLints/dict_16_192_64_0p5_0p02_0032_0006.uasset" 5149
"../../../Engine/Content/EngineMaterials/Substrate/GLints/dict_16_192_64_0p5_0p02_0032_0008.uasset" 5150
"../../../Engine/Content/EngineMaterials/Substrate/GLints/dict_16_192_64_0p5_0p02_0032_0013.uasset" 5151
"../../../Engine/Content/EngineMaterials/Substrate/GLints/dict_16_192_64_0p5_0p02_0032_0014.uasset" 5152
"../../../Engine/Content/EngineMaterials/Substrate/GLints/dict_16_192_64_0p5_0p02_0032_0015.uasset" 5153
"/Engine/EngineMaterials/Substrate/GLints/dict_16_192_64_0p5_0p02_0032_0010" 5154
"../../../Engine/Content/EngineMaterials/Substrate/GLints/dict_16_192_64_0p5_0p02_0032_0004.uasset" 5155
"../../../Engine/Content/EngineMaterials/Substrate/GLints/dict_16_192_64_0p5_0p02_0033_0000.uasset" 5156
"/Engine/EngineMaterials/Substrate/GLints/dict_16_192_64_0p5_0p02_0032_0009" 5157
"../../../Engine/Content/EngineMaterials/Substrate/GLints/dict_16_192_64_0p5_0p02_0032_0011.uasset" 5158
"/Engine/EngineMaterials/Substrate/GLints/dict_16_192_64_0p5_0p02_0032_0007" 5159
"/Engine/EngineMaterials/Substrate/GLints/dict_16_192_64_0p5_0p02_0032_0006" 5160
"../../../Engine/Content/EngineMaterials/Substrate/GLints/dict_16_192_64_0p5_0p02_0032_0012.uasset" 5161
"/Engine/EngineMaterials/Substrate/GLints/dict_16_192_64_0p5_0p02_0032_0005" 5162
"../../../Engine/Content/EngineMaterials/Substrate/GLints/dict_16_192_64_0p5_0p02_0033_0005.uasset" 5163
"/Engine/EngineMaterials/Substrate/GLints/dict_16_192_64_0p5_0p02_0032_0008" 5164
"/Engine/EngineMaterials/Substrate/GLints/dict_16_192_64_0p5_0p02_0031_0008" 5165
"/Engine/EngineMaterials/Substrate/GLints/dict_16_192_64_0p5_0p02_0032_0015" 5166
"/Engine/EngineMaterials/Substrate/GLints/dict_16_192_64_0p5_0p02_0032_0014" 5167
"/Engine/EngineMaterials/Substrate/GLints/dict_16_192_64_0p5_0p02_0032_0013" 5168
"../../../Engine/Content/EngineMaterials/Substrate/GLints/dict_16_192_64_0p5_0p02_0033_0003.uasset" 5169
"/Engine/EngineMaterials/Substrate/GLints/dict_16_192_64_0p5_0p02_0033_0005" 5170
"../../../Engine/Content/EngineMaterials/Substrate/GLints/dict_16_192_64_0p5_0p02_0033_0006.uasset" 5171
"/Engine/EngineMaterials/Substrate/GLints/dict_16_192_64_0p5_0p02_0033_0003" 5172
"/Engine/EngineMaterials/Substrate/GLints/dict_16_192_64_0p5_0p02_0032_0004" 5173
"/Engine/EngineMaterials/Substrate/GLints/dict_16_192_64_0p5_0p02_0033_0000" 5174
"/Engine/EngineMaterials/Substrate/GLints/dict_16_192_64_0p5_0p02_0032_0012" 5175
"/Engine/EngineMaterials/Substrate/GLints/dict_16_192_64_0p5_0p02_0032_0011" 5176
"../../../Engine/Content/EngineMaterials/Substrate/GLints/dict_16_192_64_0p5_0p02_0033_0002.uasset" 5177
"../../../Engine/Content/EngineMaterials/Substrate/GLints/dict_16_192_64_0p5_0p02_0033_0009.uasset" 5178
"/Engine/EngineMaterials/Substrate/GLints/dict_16_192_64_0p5_0p02_0033_0006" 5179
"/Engine/EngineMaterials/Substrate/GLints/dict_16_192_64_0p5_0p02_0033_0002" 5180
"/Engine/EngineMaterials/Substrate/GLints/dict_16_192_64_0p5_0p02_0033_0009" 5181
"../../../Engine/Content/EngineMaterials/Substrate/GLints/dict_16_192_64_0p5_0p02_0033_0007.uasset" 5182
"../../../Engine/Content/EngineMaterials/Substrate/GLints/dict_16_192_64_0p5_0p02_0033_0001.uasset" 5183
"../../../Engine/Content/EngineMaterials/Substrate/GLints/dict_16_192_64_0p5_0p02_0033_0008.uasset" 5184
"../../../Engine/Content/EngineMaterials/Substrate/GLints/dict_16_192_64_0p5_0p02_0033_0013.uasset" 5185
"../../../Engine/Content/EngineMaterials/Substrate/GLints/dict_16_192_64_0p5_0p02_0033_0011.uasset" 5186
"../../../Engine/Content/EngineMaterials/Substrate/GLints/dict_16_192_64_0p5_0p02_0033_0010.uasset" 5187
"../../../Engine/Content/EngineMaterials/Substrate/GLints/dict_16_192_64_0p5_0p02_0033_0012.uasset" 5188
"../../../Engine/Content/EngineMaterials/Substrate/GLints/dict_16_192_64_0p5_0p02_0033_0015.uasset" 5189
"../../../Engine/Content/EngineMaterials/Substrate/GLints/dict_16_192_64_0p5_0p02_0033_0004.uasset" 5190
"../../../Engine/Content/EngineMaterials/Substrate/GLints/dict_16_192_64_0p5_0p02_0034_0001.uasset" 5191
"../../../Engine/Content/EngineMaterials/Substrate/GLints/dict_16_192_64_0p5_0p02_0034_0004.uasset" 5192
"../../../Engine/Content/EngineMaterials/Substrate/GLints/dict_16_192_64_0p5_0p02_0034_0000.uasset" 5193
"../../../Engine/Content/EngineMaterials/Substrate/GLints/dict_16_192_64_0p5_0p02_0034_0006.uasset" 5194
"../../../Engine/Content/EngineMaterials/Substrate/GLints/dict_16_192_64_0p5_0p02_0034_0003.uasset" 5195
"../../../Engine/Content/EngineMaterials/Substrate/GLints/dict_16_192_64_0p5_0p02_0034_0002.uasset" 5196
"/Engine/EngineMaterials/Substrate/GLints/dict_16_192_64_0p5_0p02_0033_0015" 5197
"/Engine/EngineMaterials/Substrate/GLints/dict_16_192_64_0p5_0p02_0033_0004" 5198
"/Engine/EngineMaterials/Substrate/GLints/dict_16_192_64_0p5_0p02_0033_0013" 5199
"../../../Engine/Content/EngineMaterials/Substrate/GLints/dict_16_192_64_0p5_0p02_0034_0007.uasset" 5200
"/Engine/EngineMaterials/Substrate/GLints/dict_16_192_64_0p5_0p02_0033_0012" 5201
"../../../Engine/Content/EngineMaterials/Substrate/GLints/dict_16_192_64_0p5_0p02_0034_0009.uasset" 5202
"/Engine/EngineMaterials/Substrate/GLints/dict_16_192_64_0p5_0p02_0033_0011" 5203
"/Engine/EngineMaterials/Substrate/GLints/dict_16_192_64_0p5_0p02_0034_0002" 5204
"/Engine/EngineMaterials/Substrate/GLints/dict_16_192_64_0p5_0p02_0033_0010" 5205
"/Engine/EngineMaterials/Substrate/GLints/dict_16_192_64_0p5_0p02_0034_0006" 5206
"../../../Engine/Content/EngineMaterials/Substrate/GLints/dict_16_192_64_0p5_0p02_0034_0008.uasset" 5207
"/Engine/EngineMaterials/Substrate/GLints/dict_16_192_64_0p5_0p02_0033_0001" 5208
"../../../Engine/Content/EngineMaterials/Substrate/GLints/dict_16_192_64_0p5_0p02_0034_0010.uasset" 5209
"/Engine/EngineMaterials/Substrate/GLints/dict_16_192_64_0p5_0p02_0034_0001" 5210
"/Engine/EngineMaterials/Substrate/GLints/dict_16_192_64_0p5_0p02_0033_0008" 5211
"/Engine/EngineMaterials/Substrate/GLints/dict_16_192_64_0p5_0p02_0034_0004" 5212
"/Engine/EngineMaterials/Substrate/GLints/dict_16_192_64_0p5_0p02_0033_0007" 5213
"/Engine/EngineMaterials/Substrate/GLints/dict_16_192_64_0p5_0p02_0034_0003" 5214
"../../../Engine/Content/EngineMaterials/Substrate/GLints/dict_16_192_64_0p5_0p02_0034_0014.uasset" 5215
"../../../Engine/Content/EngineMaterials/Substrate/GLints/dict_16_192_64_0p5_0p02_0034_0015.uasset" 5216
"/Engine/EngineMaterials/Substrate/GLints/dict_16_192_64_0p5_0p02_0034_0000" 5217
"/Engine/EngineMaterials/Substrate/GLints/dict_16_192_64_0p5_0p02_0034_0010" 5218
"../../../Engine/Content/EngineMaterials/Substrate/GLints/dict_16_192_64_0p5_0p02_0035_0001.uasset" 5219
"/Engine/EngineMaterials/Substrate/GLints/dict_16_192_64_0p5_0p02_0034_0009" 5220
"/Engine/EngineMaterials/Substrate/GLints/dict_16_192_64_0p5_0p02_0034_0008" 5221
"/Engine/EngineMaterials/Substrate/GLints/dict_16_192_64_0p5_0p02_0034_0007" 5222
"/Engine/EngineMaterials/Substrate/GLints/dict_16_192_64_0p5_0p02_0034_0015" 5223
"/Engine/EngineMaterials/Substrate/GLints/dict_16_192_64_0p5_0p02_0034_0014" 5224
"/Engine/EngineMaterials/Substrate/GLints/dict_16_192_64_0p5_0p02_0035_0001" 5225
"../../../Engine/Content/EngineMaterials/Substrate/GLints/dict_16_192_64_0p5_0p02_0035_0002.uasset" 5226
"../../../Engine/Content/EngineMaterials/Substrate/GLints/dict_16_192_64_0p5_0p02_0034_0011.uasset" 5227
"../../../Engine/Content/EngineMaterials/Substrate/GLints/dict_16_192_64_0p5_0p02_0035_0003.uasset" 5228
"../../../Engine/Content/EngineMaterials/Substrate/GLints/dict_16_192_64_0p5_0p02_0033_0014.uasset" 5229
"../../../Engine/Content/EngineMaterials/Substrate/GLints/dict_16_192_64_0p5_0p02_0035_0005.uasset" 5230
"../../../Engine/Content/EngineMaterials/Substrate/GLints/dict_16_192_64_0p5_0p02_0035_0004.uasset" 5231
"../../../Engine/Content/EngineMaterials/Substrate/GLints/dict_16_192_64_0p5_0p02_0034_0012.uasset" 5232
"../../../Engine/Content/EngineMaterials/Substrate/GLints/dict_16_192_64_0p5_0p02_0034_0013.uasset" 5233
"../../../Engine/Content/EngineMaterials/Substrate/GLints/dict_16_192_64_0p5_0p02_0035_0006.uasset" 5234
"../../../Engine/Content/EngineMaterials/Substrate/GLints/dict_16_192_64_0p5_0p02_0034_0005.uasset" 5235
"../../../Engine/Content/EngineMaterials/Substrate/GLints/dict_16_192_64_0p5_0p02_0035_0009.uasset" 5236
"../../../Engine/Content/EngineMaterials/Substrate/GLints/dict_16_192_64_0p5_0p02_0035_0007.uasset" 5237
"../../../Engine/Content/EngineMaterials/Substrate/GLints/dict_16_192_64_0p5_0p02_0035_0011.uasset" 5238
"../../../Engine/Content/EngineMaterials/Substrate/GLints/dict_16_192_64_0p5_0p02_0035_0000.uasset" 5239
"../../../Engine/Content/EngineMaterials/Substrate/GLints/dict_16_192_64_0p5_0p02_0035_0013.uasset" 5240
"/Engine/EngineMaterials/Substrate/GLints/dict_16_192_64_0p5_0p02_0035_0005" 5241
"/Engine/EngineMaterials/Substrate/GLints/dict_16_192_64_0p5_0p02_0035_0002" 5242
"/Engine/EngineMaterials/Substrate/GLints/dict_16_192_64_0p5_0p02_0035_0004" 5243
"/Engine/EngineMaterials/Substrate/GLints/dict_16_192_64_0p5_0p02_0034_0012" 5244
"../../../Engine/Content/EngineMaterials/Substrate/GLints/dict_16_192_64_0p5_0p02_0035_0015.uasset" 5245
"/Engine/EngineMaterials/Substrate/GLints/dict_16_192_64_0p5_0p02_0034_0011" 5246
"/Engine/EngineMaterials/Substrate/GLints/dict_16_192_64_0p5_0p02_0033_0014" 5247
"/Engine/EngineMaterials/Substrate/GLints/dict_16_192_64_0p5_0p02_0035_0000" 5248
"/Engine/EngineMaterials/Substrate/GLints/dict_16_192_64_0p5_0p02_0035_0013" 5249
"/Engine/EngineMaterials/Substrate/GLints/dict_16_192_64_0p5_0p02_0035_0003" 5250
"/Engine/EngineMaterials/Substrate/GLints/dict_16_192_64_0p5_0p02_0035_0011" 5251
"../../../Engine/Content/EngineMaterials/Substrate/GLints/dict_16_192_64_0p5_0p02_0035_0008.uasset" 5252
"/Engine/EngineMaterials/Substrate/GLints/dict_16_192_64_0p5_0p02_0034_0005" 5253
"/Engine/EngineMaterials/Substrate/GLints/dict_16_192_64_0p5_0p02_0035_0009" 5254
"../../../Engine/Content/EngineMaterials/Substrate/GLints/dict_16_192_64_0p5_0p02_0036_0002.uasset" 5255
"../../../Engine/Content/EngineMaterials/Substrate/GLints/dict_16_192_64_0p5_0p02_0035_0014.uasset" 5256
"/Engine/EngineMaterials/Substrate/GLints/dict_16_192_64_0p5_0p02_0035_0007" 5257
"/Engine/EngineMaterials/Substrate/GLints/dict_16_192_64_0p5_0p02_0034_0013" 5258
"../../../Engine/Content/EngineMaterials/Substrate/GLints/dict_16_192_64_0p5_0p02_0036_0001.uasset" 5259
"../../../Engine/Content/EngineMaterials/Substrate/GLints/dict_16_192_64_0p5_0p02_0036_0000.uasset" 5260
"/Engine/EngineMaterials/Substrate/GLints/dict_16_192_64_0p5_0p02_0035_0006" 5261
"../../../Engine/Content/EngineMaterials/Substrate/GLints/dict_16_192_64_0p5_0p02_0036_0005.uasset" 5262
"/Engine/EngineMaterials/Substrate/GLints/dict_16_192_64_0p5_0p02_0036_0002" 5263
"../../../Engine/Content/EngineMaterials/Substrate/GLints/dict_16_192_64_0p5_0p02_0036_0004.uasset" 5264
"/Engine/EngineMaterials/Substrate/GLints/dict_16_192_64_0p5_0p02_0036_0001" 5265
"/Engine/EngineMaterials/Substrate/GLints/dict_16_192_64_0p5_0p02_0036_0000" 5266
"/Engine/EngineMaterials/Substrate/GLints/dict_16_192_64_0p5_0p02_0035_0015" 5267
"../../../Engine/Content/EngineMaterials/Substrate/GLints/dict_16_192_64_0p5_0p02_0036_0003.uasset" 5268
"/Engine/EngineMaterials/Substrate/GLints/dict_16_192_64_0p5_0p02_0035_0014" 5269
"/Engine/EngineMaterials/Substrate/GLints/dict_16_192_64_0p5_0p02_0035_0008" 5270
"/Engine/EngineMaterials/Substrate/GLints/dict_16_192_64_0p5_0p02_0036_0005" 5271
"../../../Engine/Content/EngineMaterials/Substrate/GLints/dict_16_192_64_0p5_0p02_0035_0012.uasset" 5272
"/Engine/EngineMaterials/Substrate/GLints/dict_16_192_64_0p5_0p02_0036_0004" 5273
"/Engine/EngineMaterials/Substrate/GLints/dict_16_192_64_0p5_0p02_0036_0003" 5274
"/Engine/EngineMaterials/Substrate/GLints/dict_16_192_64_0p5_0p02_0035_0012" 5275
"../../../Engine/Content/EngineMaterials/Substrate/GLints/dict_16_192_64_0p5_0p02_0036_0008.uasset" 5276
"../../../Engine/Content/EngineMaterials/Substrate/GLints/dict_16_192_64_0p5_0p02_0036_0009.uasset" 5277
"../../../Engine/Content/EngineMaterials/Substrate/GLints/dict_16_192_64_0p5_0p02_0036_0006.uasset" 5278
"../../../Engine/Content/EngineMaterials/Substrate/GLints/dict_16_192_64_0p5_0p02_0036_0013.uasset" 5279
"../../../Engine/Content/EngineMaterials/Substrate/GLints/dict_16_192_64_0p5_0p02_0036_0011.uasset" 5280
"../../../Engine/Content/EngineMaterials/Substrate/GLints/dict_16_192_64_0p5_0p02_0036_0007.uasset" 5281
"../../../Engine/Content/EngineMaterials/Substrate/GLints/dict_16_192_64_0p5_0p02_0036_0012.uasset" 5282
"../../../Engine/Content/EngineMaterials/Substrate/GLints/dict_16_192_64_0p5_0p02_0036_0014.uasset" 5283
"../../../Engine/Content/EngineMaterials/Substrate/GLints/dict_16_192_64_0p5_0p02_0035_0010.uasset" 5284
"../../../Engine/Content/EngineMaterials/Substrate/GLints/dict_16_192_64_0p5_0p02_0036_0010.uasset" 5285
"../../../Engine/Content/EngineMaterials/Substrate/GLints/dict_16_192_64_0p5_0p02_0037_0000.uasset" 5286
"../../../Engine/Content/EngineMaterials/Substrate/GLints/dict_16_192_64_0p5_0p02_0036_0015.uasset" 5287
"/Engine/EngineMaterials/Substrate/GLints/dict_16_192_64_0p5_0p02_0036_0011" 5288
"../../../Engine/Content/EngineMaterials/Substrate/GLints/dict_16_192_64_0p5_0p02_0037_0003.uasset" 5289
"/Engine/EngineMaterials/Substrate/GLints/dict_16_192_64_0p5_0p02_0036_0010" 5290
"/Engine/EngineMaterials/Substrate/GLints/dict_16_192_64_0p5_0p02_0036_0009" 5291
"../../../Engine/Content/EngineMaterials/Substrate/GLints/dict_16_192_64_0p5_0p02_0037_0004.uasset" 5292
"/Engine/EngineMaterials/Substrate/GLints/dict_16_192_64_0p5_0p02_0036_0008" 5293
"/Engine/EngineMaterials/Substrate/GLints/dict_16_192_64_0p5_0p02_0036_0007" 5294
"/Engine/EngineMaterials/Substrate/GLints/dict_16_192_64_0p5_0p02_0036_0006" 5295
"/Engine/EngineMaterials/Substrate/GLints/dict_16_192_64_0p5_0p02_0037_0000" 5296
"/Engine/EngineMaterials/Substrate/GLints/dict_16_192_64_0p5_0p02_0035_0010" 5297
"/Engine/EngineMaterials/Substrate/GLints/dict_16_192_64_0p5_0p02_0036_0015" 5298
"/Engine/EngineMaterials/Substrate/GLints/dict_16_192_64_0p5_0p02_0036_0014" 5299
"/Engine/EngineMaterials/Substrate/GLints/dict_16_192_64_0p5_0p02_0036_0013" 5300
"../../../Engine/Content/EngineMaterials/Substrate/GLints/dict_16_192_64_0p5_0p02_0037_0005.uasset" 5301
"../../../Engine/Content/EngineMaterials/Substrate/GLints/dict_16_192_64_0p5_0p02_0037_0007.uasset" 5302
"/Engine/EngineMaterials/Substrate/GLints/dict_16_192_64_0p5_0p02_0036_0012" 5303
"/Engine/EngineMaterials/Substrate/GLints/dict_16_192_64_0p5_0p02_0037_0005" 5304
"/Engine/EngineMaterials/Substrate/GLints/dict_16_192_64_0p5_0p02_0037_0004" 5305
"/Engine/EngineMaterials/Substrate/GLints/dict_16_192_64_0p5_0p02_0037_0003" 5306
"../../../Engine/Content/EngineMaterials/Substrate/GLints/dict_16_192_64_0p5_0p02_0037_0001.uasset" 5307
"/Engine/EngineMaterials/Substrate/GLints/dict_16_192_64_0p5_0p02_0037_0001" 5308
"../../../Engine/Content/EngineMaterials/Substrate/GLints/dict_16_192_64_0p5_0p02_0037_0010.uasset" 5309
"/Engine/EngineMaterials/Substrate/GLints/dict_16_192_64_0p5_0p02_0037_0010" 5310
"../../../Engine/Content/EngineMaterials/Substrate/GLints/dict_16_192_64_0p5_0p02_0037_0008.uasset" 5311
"../../../Engine/Content/EngineMaterials/Substrate/GLints/dict_16_192_64_0p5_0p02_0037_0012.uasset" 5312
"../../../Engine/Content/EngineMaterials/Substrate/GLints/dict_16_192_64_0p5_0p02_0037_0013.uasset" 5313
"../../../Engine/Content/EngineMaterials/Substrate/GLints/dict_16_192_64_0p5_0p02_0037_0011.uasset" 5314
"../../../Engine/Content/EngineMaterials/Substrate/GLints/dict_16_192_64_0p5_0p02_0037_0006.uasset" 5315
"../../../Engine/Content/EngineMaterials/Substrate/GLints/dict_16_192_64_0p5_0p02_0037_0009.uasset" 5316
"../../../Engine/Content/EngineMaterials/Substrate/GLints/dict_16_192_64_0p5_0p02_0037_0002.uasset" 5317
"../../../Engine/Content/EngineMaterials/Substrate/GLints/dict_16_192_64_0p5_0p02_0037_0014.uasset" 5318
"../../../Engine/Content/EngineMaterials/Substrate/GLints/dict_16_192_64_0p5_0p02_0038_0000.uasset" 5319
"../../../Engine/Content/EngineMaterials/Substrate/GLints/dict_16_192_64_0p5_0p02_0038_0002.uasset" 5320
"../../../Engine/Content/EngineMaterials/Substrate/GLints/dict_16_192_64_0p5_0p02_0038_0003.uasset" 5321
"../../../Engine/Content/EngineMaterials/Substrate/GLints/dict_16_192_64_0p5_0p02_0038_0001.uasset" 5322
"/Engine/EngineMaterials/Substrate/GLints/dict_16_192_64_0p5_0p02_0037_0009" 5323
"/Engine/EngineMaterials/Substrate/GLints/dict_16_192_64_0p5_0p02_0038_0003" 5324
"/Engine/EngineMaterials/Substrate/GLints/dict_16_192_64_0p5_0p02_0037_0008" 5325
"/Engine/EngineMaterials/Substrate/GLints/dict_16_192_64_0p5_0p02_0037_0007" 5326
"/Engine/EngineMaterials/Substrate/GLints/dict_16_192_64_0p5_0p02_0037_0006" 5327
"../../../Engine/Content/EngineMaterials/Substrate/GLints/dict_16_192_64_0p5_0p02_0038_0004.uasset" 5328
"/Engine/EngineMaterials/Substrate/GLints/dict_16_192_64_0p5_0p02_0038_0001" 5329
"/Engine/EngineMaterials/Substrate/GLints/dict_16_192_64_0p5_0p02_0038_0000" 5330
"/Engine/EngineMaterials/Substrate/GLints/dict_16_192_64_0p5_0p02_0037_0014" 5331
"../../../Engine/Content/EngineMaterials/Substrate/GLints/dict_16_192_64_0p5_0p02_0038_0005.uasset" 5332
"/Engine/EngineMaterials/Substrate/GLints/dict_16_192_64_0p5_0p02_0037_0013" 5333
"/Engine/EngineMaterials/Substrate/GLints/dict_16_192_64_0p5_0p02_0037_0002" 5334
"/Engine/EngineMaterials/Substrate/GLints/dict_16_192_64_0p5_0p02_0038_0002" 5335
"../../../Engine/Content/EngineMaterials/Substrate/GLints/dict_16_192_64_0p5_0p02_0038_0010.uasset" 5336
"/Engine/EngineMaterials/Substrate/GLints/dict_16_192_64_0p5_0p02_0037_0012" 5337
"/Engine/EngineMaterials/Substrate/GLints/dict_16_192_64_0p5_0p02_0037_0011" 5338
"../../../Engine/Content/EngineMaterials/Substrate/GLints/dict_16_192_64_0p5_0p02_0038_0008.uasset" 5339
"/Engine/EngineMaterials/Substrate/GLints/dict_16_192_64_0p5_0p02_0038_0004" 5340
"../../../Engine/Content/EngineMaterials/Substrate/GLints/dict_16_192_64_0p5_0p02_0038_0006.uasset" 5341
"/Engine/EngineMaterials/Substrate/GLints/dict_16_192_64_0p5_0p02_0038_0010" 5342
"../../../Engine/Content/EngineMaterials/Substrate/GLints/dict_16_192_64_0p5_0p02_0038_0011.uasset" 5343
"../../../Engine/Content/EngineMaterials/Substrate/GLints/dict_16_192_64_0p5_0p02_0037_0015.uasset" 5344
"/Engine/EngineMaterials/Substrate/GLints/dict_16_192_64_0p5_0p02_0038_0008" 5345
"/Engine/EngineMaterials/Substrate/GLints/dict_16_192_64_0p5_0p02_0038_0005" 5346
"/Engine/EngineMaterials/Substrate/GLints/dict_16_192_64_0p5_0p02_0037_0015" 5347
"/Engine/EngineMaterials/Substrate/GLints/dict_16_192_64_0p5_0p02_0038_0011" 5348
"../../../Engine/Content/EngineMaterials/Substrate/GLints/dict_16_192_64_0p5_0p02_0038_0013.uasset" 5349
"/Engine/EngineMaterials/Substrate/GLints/dict_16_192_64_0p5_0p02_0038_0006" 5350
"/Engine/EngineMaterials/Substrate/GLints/dict_16_192_64_0p5_0p02_0038_0013" 5351
"../../../Engine/Content/EngineMaterials/Substrate/GLints/dict_16_192_64_0p5_0p02_0038_0009.uasset" 5352
"../../../Engine/Content/EngineMaterials/Substrate/GLints/dict_16_192_64_0p5_0p02_0038_0007.uasset" 5353
"../../../Engine/Content/EngineMaterials/Substrate/GLints/dict_16_192_64_0p5_0p02_0038_0014.uasset" 5354
"../../../Engine/Content/EngineMaterials/Substrate/GLints/dict_16_192_64_0p5_0p02_0038_0015.uasset" 5355
"../../../Engine/Content/EngineMaterials/Substrate/GLints/dict_16_192_64_0p5_0p02_0039_0000.uasset" 5356
"../../../Engine/Content/EngineMaterials/Substrate/GLints/dict_16_192_64_0p5_0p02_0039_0001.uasset" 5357
"../../../Engine/Content/EngineMaterials/Substrate/GLints/dict_16_192_64_0p5_0p02_0039_0004.uasset" 5358
"../../../Engine/Content/EngineMaterials/Substrate/GLints/dict_16_192_64_0p5_0p02_0038_0012.uasset" 5359
"../../../Engine/Content/EngineMaterials/Substrate/GLints/dict_16_192_64_0p5_0p02_0039_0003.uasset" 5360
"../../../Engine/Content/EngineMaterials/Substrate/GLints/dict_16_192_64_0p5_0p02_0039_0006.uasset" 5361
"/Engine/EngineMaterials/Substrate/GLints/dict_16_192_64_0p5_0p02_0039_0000" 5362
"../../../Engine/Content/EngineMaterials/Substrate/GLints/dict_16_192_64_0p5_0p02_0039_0008.uasset" 5363
"../../../Engine/Content/EngineMaterials/Substrate/GLints/dict_16_192_64_0p5_0p02_0039_0002.uasset" 5364
"/Engine/EngineMaterials/Substrate/GLints/dict_16_192_64_0p5_0p02_0038_0015" 5365
"/Engine/EngineMaterials/Substrate/GLints/dict_16_192_64_0p5_0p02_0038_0014" 5366
"../../../Engine/Content/EngineMaterials/Substrate/GLints/dict_16_192_64_0p5_0p02_0039_0011.uasset" 5367
"/Engine/EngineMaterials/Substrate/GLints/dict_16_192_64_0p5_0p02_0039_0003" 5368
"/Engine/EngineMaterials/Substrate/GLints/dict_16_192_64_0p5_0p02_0038_0012" 5369
"/Engine/EngineMaterials/Substrate/GLints/dict_16_192_64_0p5_0p02_0039_0001" 5370
"/Engine/EngineMaterials/Substrate/GLints/dict_16_192_64_0p5_0p02_0039_0004" 5371
"../../../Engine/Content/EngineMaterials/Substrate/GLints/dict_16_192_64_0p5_0p02_0039_0010.uasset" 5372
"../../../Engine/Content/EngineMaterials/Substrate/GLints/dict_16_192_64_0p5_0p02_0039_0005.uasset" 5373
"/Engine/EngineMaterials/Substrate/GLints/dict_16_192_64_0p5_0p02_0038_0009" 5374
"/Engine/EngineMaterials/Substrate/GLints/dict_16_192_64_0p5_0p02_0038_0007" 5375
"/Engine/EngineMaterials/Substrate/GLints/dict_16_192_64_0p5_0p02_0039_0006" 5376
"/Engine/EngineMaterials/Substrate/GLints/dict_16_192_64_0p5_0p02_0039_0005" 5377
"../../../Engine/Content/EngineMaterials/Substrate/GLints/dict_16_192_64_0p5_0p02_0039_0014.uasset" 5378
"../../../Engine/Content/EngineMaterials/Substrate/GLints/dict_16_192_64_0p5_0p02_0039_0007.uasset" 5379
"/Engine/EngineMaterials/Substrate/GLints/dict_16_192_64_0p5_0p02_0039_0002" 5380
"/Engine/EngineMaterials/Substrate/GLints/dict_16_192_64_0p5_0p02_0039_0011" 5381
"/Engine/EngineMaterials/Substrate/GLints/dict_16_192_64_0p5_0p02_0039_0010" 5382
"/Engine/EngineMaterials/Substrate/GLints/dict_16_192_64_0p5_0p02_0039_0008" 5383
"/Engine/EngineMaterials/Substrate/GLints/dict_16_192_64_0p5_0p02_0039_0014" 5384
"../../../Engine/Content/EngineMaterials/Substrate/GLints/dict_16_192_64_0p5_0p02_0039_0009.uasset" 5385
"../../../Engine/Content/EngineMaterials/Substrate/GLints/dict_16_192_64_0p5_0p02_0040_0000.uasset" 5386
"../../../Engine/Content/EngineMaterials/Substrate/GLints/dict_16_192_64_0p5_0p02_0040_0002.uasset" 5387
"../../../Engine/Content/EngineMaterials/Substrate/GLints/dict_16_192_64_0p5_0p02_0040_0003.uasset" 5388
"../../../Engine/Content/EngineMaterials/Substrate/GLints/dict_16_192_64_0p5_0p02_0039_0012.uasset" 5389
"../../../Engine/Content/EngineMaterials/Substrate/GLints/dict_16_192_64_0p5_0p02_0040_0001.uasset" 5390
"../../../Engine/Content/EngineMaterials/Substrate/GLints/dict_16_192_64_0p5_0p02_0040_0007.uasset" 5391
"../../../Engine/Content/EngineMaterials/Substrate/GLints/dict_16_192_64_0p5_0p02_0040_0004.uasset" 5392
"../../../Engine/Content/EngineMaterials/Substrate/GLints/dict_16_192_64_0p5_0p02_0040_0009.uasset" 5393
"/Engine/EngineMaterials/Substrate/GLints/dict_16_192_64_0p5_0p02_0040_0002" 5394
"/Engine/EngineMaterials/Substrate/GLints/dict_16_192_64_0p5_0p02_0040_0001" 5395
"../../../Engine/Content/EngineMaterials/Substrate/GLints/dict_16_192_64_0p5_0p02_0039_0015.uasset" 5396
"/Engine/EngineMaterials/Substrate/GLints/dict_16_192_64_0p5_0p02_0040_0000" 5397
"../../../Engine/Content/EngineMaterials/Substrate/GLints/dict_16_192_64_0p5_0p02_0040_0008.uasset" 5398
"/Engine/EngineMaterials/Substrate/GLints/dict_16_192_64_0p5_0p02_0039_0012" 5399
"/Engine/EngineMaterials/Substrate/GLints/dict_16_192_64_0p5_0p02_0040_0009" 5400
"/Engine/EngineMaterials/Substrate/GLints/dict_16_192_64_0p5_0p02_0039_0009" 5401
"/Engine/EngineMaterials/Substrate/GLints/dict_16_192_64_0p5_0p02_0040_0004" 5402
"/Engine/EngineMaterials/Substrate/GLints/dict_16_192_64_0p5_0p02_0039_0007" 5403
"../../../Engine/Content/EngineMaterials/Substrate/GLints/dict_16_192_64_0p5_0p02_0040_0010.uasset" 5404
"/Engine/EngineMaterials/Substrate/GLints/dict_16_192_64_0p5_0p02_0040_0007" 5405
"../../../Engine/Content/EngineMaterials/Substrate/GLints/dict_16_192_64_0p5_0p02_0040_0012.uasset" 5406
"/Engine/EngineMaterials/Substrate/GLints/dict_16_192_64_0p5_0p02_0040_0003" 5407
"/Engine/EngineMaterials/Substrate/GLints/dict_16_192_64_0p5_0p02_0039_0015" 5408
"/Engine/EngineMaterials/Substrate/GLints/dict_16_192_64_0p5_0p02_0040_0010" 5409
"/Engine/EngineMaterials/Substrate/GLints/dict_16_192_64_0p5_0p02_0040_0008" 5410
"/Engine/EngineMaterials/Substrate/GLints/dict_16_192_64_0p5_0p02_0040_0012" 5411
"../../../Engine/Content/EngineMaterials/Substrate/GLints/dict_16_192_64_0p5_0p02_0040_0005.uasset" 5412
"../../../Engine/Content/EngineMaterials/Substrate/GLints/dict_16_192_64_0p5_0p02_0040_0015.uasset" 5413
"../../../Engine/Content/EngineMaterials/Substrate/GLints/dict_16_192_64_0p5_0p02_0039_0013.uasset" 5414
"../../../Engine/Content/EngineMaterials/Substrate/GLints/dict_16_192_64_0p5_0p02_0040_0014.uasset" 5415
"../../../Engine/Content/EngineMaterials/Substrate/GLints/dict_16_192_64_0p5_0p02_0041_0001.uasset" 5416
"../../../Engine/Content/EngineMaterials/Substrate/GLints/dict_16_192_64_0p5_0p02_0040_0011.uasset" 5417
"../../../Engine/Content/EngineMaterials/Substrate/GLints/dict_16_192_64_0p5_0p02_0041_0002.uasset" 5418
"../../../Engine/Content/EngineMaterials/Substrate/GLints/dict_16_192_64_0p5_0p02_0040_0013.uasset" 5419
"../../../Engine/Content/EngineMaterials/Substrate/GLints/dict_16_192_64_0p5_0p02_0041_0003.uasset" 5420
"../../../Engine/Content/EngineMaterials/Substrate/GLints/dict_16_192_64_0p5_0p02_0041_0008.uasset" 5421
"../../../Engine/Content/EngineMaterials/Substrate/GLints/dict_16_192_64_0p5_0p02_0041_0005.uasset" 5422
"/Engine/EngineMaterials/Substrate/GLints/dict_16_192_64_0p5_0p02_0041_0003" 5423
"/Engine/EngineMaterials/Substrate/GLints/dict_16_192_64_0p5_0p02_0041_0002" 5424
"/Engine/EngineMaterials/Substrate/GLints/dict_16_192_64_0p5_0p02_0041_0001" 5425
"/Engine/EngineMaterials/Substrate/GLints/dict_16_192_64_0p5_0p02_0041_0008" 5426
"/Engine/EngineMaterials/Substrate/GLints/dict_16_192_64_0p5_0p02_0039_0013" 5427
"/Engine/EngineMaterials/Substrate/GLints/dict_16_192_64_0p5_0p02_0040_0015" 5428
"/Engine/EngineMaterials/Substrate/GLints/dict_16_192_64_0p5_0p02_0041_0005" 5429
"../../../Engine/Content/EngineMaterials/Substrate/GLints/dict_16_192_64_0p5_0p02_0041_0010.uasset" 5430
"/Engine/EngineMaterials/Substrate/GLints/dict_16_192_64_0p5_0p02_0040_0014" 5431
"/Engine/EngineMaterials/Substrate/GLints/dict_16_192_64_0p5_0p02_0040_0005" 5432
"/Engine/EngineMaterials/Substrate/GLints/dict_16_192_64_0p5_0p02_0040_0013" 5433
"/Engine/EngineMaterials/Substrate/GLints/dict_16_192_64_0p5_0p02_0040_0011" 5434
"/Engine/EngineMaterials/Substrate/GLints/dict_16_192_64_0p5_0p02_0041_0010" 5435
"../../../Engine/Content/EngineMaterials/Substrate/GLints/dict_16_192_64_0p5_0p02_0041_0013.uasset" 5436
"/Engine/EngineMaterials/Substrate/GLints/dict_16_192_64_0p5_0p02_0041_0013" 5437
"../../../Engine/Content/EngineMaterials/Substrate/GLints/dict_16_192_64_0p5_0p02_0041_0012.uasset" 5438
"../../../Engine/Content/EngineMaterials/Substrate/GLints/dict_16_192_64_0p5_0p02_0041_0011.uasset" 5439
"/Engine/EngineMaterials/Substrate/GLints/dict_16_192_64_0p5_0p02_0041_0012" 5440
"/Engine/EngineMaterials/Substrate/GLints/dict_16_192_64_0p5_0p02_0041_0011" 5441
"../../../Engine/Content/EngineMaterials/Substrate/GLints/dict_16_192_64_0p5_0p02_0041_0006.uasset" 5442
"../../../Engine/Content/EngineMaterials/Substrate/GLints/dict_16_192_64_0p5_0p02_0041_0014.uasset" 5443
"../../../Engine/Content/EngineMaterials/Substrate/GLints/dict_16_192_64_0p5_0p02_0041_0015.uasset" 5444
"../../../Engine/Content/EngineMaterials/Substrate/GLints/dict_16_192_64_0p5_0p02_0041_0009.uasset" 5445
"../../../Engine/Content/EngineMaterials/Substrate/GLints/dict_16_192_64_0p5_0p02_0041_0007.uasset" 5446
"../../../Engine/Content/EngineMaterials/Substrate/GLints/dict_16_192_64_0p5_0p02_0042_0000.uasset" 5447
"../../../Engine/Content/EngineMaterials/Substrate/GLints/dict_16_192_64_0p5_0p02_0042_0001.uasset" 5448
"../../../Engine/Content/EngineMaterials/Substrate/GLints/dict_16_192_64_0p5_0p02_0042_0003.uasset" 5449
"../../../Engine/Content/EngineMaterials/Substrate/GLints/dict_16_192_64_0p5_0p02_0042_0002.uasset" 5450
"../../../Engine/Content/EngineMaterials/Substrate/GLints/dict_16_192_64_0p5_0p02_0042_0004.uasset" 5451
"../../../Engine/Content/EngineMaterials/Substrate/GLints/dict_16_192_64_0p5_0p02_0041_0000.uasset" 5452
"../../../Engine/Content/EngineMaterials/Substrate/GLints/dict_16_192_64_0p5_0p02_0042_0006.uasset" 5453
"/Engine/EngineMaterials/Substrate/GLints/dict_16_192_64_0p5_0p02_0041_0009" 5454
"/Engine/EngineMaterials/Substrate/GLints/dict_16_192_64_0p5_0p02_0042_0004" 5455
"/Engine/EngineMaterials/Substrate/GLints/dict_16_192_64_0p5_0p02_0042_0003" 5456
"/Engine/EngineMaterials/Substrate/GLints/dict_16_192_64_0p5_0p02_0042_0002" 5457
"/Engine/EngineMaterials/Substrate/GLints/dict_16_192_64_0p5_0p02_0042_0001" 5458
"/Engine/EngineMaterials/Substrate/GLints/dict_16_192_64_0p5_0p02_0042_0000" 5459
"/Engine/EngineMaterials/Substrate/GLints/dict_16_192_64_0p5_0p02_0041_0000" 5460
"../../../Engine/Content/EngineMaterials/Substrate/GLints/dict_16_192_64_0p5_0p02_0042_0005.uasset" 5461
"/Engine/EngineMaterials/Substrate/GLints/dict_16_192_64_0p5_0p02_0041_0007" 5462
"../../../Engine/Content/EngineMaterials/Substrate/GLints/dict_16_192_64_0p5_0p02_0042_0011.uasset" 5463
"/Engine/EngineMaterials/Substrate/GLints/dict_16_192_64_0p5_0p02_0041_0006" 5464
"../../../Engine/Content/EngineMaterials/Substrate/GLints/dict_16_192_64_0p5_0p02_0042_0009.uasset" 5465
"../../../Engine/Content/EngineMaterials/Substrate/GLints/dict_16_192_64_0p5_0p02_0042_0010.uasset" 5466
"/Engine/EngineMaterials/Substrate/GLints/dict_16_192_64_0p5_0p02_0041_0015" 5467
"../../../Engine/Content/EngineMaterials/Substrate/GLints/dict_16_192_64_0p5_0p02_0042_0013.uasset" 5468
"/Engine/EngineMaterials/Substrate/GLints/dict_16_192_64_0p5_0p02_0042_0006" 5469
"../../../Engine/Content/EngineMaterials/Substrate/GLints/dict_16_192_64_0p5_0p02_0042_0012.uasset" 5470
"/Engine/EngineMaterials/Substrate/GLints/dict_16_192_64_0p5_0p02_0041_0014" 5471
"/Engine/EngineMaterials/Substrate/GLints/dict_16_192_64_0p5_0p02_0042_0013" 5472
"/Engine/EngineMaterials/Substrate/GLints/dict_16_192_64_0p5_0p02_0042_0012" 5473
"/Engine/EngineMaterials/Substrate/GLints/dict_16_192_64_0p5_0p02_0042_0011" 5474
"/Engine/EngineMaterials/Substrate/GLints/dict_16_192_64_0p5_0p02_0042_0010" 5475
"/Engine/EngineMaterials/Substrate/GLints/dict_16_192_64_0p5_0p02_0042_0005" 5476
"/Engine/EngineMaterials/Substrate/GLints/dict_16_192_64_0p5_0p02_0042_0009" 5477
"../../../Engine/Content/EngineMaterials/Substrate/GLints/dict_16_192_64_0p5_0p02_0043_0000.uasset" 5478
"../../../Engine/Content/EngineMaterials/Substrate/GLints/dict_16_192_64_0p5_0p02_0042_0008.uasset" 5479
"../../../Engine/Content/EngineMaterials/Substrate/GLints/dict_16_192_64_0p5_0p02_0043_0001.uasset" 5480
"../../../Engine/Content/EngineMaterials/Substrate/GLints/dict_16_192_64_0p5_0p02_0040_0006.uasset" 5481
"../../../Engine/Content/EngineMaterials/Substrate/GLints/dict_16_192_64_0p5_0p02_0043_0005.uasset" 5482
"../../../Engine/Content/EngineMaterials/Substrate/GLints/dict_16_192_64_0p5_0p02_0043_0002.uasset" 5483
"../../../Engine/Content/EngineMaterials/Substrate/GLints/dict_16_192_64_0p5_0p02_0043_0003.uasset" 5484
"../../../Engine/Content/EngineMaterials/Substrate/GLints/dict_16_192_64_0p5_0p02_0043_0004.uasset" 5485
"../../../Engine/Content/EngineMaterials/Substrate/GLints/dict_16_192_64_0p5_0p02_0043_0006.uasset" 5486
"../../../Engine/Content/EngineMaterials/Substrate/GLints/dict_16_192_64_0p5_0p02_0042_0007.uasset" 5487
"../../../Engine/Content/EngineMaterials/Substrate/GLints/dict_16_192_64_0p5_0p02_0043_0007.uasset" 5488
"../../../Engine/Content/EngineMaterials/Substrate/GLints/dict_16_192_64_0p5_0p02_0043_0009.uasset" 5489
"../../../Engine/Content/EngineMaterials/Substrate/GLints/dict_16_192_64_0p5_0p02_0042_0015.uasset" 5490
"/Engine/EngineMaterials/Substrate/GLints/dict_16_192_64_0p5_0p02_0040_0006" 5491
"../../../Engine/Content/EngineMaterials/Substrate/GLints/dict_16_192_64_0p5_0p02_0043_0012.uasset" 5492
"../../../Engine/Content/EngineMaterials/Substrate/GLints/dict_16_192_64_0p5_0p02_0043_0011.uasset" 5493
"../../../Engine/Content/EngineMaterials/Substrate/GLints/dict_16_192_64_0p5_0p02_0043_0013.uasset" 5494
"/Engine/EngineMaterials/Substrate/GLints/dict_16_192_64_0p5_0p02_0042_0008" 5495
"../../../Engine/Content/EngineMaterials/Substrate/GLints/dict_16_192_64_0p5_0p02_0043_0015.uasset" 5496
"/Engine/EngineMaterials/Substrate/GLints/dict_16_192_64_0p5_0p02_0043_0004" 5497
"/Engine/EngineMaterials/Substrate/GLints/dict_16_192_64_0p5_0p02_0043_0003" 5498
"/Engine/EngineMaterials/Substrate/GLints/dict_16_192_64_0p5_0p02_0043_0002" 5499
"/Engine/EngineMaterials/Substrate/GLints/dict_16_192_64_0p5_0p02_0042_0007" 5500
"/Engine/EngineMaterials/Substrate/GLints/dict_16_192_64_0p5_0p02_0043_0001" 5501
"/Engine/EngineMaterials/Substrate/GLints/dict_16_192_64_0p5_0p02_0043_0000" 5502
"/Engine/EngineMaterials/Substrate/GLints/dict_16_192_64_0p5_0p02_0043_0009" 5503
"../../../Engine/Content/EngineMaterials/Substrate/GLints/dict_16_192_64_0p5_0p02_0042_0014.uasset" 5504
"/Engine/EngineMaterials/Substrate/GLints/dict_16_192_64_0p5_0p02_0043_0005" 5505
"/Engine/EngineMaterials/Substrate/GLints/dict_16_192_64_0p5_0p02_0043_0007" 5506
"/Engine/EngineMaterials/Substrate/GLints/dict_16_192_64_0p5_0p02_0043_0006" 5507
"../../../Engine/Content/EngineMaterials/Substrate/GLints/dict_16_192_64_0p5_0p02_0041_0004.uasset" 5508
"/Engine/EngineMaterials/Substrate/GLints/dict_16_192_64_0p5_0p02_0041_0004" 5509
"/Engine/EngineMaterials/Substrate/GLints/dict_16_192_64_0p5_0p02_0042_0015" 5510
"/Engine/EngineMaterials/Substrate/GLints/dict_16_192_64_0p5_0p02_0043_0015" 5511
"../../../Engine/Content/EngineMaterials/Substrate/GLints/dict_16_192_64_0p5_0p02_0044_0002.uasset" 5512
"../../../Engine/Content/EngineMaterials/Substrate/GLints/dict_16_192_64_0p5_0p02_0043_0014.uasset" 5513
"/Engine/EngineMaterials/Substrate/GLints/dict_16_192_64_0p5_0p02_0043_0013" 5514
"/Engine/EngineMaterials/Substrate/GLints/dict_16_192_64_0p5_0p02_0043_0012" 5515
"/Engine/EngineMaterials/Substrate/GLints/dict_16_192_64_0p5_0p02_0043_0011" 5516
"../../../Engine/Content/EngineMaterials/Substrate/GLints/dict_16_192_64_0p5_0p02_0044_0001.uasset" 5517
"../../../Engine/Content/EngineMaterials/Substrate/GLints/dict_16_192_64_0p5_0p02_0044_0004.uasset" 5518
"../../../Engine/Content/EngineMaterials/Substrate/GLints/dict_16_192_64_0p5_0p02_0044_0005.uasset" 5519
"/Engine/EngineMaterials/Substrate/GLints/dict_16_192_64_0p5_0p02_0042_0014" 5520
"../../../Engine/Content/EngineMaterials/Substrate/GLints/dict_16_192_64_0p5_0p02_0043_0008.uasset" 5521
"/Engine/EngineMaterials/Substrate/GLints/dict_16_192_64_0p5_0p02_0044_0002" 5522
"../../../Engine/Content/EngineMaterials/Substrate/GLints/dict_16_192_64_0p5_0p02_0043_0010.uasset" 5523
"/Engine/EngineMaterials/Substrate/GLints/dict_16_192_64_0p5_0p02_0044_0001" 5524
"../../../Engine/Content/EngineMaterials/Substrate/GLints/dict_16_192_64_0p5_0p02_0044_0003.uasset" 5525
"../../../Engine/Content/EngineMaterials/Substrate/GLints/dict_16_192_64_0p5_0p02_0044_0007.uasset" 5526
"/Engine/EngineMaterials/Substrate/GLints/dict_16_192_64_0p5_0p02_0043_0014" 5527
"/Engine/EngineMaterials/Substrate/GLints/dict_16_192_64_0p5_0p02_0043_0008" 5528
"/Engine/EngineMaterials/Substrate/GLints/dict_16_192_64_0p5_0p02_0044_0005" 5529
"/Engine/EngineMaterials/Substrate/GLints/dict_16_192_64_0p5_0p02_0044_0004" 5530
"/Engine/EngineMaterials/Substrate/GLints/dict_16_192_64_0p5_0p02_0044_0003" 5531
"/Engine/EngineMaterials/Substrate/GLints/dict_16_192_64_0p5_0p02_0043_0010" 5532
"/Engine/EngineMaterials/Substrate/GLints/dict_16_192_64_0p5_0p02_0044_0007" 5533
"../../../Engine/Content/EngineMaterials/Substrate/GLints/dict_16_192_64_0p5_0p02_0044_0000.uasset" 5534
"../../../Engine/Content/EngineMaterials/Substrate/GLints/dict_16_192_64_0p5_0p02_0044_0013.uasset" 5535
"../../../Engine/Content/EngineMaterials/Substrate/GLints/dict_16_192_64_0p5_0p02_0044_0011.uasset" 5536
"../../../Engine/Content/EngineMaterials/Substrate/GLints/dict_16_192_64_0p5_0p02_0044_0006.uasset" 5537
"../../../Engine/Content/EngineMaterials/Substrate/GLints/dict_16_192_64_0p5_0p02_0044_0014.uasset" 5538
"../../../Engine/Content/EngineMaterials/Substrate/GLints/dict_16_192_64_0p5_0p02_0044_0012.uasset" 5539
"../../../Engine/Content/EngineMaterials/Substrate/GLints/dict_16_192_64_0p5_0p02_0045_0003.uasset" 5540
"../../../Engine/Content/EngineMaterials/Substrate/GLints/dict_16_192_64_0p5_0p02_0044_0010.uasset" 5541
"../../../Engine/Content/EngineMaterials/Substrate/GLints/dict_16_192_64_0p5_0p02_0045_0001.uasset" 5542
"../../../Engine/Content/EngineMaterials/Substrate/GLints/dict_16_192_64_0p5_0p02_0045_0000.uasset" 5543
"../../../Engine/Content/EngineMaterials/Substrate/GLints/dict_16_192_64_0p5_0p02_0044_0015.uasset" 5544
"../../../Engine/Content/EngineMaterials/Substrate/GLints/dict_16_192_64_0p5_0p02_0045_0004.uasset" 5545
"/Engine/EngineMaterials/Substrate/GLints/dict_16_192_64_0p5_0p02_0044_0000" 5546
"../../../Engine/Content/EngineMaterials/Substrate/GLints/dict_16_192_64_0p5_0p02_0045_0006.uasset" 5547
"../../../Engine/Content/EngineMaterials/Substrate/GLints/dict_16_192_64_0p5_0p02_0045_0005.uasset" 5548
"../../../Engine/Content/EngineMaterials/Substrate/GLints/dict_16_192_64_0p5_0p02_0045_0008.uasset" 5549
"/Engine/EngineMaterials/Substrate/GLints/dict_16_192_64_0p5_0p02_0045_0004" 5550
"../../../Engine/Content/EngineMaterials/Substrate/GLints/dict_16_192_64_0p5_0p02_0045_0009.uasset" 5551
"/Engine/EngineMaterials/Substrate/GLints/dict_16_192_64_0p5_0p02_0045_0003" 5552
"../../../Engine/Content/EngineMaterials/Substrate/GLints/dict_16_192_64_0p5_0p02_0045_0011.uasset" 5553
"/Engine/EngineMaterials/Substrate/GLints/dict_16_192_64_0p5_0p02_0045_0001" 5554
"../../../Engine/Content/EngineMaterials/Substrate/GLints/dict_16_192_64_0p5_0p02_0045_0012.uasset" 5555
"/Engine/EngineMaterials/Substrate/GLints/dict_16_192_64_0p5_0p02_0045_0000" 5556
"/Engine/EngineMaterials/Substrate/GLints/dict_16_192_64_0p5_0p02_0044_0015" 5557
"/Engine/EngineMaterials/Substrate/GLints/dict_16_192_64_0p5_0p02_0044_0014" 5558
"/Engine/EngineMaterials/Substrate/GLints/dict_16_192_64_0p5_0p02_0044_0013" 5559
"/Engine/EngineMaterials/Substrate/GLints/dict_16_192_64_0p5_0p02_0044_0006" 5560
"/Engine/EngineMaterials/Substrate/GLints/dict_16_192_64_0p5_0p02_0044_0012" 5561
"../../../Engine/Content/EngineMaterials/Substrate/GLints/dict_16_192_64_0p5_0p02_0045_0007.uasset" 5562
"/Engine/EngineMaterials/Substrate/GLints/dict_16_192_64_0p5_0p02_0044_0011" 5563
"../../../Engine/Content/EngineMaterials/Substrate/GLints/dict_16_192_64_0p5_0p02_0045_0010.uasset" 5564
"/Engine/EngineMaterials/Substrate/GLints/dict_16_192_64_0p5_0p02_0044_0010" 5565
"/Engine/EngineMaterials/Substrate/GLints/dict_16_192_64_0p5_0p02_0045_0005" 5566
"/Engine/EngineMaterials/Substrate/GLints/dict_16_192_64_0p5_0p02_0045_0012" 5567
"/Engine/EngineMaterials/Substrate/GLints/dict_16_192_64_0p5_0p02_0045_0011" 5568
"/Engine/EngineMaterials/Substrate/GLints/dict_16_192_64_0p5_0p02_0045_0010" 5569
"/Engine/EngineMaterials/Substrate/GLints/dict_16_192_64_0p5_0p02_0045_0009" 5570
"/Engine/EngineMaterials/Substrate/GLints/dict_16_192_64_0p5_0p02_0045_0008" 5571
"/Engine/EngineMaterials/Substrate/GLints/dict_16_192_64_0p5_0p02_0045_0007" 5572
"../../../Engine/Content/EngineMaterials/Substrate/GLints/dict_16_192_64_0p5_0p02_0045_0014.uasset" 5573
"../../../Engine/Content/EngineMaterials/Substrate/GLints/dict_16_192_64_0p5_0p02_0046_0001.uasset" 5574
"/Engine/EngineMaterials/Substrate/GLints/dict_16_192_64_0p5_0p02_0045_0006" 5575
"../../../Engine/Content/EngineMaterials/Substrate/GLints/dict_16_192_64_0p5_0p02_0046_0002.uasset" 5576
"../../../Engine/Content/EngineMaterials/Substrate/GLints/dict_16_192_64_0p5_0p02_0046_0000.uasset" 5577
"../../../Engine/Content/EngineMaterials/Substrate/GLints/dict_16_192_64_0p5_0p02_0046_0003.uasset" 5578
"/Engine/EngineMaterials/Substrate/GLints/dict_16_192_64_0p5_0p02_0046_0002" 5579
"/Engine/EngineMaterials/Substrate/GLints/dict_16_192_64_0p5_0p02_0046_0001" 5580
"/Engine/EngineMaterials/Substrate/GLints/dict_16_192_64_0p5_0p02_0046_0000" 5581
"../../../Engine/Content/EngineMaterials/Substrate/GLints/dict_16_192_64_0p5_0p02_0046_0004.uasset" 5582
"/Engine/EngineMaterials/Substrate/GLints/dict_16_192_64_0p5_0p02_0046_0003" 5583
"../../../Engine/Content/EngineMaterials/Substrate/GLints/dict_16_192_64_0p5_0p02_0046_0005.uasset" 5584
"/Engine/EngineMaterials/Substrate/GLints/dict_16_192_64_0p5_0p02_0046_0005" 5585
"/Engine/EngineMaterials/Substrate/GLints/dict_16_192_64_0p5_0p02_0046_0004" 5586
"../../../Engine/Content/EngineMaterials/Substrate/GLints/dict_16_192_64_0p5_0p02_0046_0007.uasset" 5587
"../../../Engine/Content/EngineMaterials/Substrate/GLints/dict_16_192_64_0p5_0p02_0045_0002.uasset" 5588
"../../../Engine/Content/EngineMaterials/Substrate/GLints/dict_16_192_64_0p5_0p02_0046_0010.uasset" 5589
"../../../Engine/Content/EngineMaterials/Substrate/GLints/dict_16_192_64_0p5_0p02_0046_0011.uasset" 5590
"../../../Engine/Content/EngineMaterials/Substrate/GLints/dict_16_192_64_0p5_0p02_0046_0009.uasset" 5591
"../../../Engine/Content/EngineMaterials/Substrate/GLints/dict_16_192_64_0p5_0p02_0046_0008.uasset" 5592
"../../../Engine/Content/EngineMaterials/Substrate/GLints/dict_16_192_64_0p5_0p02_0046_0012.uasset" 5593
"../../../Engine/Content/EngineMaterials/Substrate/GLints/dict_16_192_64_0p5_0p02_0046_0013.uasset" 5594
"../../../Engine/Content/EngineMaterials/Substrate/GLints/dict_16_192_64_0p5_0p02_0045_0015.uasset" 5595
"../../../Engine/Content/EngineMaterials/Substrate/GLints/dict_16_192_64_0p5_0p02_0046_0015.uasset" 5596
"/Engine/EngineMaterials/Substrate/GLints/dict_16_192_64_0p5_0p02_0046_0015" 5597
"../../../Engine/Content/EngineMaterials/Substrate/GLints/dict_16_192_64_0p5_0p02_0046_0006.uasset" 5598
"/Engine/EngineMaterials/Substrate/GLints/dict_16_192_64_0p5_0p02_0045_0002" 5599
"/Engine/EngineMaterials/Substrate/GLints/dict_16_192_64_0p5_0p02_0046_0013" 5600
"/Engine/EngineMaterials/Substrate/GLints/dict_16_192_64_0p5_0p02_0046_0012" 5601
"../../../Engine/Content/EngineMaterials/Substrate/GLints/dict_16_192_64_0p5_0p02_0045_0013.uasset" 5602
"/Engine/EngineMaterials/Substrate/GLints/dict_16_192_64_0p5_0p02_0046_0011" 5603
"/Engine/EngineMaterials/Substrate/GLints/dict_16_192_64_0p5_0p02_0046_0010" 5604
"../../../Engine/Content/EngineMaterials/Substrate/GLints/dict_16_192_64_0p5_0p02_0047_0003.uasset" 5605
"/Engine/EngineMaterials/Substrate/GLints/dict_16_192_64_0p5_0p02_0046_0009" 5606
"../../../Engine/Content/EngineMaterials/Substrate/GLints/dict_16_192_64_0p5_0p02_0047_0005.uasset" 5607
"../../../Engine/Content/EngineMaterials/Substrate/GLints/dict_16_192_64_0p5_0p02_0047_0000.uasset" 5608
"/Engine/EngineMaterials/Substrate/GLints/dict_16_192_64_0p5_0p02_0045_0015" 5609
"../../../Engine/Content/EngineMaterials/Substrate/GLints/dict_16_192_64_0p5_0p02_0047_0004.uasset" 5610
"../../../Engine/Content/EngineMaterials/Substrate/GLints/dict_16_192_64_0p5_0p02_0047_0002.uasset" 5611
"/Engine/EngineMaterials/Substrate/GLints/dict_16_192_64_0p5_0p02_0046_0008" 5612
"/Engine/EngineMaterials/Substrate/GLints/dict_16_192_64_0p5_0p02_0045_0014" 5613
"../../../Engine/Content/EngineMaterials/Substrate/GLints/dict_16_192_64_0p5_0p02_0047_0006.uasset" 5614
"../../../Engine/Content/EngineMaterials/Substrate/GLints/dict_16_192_64_0p5_0p02_0047_0001.uasset" 5615
"/Engine/EngineMaterials/Substrate/GLints/dict_16_192_64_0p5_0p02_0046_0007" 5616
"/Engine/EngineMaterials/Substrate/GLints/dict_16_192_64_0p5_0p02_0047_0001" 5617
"/Engine/EngineMaterials/Substrate/GLints/dict_16_192_64_0p5_0p02_0047_0000" 5618
"/Engine/EngineMaterials/Substrate/GLints/dict_16_192_64_0p5_0p02_0047_0006" 5619
"/Engine/EngineMaterials/Substrate/GLints/dict_16_192_64_0p5_0p02_0047_0005" 5620
"/Engine/EngineMaterials/Substrate/GLints/dict_16_192_64_0p5_0p02_0047_0004" 5621
"../../../Engine/Content/EngineMaterials/Substrate/GLints/dict_16_192_64_0p5_0p02_0044_0009.uasset" 5622
"/Engine/EngineMaterials/Substrate/GLints/dict_16_192_64_0p5_0p02_0047_0003" 5623
"/Engine/EngineMaterials/Substrate/GLints/dict_16_192_64_0p5_0p02_0047_0002" 5624
"/Engine/EngineMaterials/Substrate/GLints/dict_16_192_64_0p5_0p02_0045_0013" 5625
"../../../Engine/Content/EngineMaterials/Substrate/GLints/dict_16_192_64_0p5_0p02_0047_0008.uasset" 5626
"/Engine/EngineMaterials/Substrate/GLints/dict_16_192_64_0p5_0p02_0046_0006" 5627
"/Engine/EngineMaterials/Substrate/GLints/dict_16_192_64_0p5_0p02_0047_0008" 5628
"../../../Engine/Content/EngineMaterials/Substrate/GLints/dict_16_192_64_0p5_0p02_0046_0014.uasset" 5629
"/Engine/EngineMaterials/Substrate/GLints/dict_16_192_64_0p5_0p02_0044_0009" 5630
"/Engine/EngineMaterials/Substrate/GLints/dict_16_192_64_0p5_0p02_0046_0014" 5631
"../../../Engine/Content/EngineMaterials/Substrate/GLints/dict_16_192_64_0p5_0p02_0047_0009.uasset" 5632
"/Engine/EngineMaterials/Substrate/GLints/dict_16_192_64_0p5_0p02_0047_0009" 5633
"../../../Engine/Content/EngineMaterials/Substrate/GLints/dict_16_192_64_0p5_0p02_0047_0011.uasset" 5634
"../../../Engine/Content/EngineMaterials/Substrate/GLints/dict_16_192_64_0p5_0p02_0047_0015.uasset" 5635
"../../../Engine/Content/EngineMaterials/Substrate/GLints/dict_16_192_64_0p5_0p02_0047_0012.uasset" 5636
"../../../Engine/Content/EngineMaterials/Substrate/GLints/dict_16_192_64_0p5_0p02_0047_0014.uasset" 5637
"../../../Engine/Content/EngineMaterials/Substrate/GLints/dict_16_192_64_0p5_0p02_0048_0001.uasset" 5638
"../../../Engine/Content/EngineMaterials/Substrate/GLints/dict_16_192_64_0p5_0p02_0048_0002.uasset" 5639
"../../../Engine/Content/EngineMaterials/Substrate/GLints/dict_16_192_64_0p5_0p02_0048_0006.uasset" 5640
"../../../Engine/Content/EngineMaterials/Substrate/GLints/dict_16_192_64_0p5_0p02_0048_0003.uasset" 5641
"../../../Engine/Content/EngineMaterials/Substrate/GLints/dict_16_192_64_0p5_0p02_0048_0007.uasset" 5642
"../../../Engine/Content/EngineMaterials/Substrate/GLints/dict_16_192_64_0p5_0p02_0047_0007.uasset" 5643
"../../../Engine/Content/EngineMaterials/Substrate/GLints/dict_16_192_64_0p5_0p02_0048_0004.uasset" 5644
"/Engine/EngineMaterials/Substrate/GLints/dict_16_192_64_0p5_0p02_0047_0015" 5645
"../../../Engine/Content/EngineMaterials/Substrate/GLints/dict_16_192_64_0p5_0p02_0048_0009.uasset" 5646
"/Engine/EngineMaterials/Substrate/GLints/dict_16_192_64_0p5_0p02_0047_0012" 5647
"/Engine/EngineMaterials/Substrate/GLints/dict_16_192_64_0p5_0p02_0048_0007" 5648
"../../../Engine/Content/EngineMaterials/Substrate/GLints/dict_16_192_64_0p5_0p02_0048_0005.uasset" 5649
"../../../Engine/Content/EngineMaterials/Substrate/GLints/dict_16_192_64_0p5_0p02_0047_0010.uasset" 5650
"/Engine/EngineMaterials/Substrate/GLints/dict_16_192_64_0p5_0p02_0048_0006" 5651
"../../../Engine/Content/EngineMaterials/Substrate/GLints/dict_16_192_64_0p5_0p02_0048_0010.uasset" 5652
"/Engine/EngineMaterials/Substrate/GLints/dict_16_192_64_0p5_0p02_0047_0007" 5653
"/Engine/EngineMaterials/Substrate/GLints/dict_16_192_64_0p5_0p02_0047_0011" 5654
"/Engine/EngineMaterials/Substrate/GLints/dict_16_192_64_0p5_0p02_0047_0014" 5655
"/Engine/EngineMaterials/Substrate/GLints/dict_16_192_64_0p5_0p02_0048_0004" 5656
"/Engine/EngineMaterials/Substrate/GLints/dict_16_192_64_0p5_0p02_0048_0003" 5657
"/Engine/EngineMaterials/Substrate/GLints/dict_16_192_64_0p5_0p02_0048_0002" 5658
"../../../Engine/Content/EngineMaterials/Substrate/GLints/dict_16_192_64_0p5_0p02_0048_0012.uasset" 5659
"/Engine/EngineMaterials/Substrate/GLints/dict_16_192_64_0p5_0p02_0048_0001" 5660
"../../../Engine/Content/EngineMaterials/Substrate/GLints/dict_16_192_64_0p5_0p02_0048_0011.uasset" 5661
"../../../Engine/Content/EngineMaterials/Substrate/GLints/dict_16_192_64_0p5_0p02_0048_0013.uasset" 5662
"/Engine/EngineMaterials/Substrate/GLints/dict_16_192_64_0p5_0p02_0048_0010" 5663
"/Engine/EngineMaterials/Substrate/GLints/dict_16_192_64_0p5_0p02_0048_0009" 5664
"../../../Engine/Content/EngineMaterials/Substrate/GLints/dict_16_192_64_0p5_0p02_0044_0008.uasset" 5665
"/Engine/EngineMaterials/Substrate/GLints/dict_16_192_64_0p5_0p02_0048_0013" 5666
"/Engine/EngineMaterials/Substrate/GLints/dict_16_192_64_0p5_0p02_0048_0005" 5667
"/Engine/EngineMaterials/Substrate/GLints/dict_16_192_64_0p5_0p02_0047_0010" 5668
"/Engine/EngineMaterials/Substrate/GLints/dict_16_192_64_0p5_0p02_0048_0012" 5669
"../../../Engine/Content/EngineMaterials/Substrate/GLints/dict_16_192_64_0p5_0p02_0048_0014.uasset" 5670
"/Engine/EngineMaterials/Substrate/GLints/dict_16_192_64_0p5_0p02_0048_0011" 5671
"/Engine/EngineMaterials/Substrate/GLints/dict_16_192_64_0p5_0p02_0044_0008" 5672
"/Engine/EngineMaterials/Substrate/GLints/dict_16_192_64_0p5_0p02_0048_0014" 5673
"../../../Engine/Content/EngineMaterials/Substrate/GLints/dict_16_192_64_0p5_0p02_0049_0001.uasset" 5674
"/Engine/EngineMaterials/Substrate/GLints/dict_16_192_64_0p5_0p02_0049_0001" 5675
"../../../Engine/Content/EngineMaterials/Substrate/GLints/dict_16_192_64_0p5_0p02_0049_0000.uasset" 5676
"../../../Engine/Content/EngineMaterials/Substrate/GLints/dict_16_192_64_0p5_0p02_0048_0008.uasset" 5677
"../../../Engine/Content/EngineMaterials/Substrate/GLints/dict_16_192_64_0p5_0p02_0049_0003.uasset" 5678
"../../../Engine/Content/EngineMaterials/Substrate/GLints/dict_16_192_64_0p5_0p02_0049_0004.uasset" 5679
"../../../Engine/Content/EngineMaterials/Substrate/GLints/dict_16_192_64_0p5_0p02_0049_0006.uasset" 5680
"../../../Engine/Content/EngineMaterials/Substrate/GLints/dict_16_192_64_0p5_0p02_0049_0005.uasset" 5681
"../../../Engine/Content/EngineMaterials/Substrate/GLints/dict_16_192_64_0p5_0p02_0049_0008.uasset" 5682
"../../../Engine/Content/EngineMaterials/Substrate/GLints/dict_16_192_64_0p5_0p02_0049_0002.uasset" 5683
"../../../Engine/Content/EngineMaterials/Substrate/GLints/dict_16_192_64_0p5_0p02_0049_0010.uasset" 5684
"../../../Engine/Content/EngineMaterials/Substrate/GLints/dict_16_192_64_0p5_0p02_0049_0007.uasset" 5685
"../../../Engine/Content/EngineMaterials/Substrate/GLints/dict_16_192_64_0p5_0p02_0048_0015.uasset" 5686
"../../../Engine/Content/EngineMaterials/Substrate/GLints/dict_16_192_64_0p5_0p02_0049_0013.uasset" 5687
"../../../Engine/Content/EngineMaterials/Substrate/GLints/dict_16_192_64_0p5_0p02_0049_0009.uasset" 5688
"../../../Engine/Content/EngineMaterials/Substrate/GLints/dict_16_192_64_0p5_0p02_0049_0011.uasset" 5689
"../../../Engine/Content/EngineMaterials/Substrate/GLints/dict_16_192_64_0p5_0p02_0049_0012.uasset" 5690
"/Engine/EngineMaterials/Substrate/GLints/dict_16_192_64_0p5_0p02_0049_0007" 5691
"../../../Engine/Content/EngineMaterials/Substrate/GLints/dict_16_192_64_0p5_0p02_0049_0014.uasset" 5692
"/Engine/EngineMaterials/Substrate/GLints/dict_16_192_64_0p5_0p02_0049_0005" 5693
"/Engine/EngineMaterials/Substrate/GLints/dict_16_192_64_0p5_0p02_0049_0003" 5694
"/Engine/EngineMaterials/Substrate/GLints/dict_16_192_64_0p5_0p02_0049_0002" 5695
"/Engine/EngineMaterials/Substrate/GLints/dict_16_192_64_0p5_0p02_0049_0006" 5696
"/Engine/EngineMaterials/Substrate/GLints/dict_16_192_64_0p5_0p02_0048_0008" 5697
"/Engine/EngineMaterials/Substrate/GLints/dict_16_192_64_0p5_0p02_0049_0013" 5698
"/Engine/EngineMaterials/Substrate/GLints/dict_16_192_64_0p5_0p02_0049_0000" 5699
"/Engine/EngineMaterials/Substrate/GLints/dict_16_192_64_0p5_0p02_0048_0015" 5700
"../../../Engine/Content/EngineMaterials/Substrate/GLints/dict_16_192_64_0p5_0p02_0050_0001.uasset" 5701
"/Engine/EngineMaterials/Substrate/GLints/dict_16_192_64_0p5_0p02_0049_0012" 5702
"../../../Engine/Content/EngineMaterials/Substrate/GLints/dict_16_192_64_0p5_0p02_0050_0002.uasset" 5703
"/Engine/EngineMaterials/Substrate/GLints/dict_16_192_64_0p5_0p02_0049_0004" 5704
"/Engine/EngineMaterials/Substrate/GLints/dict_16_192_64_0p5_0p02_0049_0011" 5705
"/Engine/EngineMaterials/Substrate/GLints/dict_16_192_64_0p5_0p02_0049_0010" 5706
"/Engine/EngineMaterials/Substrate/GLints/dict_16_192_64_0p5_0p02_0049_0009" 5707
"/Engine/EngineMaterials/Substrate/GLints/dict_16_192_64_0p5_0p02_0049_0008" 5708
"/Engine/EngineMaterials/Substrate/GLints/dict_16_192_64_0p5_0p02_0050_0002" 5709
"/Engine/EngineMaterials/Substrate/GLints/dict_16_192_64_0p5_0p02_0050_0001" 5710
"../../../Engine/Content/EngineMaterials/Substrate/GLints/dict_16_192_64_0p5_0p02_0050_0004.uasset" 5711
"/Engine/EngineMaterials/Substrate/GLints/dict_16_192_64_0p5_0p02_0049_0014" 5712
"../../../Engine/Content/EngineMaterials/Substrate/GLints/dict_16_192_64_0p5_0p02_0050_0005.uasset" 5713
"../../../Engine/Content/EngineMaterials/Substrate/GLints/dict_16_192_64_0p5_0p02_0049_0015.uasset" 5714
"/Engine/EngineMaterials/Substrate/GLints/dict_16_192_64_0p5_0p02_0049_0015" 5715
"../../../Engine/Content/EngineMaterials/Substrate/GLints/dict_16_192_64_0p5_0p02_0050_0007.uasset" 5716
"/Engine/EngineMaterials/Substrate/GLints/dict_16_192_64_0p5_0p02_0050_0005" 5717
"/Engine/EngineMaterials/Substrate/GLints/dict_16_192_64_0p5_0p02_0050_0004" 5718
"/Engine/EngineMaterials/Substrate/GLints/dict_16_192_64_0p5_0p02_0050_0007" 5719
"../../../Engine/Content/EngineMaterials/Substrate/GLints/dict_16_192_64_0p5_0p02_0050_0010.uasset" 5720
"/Engine/EngineMaterials/Substrate/GLints/dict_16_192_64_0p5_0p02_0050_0010" 5721
"../../../Engine/Content/EngineMaterials/Substrate/GLints/dict_16_192_64_0p5_0p02_0050_0009.uasset" 5722
"../../../Engine/Content/EngineMaterials/Substrate/GLints/dict_16_192_64_0p5_0p02_0050_0006.uasset" 5723
"../../../Engine/Content/EngineMaterials/Substrate/GLints/dict_16_192_64_0p5_0p02_0050_0003.uasset" 5724
"../../../Engine/Content/EngineMaterials/Substrate/GLints/dict_16_192_64_0p5_0p02_0047_0013.uasset" 5725
"../../../Engine/Content/EngineMaterials/Substrate/GLints/dict_16_192_64_0p5_0p02_0050_0008.uasset" 5726
"../../../Engine/Content/EngineMaterials/Substrate/GLints/dict_16_192_64_0p5_0p02_0050_0014.uasset" 5727
"../../../Engine/Content/EngineMaterials/Substrate/GLints/dict_16_192_64_0p5_0p02_0050_0012.uasset" 5728
"../../../Engine/Content/EngineMaterials/Substrate/GLints/dict_16_192_64_0p5_0p02_0050_0011.uasset" 5729
"../../../Engine/Content/EngineMaterials/Substrate/GLints/dict_16_192_64_0p5_0p02_0051_0001.uasset" 5730
"../../../Engine/Content/EngineMaterials/Substrate/GLints/dict_16_192_64_0p5_0p02_0051_0000.uasset" 5731
"../../../Engine/Content/EngineMaterials/Substrate/GLints/dict_16_192_64_0p5_0p02_0050_0013.uasset" 5732
"../../../Engine/Content/EngineMaterials/Substrate/GLints/dict_16_192_64_0p5_0p02_0050_0015.uasset" 5733
"../../../Engine/Content/EngineMaterials/Substrate/GLints/dict_16_192_64_0p5_0p02_0048_0000.uasset" 5734
"../../../Engine/Content/EngineMaterials/Substrate/GLints/dict_16_192_64_0p5_0p02_0051_0004.uasset" 5735
"../../../Engine/Content/EngineMaterials/Substrate/GLints/dict_16_192_64_0p5_0p02_0051_0002.uasset" 5736
"../../../Engine/Content/EngineMaterials/Substrate/GLints/dict_16_192_64_0p5_0p02_0051_0005.uasset" 5737
"/Engine/EngineMaterials/Substrate/GLints/dict_16_192_64_0p5_0p02_0047_0013" 5738
"/Engine/EngineMaterials/Substrate/GLints/dict_16_192_64_0p5_0p02_0050_0009" 5739
"/Engine/EngineMaterials/Substrate/GLints/dict_16_192_64_0p5_0p02_0050_0008" 5740
"/Engine/EngineMaterials/Substrate/GLints/dict_16_192_64_0p5_0p02_0050_0012" 5741
"/Engine/EngineMaterials/Substrate/GLints/dict_16_192_64_0p5_0p02_0051_0005" 5742
"/Engine/EngineMaterials/Substrate/GLints/dict_16_192_64_0p5_0p02_0051_0004" 5743
"/Engine/EngineMaterials/Substrate/GLints/dict_16_192_64_0p5_0p02_0050_0011" 5744
"../../../Engine/Content/EngineMaterials/Substrate/GLints/dict_16_192_64_0p5_0p02_0051_0008.uasset" 5745
"/Engine/EngineMaterials/Substrate/GLints/dict_16_192_64_0p5_0p02_0051_0002" 5746
"../../../Engine/Content/EngineMaterials/Substrate/GLints/dict_16_192_64_0p5_0p02_0051_0010.uasset" 5747
"/Engine/EngineMaterials/Substrate/GLints/dict_16_192_64_0p5_0p02_0051_0001" 5748
"../../../Engine/Content/EngineMaterials/Substrate/GLints/dict_16_192_64_0p5_0p02_0051_0013.uasset" 5749
"/Engine/EngineMaterials/Substrate/GLints/dict_16_192_64_0p5_0p02_0050_0006" 5750
"/Engine/EngineMaterials/Substrate/GLints/dict_16_192_64_0p5_0p02_0051_0000" 5751
"../../../Engine/Content/EngineMaterials/Substrate/GLints/dict_16_192_64_0p5_0p02_0051_0011.uasset" 5752
"/Engine/EngineMaterials/Substrate/GLints/dict_16_192_64_0p5_0p02_0050_0015" 5753
"/Engine/EngineMaterials/Substrate/GLints/dict_16_192_64_0p5_0p02_0050_0014" 5754
"/Engine/EngineMaterials/Substrate/GLints/dict_16_192_64_0p5_0p02_0050_0013" 5755
"../../../Engine/Content/EngineMaterials/Substrate/GLints/dict_16_192_64_0p5_0p02_0051_0015.uasset" 5756
"/Engine/EngineMaterials/Substrate/GLints/dict_16_192_64_0p5_0p02_0048_0000" 5757
"/Engine/EngineMaterials/Substrate/GLints/dict_16_192_64_0p5_0p02_0050_0003" 5758
"../../../Engine/Content/EngineMaterials/Substrate/GLints/dict_16_192_64_0p5_0p02_0050_0000.uasset" 5759
"../../../Engine/Content/EngineMaterials/Substrate/GLints/dict_16_192_64_0p5_0p02_0052_0001.uasset" 5760
"../../../Engine/Content/EngineMaterials/Substrate/GLints/dict_16_192_64_0p5_0p02_0051_0006.uasset" 5761
"/Engine/EngineMaterials/Substrate/GLints/dict_16_192_64_0p5_0p02_0051_0011" 5762
"../../../Engine/Content/EngineMaterials/Substrate/GLints/dict_16_192_64_0p5_0p02_0051_0007.uasset" 5763
"../../../Engine/Content/EngineMaterials/Substrate/GLints/dict_16_192_64_0p5_0p02_0051_0003.uasset" 5764
"/Engine/EngineMaterials/Substrate/GLints/dict_16_192_64_0p5_0p02_0051_0013" 5765
"../../../Engine/Content/EngineMaterials/Substrate/GLints/dict_16_192_64_0p5_0p02_0051_0009.uasset" 5766
"/Engine/EngineMaterials/Substrate/GLints/dict_16_192_64_0p5_0p02_0051_0010" 5767
"/Engine/EngineMaterials/Substrate/GLints/dict_16_192_64_0p5_0p02_0051_0008" 5768
"../../../Engine/Content/EngineMaterials/Substrate/GLints/dict_16_192_64_0p5_0p02_0051_0012.uasset" 5769
"/Engine/EngineMaterials/Substrate/GLints/dict_16_192_64_0p5_0p02_0050_0000" 5770
"/Engine/EngineMaterials/Substrate/GLints/dict_16_192_64_0p5_0p02_0052_0001" 5771
"/Engine/EngineMaterials/Substrate/GLints/dict_16_192_64_0p5_0p02_0051_0015" 5772
"/Engine/EngineMaterials/Substrate/GLints/dict_16_192_64_0p5_0p02_0051_0009" 5773
"/Engine/EngineMaterials/Substrate/GLints/dict_16_192_64_0p5_0p02_0051_0007" 5774
"../../../Engine/Content/EngineMaterials/Substrate/GLints/dict_16_192_64_0p5_0p02_0052_0002.uasset" 5775
"/Engine/EngineMaterials/Substrate/GLints/dict_16_192_64_0p5_0p02_0051_0006" 5776
"../../../Engine/Content/EngineMaterials/Substrate/GLints/dict_16_192_64_0p5_0p02_0052_0003.uasset" 5777
"/Engine/EngineMaterials/Substrate/GLints/dict_16_192_64_0p5_0p02_0051_0012" 5778
"../../../Engine/Content/EngineMaterials/Substrate/GLints/dict_16_192_64_0p5_0p02_0051_0014.uasset" 5779
"/Engine/EngineMaterials/Substrate/GLints/dict_16_192_64_0p5_0p02_0051_0003" 5780
"../../../Engine/Content/EngineMaterials/Substrate/GLints/dict_16_192_64_0p5_0p02_0052_0000.uasset" 5781
"/Engine/EngineMaterials/Substrate/GLints/dict_16_192_64_0p5_0p02_0051_0014" 5782
"/Engine/EngineMaterials/Substrate/GLints/dict_16_192_64_0p5_0p02_0052_0002" 5783
"/Engine/EngineMaterials/Substrate/GLints/dict_16_192_64_0p5_0p02_0052_0003" 5784
"/Engine/EngineMaterials/Substrate/GLints/dict_16_192_64_0p5_0p02_0052_0000" 5785
"../../../Engine/Content/EngineMaterials/Substrate/GLints/dict_16_192_64_0p5_0p02_0052_0006.uasset" 5786
"../../../Engine/Content/EngineMaterials/Substrate/GLints/dict_16_192_64_0p5_0p02_0052_0009.uasset" 5787
"../../../Engine/Content/EngineMaterials/Substrate/GLints/dict_16_192_64_0p5_0p02_0052_0007.uasset" 5788
"../../../Engine/Content/EngineMaterials/Substrate/GLints/dict_16_192_64_0p5_0p02_0052_0010.uasset" 5789
"../../../Engine/Content/EngineMaterials/Substrate/GLints/dict_16_192_64_0p5_0p02_0052_0005.uasset" 5790
"../../../Engine/Content/EngineMaterials/Substrate/GLints/dict_16_192_64_0p5_0p02_0052_0011.uasset" 5791
"../../../Engine/Content/EngineMaterials/Substrate/GLints/dict_16_192_64_0p5_0p02_0052_0004.uasset" 5792
"../../../Engine/Content/EngineMaterials/Substrate/GLints/dict_16_192_64_0p5_0p02_0052_0008.uasset" 5793
"../../../Engine/Content/EngineMaterials/Substrate/GLints/dict_16_192_64_0p5_0p02_0052_0014.uasset" 5794
"../../../Engine/Content/EngineMaterials/Substrate/GLints/dict_16_192_64_0p5_0p02_0052_0013.uasset" 5795
"../../../Engine/Content/EngineMaterials/Substrate/GLints/dict_16_192_64_0p5_0p02_0052_0015.uasset" 5796
"../../../Engine/Content/EngineMaterials/Substrate/GLints/dict_16_192_64_0p5_0p02_0053_0000.uasset" 5797
"../../../Engine/Content/EngineMaterials/Substrate/GLints/dict_16_192_64_0p5_0p02_0052_0012.uasset" 5798
"../../../Engine/Content/EngineMaterials/Substrate/GLints/dict_16_192_64_0p5_0p02_0053_0001.uasset" 5799
"../../../Engine/Content/EngineMaterials/Substrate/GLints/dict_16_192_64_0p5_0p02_0053_0002.uasset" 5800
"/Engine/EngineMaterials/Substrate/GLints/dict_16_192_64_0p5_0p02_0053_0002" 5801
"../../../Engine/Content/EngineMaterials/Substrate/GLints/dict_16_192_64_0p5_0p02_0053_0004.uasset" 5802
"/Engine/EngineMaterials/Substrate/GLints/dict_16_192_64_0p5_0p02_0053_0001" 5803
"/Engine/EngineMaterials/Substrate/GLints/dict_16_192_64_0p5_0p02_0053_0000" 5804
"/Engine/EngineMaterials/Substrate/GLints/dict_16_192_64_0p5_0p02_0052_0015" 5805
"/Engine/EngineMaterials/Substrate/GLints/dict_16_192_64_0p5_0p02_0052_0014" 5806
"/Engine/EngineMaterials/Substrate/GLints/dict_16_192_64_0p5_0p02_0052_0013" 5807
"../../../Engine/Content/EngineMaterials/Substrate/GLints/dict_16_192_64_0p5_0p02_0053_0007.uasset" 5808
"/Engine/EngineMaterials/Substrate/GLints/dict_16_192_64_0p5_0p02_0052_0012" 5809
"../../../Engine/Content/EngineMaterials/Substrate/GLints/dict_16_192_64_0p5_0p02_0053_0008.uasset" 5810
"/Engine/EngineMaterials/Substrate/GLints/dict_16_192_64_0p5_0p02_0052_0011" 5811
"/Engine/EngineMaterials/Substrate/GLints/dict_16_192_64_0p5_0p02_0052_0010" 5812
"/Engine/EngineMaterials/Substrate/GLints/dict_16_192_64_0p5_0p02_0052_0009" 5813
"../../../Engine/Content/EngineMaterials/Substrate/GLints/dict_16_192_64_0p5_0p02_0053_0009.uasset" 5814
"/Engine/EngineMaterials/Substrate/GLints/dict_16_192_64_0p5_0p02_0052_0008" 5815
"/Engine/EngineMaterials/Substrate/GLints/dict_16_192_64_0p5_0p02_0052_0007" 5816
"../../../Engine/Content/EngineMaterials/Substrate/GLints/dict_16_192_64_0p5_0p02_0053_0012.uasset" 5817
"/Engine/EngineMaterials/Substrate/GLints/dict_16_192_64_0p5_0p02_0052_0006" 5818
"/Engine/EngineMaterials/Substrate/GLints/dict_16_192_64_0p5_0p02_0052_0005" 5819
"../../../Engine/Content/EngineMaterials/Substrate/GLints/dict_16_192_64_0p5_0p02_0053_0011.uasset" 5820
"../../../Engine/Content/EngineMaterials/Substrate/GLints/dict_16_192_64_0p5_0p02_0053_0013.uasset" 5821
"/Engine/EngineMaterials/Substrate/GLints/dict_16_192_64_0p5_0p02_0052_0004" 5822
"/Engine/EngineMaterials/Substrate/GLints/dict_16_192_64_0p5_0p02_0053_0009" 5823
"/Engine/EngineMaterials/Substrate/GLints/dict_16_192_64_0p5_0p02_0053_0008" 5824
"/Engine/EngineMaterials/Substrate/GLints/dict_16_192_64_0p5_0p02_0053_0007" 5825
"/Engine/EngineMaterials/Substrate/GLints/dict_16_192_64_0p5_0p02_0053_0013" 5826
"../../../Engine/Content/EngineMaterials/Substrate/GLints/dict_16_192_64_0p5_0p02_0053_0014.uasset" 5827
"/Engine/EngineMaterials/Substrate/GLints/dict_16_192_64_0p5_0p02_0053_0012" 5828
"/Engine/EngineMaterials/Substrate/GLints/dict_16_192_64_0p5_0p02_0053_0011" 5829
"/Engine/EngineMaterials/Substrate/GLints/dict_16_192_64_0p5_0p02_0053_0004" 5830
"/Engine/EngineMaterials/Substrate/GLints/dict_16_192_64_0p5_0p02_0053_0014" 5831
"../../../Engine/Content/EngineMaterials/Substrate/GLints/dict_16_192_64_0p5_0p02_0053_0003.uasset" 5832
"../../../Engine/Content/EngineMaterials/Substrate/GLints/dict_16_192_64_0p5_0p02_0053_0015.uasset" 5833
"../../../Engine/Content/EngineMaterials/Substrate/GLints/dict_16_192_64_0p5_0p02_0054_0001.uasset" 5834
"../../../Engine/Content/EngineMaterials/Substrate/GLints/dict_16_192_64_0p5_0p02_0053_0006.uasset" 5835
"../../../Engine/Content/EngineMaterials/Substrate/GLints/dict_16_192_64_0p5_0p02_0053_0005.uasset" 5836
"../../../Engine/Content/EngineMaterials/Substrate/GLints/dict_16_192_64_0p5_0p02_0054_0000.uasset" 5837
"../../../Engine/Content/EngineMaterials/Substrate/GLints/dict_16_192_64_0p5_0p02_0054_0002.uasset" 5838
"../../../Engine/Content/EngineMaterials/Substrate/GLints/dict_16_192_64_0p5_0p02_0054_0003.uasset" 5839
"../../../Engine/Content/EngineMaterials/Substrate/GLints/dict_16_192_64_0p5_0p02_0053_0010.uasset" 5840
"../../../Engine/Content/EngineMaterials/Substrate/GLints/dict_16_192_64_0p5_0p02_0054_0004.uasset" 5841
"../../../Engine/Content/EngineMaterials/Substrate/GLints/dict_16_192_64_0p5_0p02_0054_0005.uasset" 5842
"../../../Engine/Content/EngineMaterials/Substrate/GLints/dict_16_192_64_0p5_0p02_0054_0008.uasset" 5843
"../../../Engine/Content/EngineMaterials/Substrate/GLints/dict_16_192_64_0p5_0p02_0054_0006.uasset" 5844
"../../../Engine/Content/EngineMaterials/Substrate/GLints/dict_16_192_64_0p5_0p02_0054_0012.uasset" 5845
"../../../Engine/Content/EngineMaterials/Substrate/GLints/dict_16_192_64_0p5_0p02_0054_0011.uasset" 5846
"../../../Engine/Content/EngineMaterials/Substrate/GLints/dict_16_192_64_0p5_0p02_0054_0007.uasset" 5847
"../../../Engine/Content/EngineMaterials/Substrate/GLints/dict_16_192_64_0p5_0p02_0054_0009.uasset" 5848
"../../../Engine/Content/EngineMaterials/Substrate/GLints/dict_16_192_64_0p5_0p02_0054_0010.uasset" 5849
"../../../Engine/Content/EngineMaterials/Substrate/GLints/dict_16_192_64_0p5_0p02_0054_0013.uasset" 5850
"/Engine/EngineMaterials/Substrate/GLints/dict_16_192_64_0p5_0p02_0054_0003" 5851
"/Engine/EngineMaterials/Substrate/GLints/dict_16_192_64_0p5_0p02_0053_0003" 5852
"/Engine/EngineMaterials/Substrate/GLints/dict_16_192_64_0p5_0p02_0053_0010" 5853
"/Engine/EngineMaterials/Substrate/GLints/dict_16_192_64_0p5_0p02_0053_0015" 5854
"/Engine/EngineMaterials/Substrate/GLints/dict_16_192_64_0p5_0p02_0053_0006" 5855
"/Engine/EngineMaterials/Substrate/GLints/dict_16_192_64_0p5_0p02_0053_0005" 5856
"/Engine/EngineMaterials/Substrate/GLints/dict_16_192_64_0p5_0p02_0054_0013" 5857
"../../../Engine/Content/EngineMaterials/Substrate/GLints/dict_16_192_64_0p5_0p02_0054_0015.uasset" 5858
"/Engine/EngineMaterials/Substrate/GLints/dict_16_192_64_0p5_0p02_0054_0002" 5859
"/Engine/EngineMaterials/Substrate/GLints/dict_16_192_64_0p5_0p02_0054_0012" 5860
"../../../Engine/Content/EngineMaterials/Substrate/GLints/dict_16_192_64_0p5_0p02_0055_0000.uasset" 5861
"/Engine/EngineMaterials/Substrate/GLints/dict_16_192_64_0p5_0p02_0054_0011" 5862
"../../../Engine/Content/EngineMaterials/Substrate/GLints/dict_16_192_64_0p5_0p02_0055_0001.uasset" 5863
"/Engine/EngineMaterials/Substrate/GLints/dict_16_192_64_0p5_0p02_0054_0001" 5864
"/Engine/EngineMaterials/Substrate/GLints/dict_16_192_64_0p5_0p02_0054_0010" 5865
"/Engine/EngineMaterials/Substrate/GLints/dict_16_192_64_0p5_0p02_0054_0000" 5866
"/Engine/EngineMaterials/Substrate/GLints/dict_16_192_64_0p5_0p02_0054_0009" 5867
"../../../Engine/Content/EngineMaterials/Substrate/GLints/dict_16_192_64_0p5_0p02_0055_0003.uasset" 5868
"../../../Engine/Content/EngineMaterials/Substrate/GLints/dict_16_192_64_0p5_0p02_0055_0004.uasset" 5869
"/Engine/EngineMaterials/Substrate/GLints/dict_16_192_64_0p5_0p02_0054_0008" 5870
"../../../Engine/Content/EngineMaterials/Substrate/GLints/dict_16_192_64_0p5_0p02_0055_0005.uasset" 5871
"../../../Engine/Content/EngineMaterials/Substrate/GLints/dict_16_192_64_0p5_0p02_0055_0008.uasset" 5872
"/Engine/EngineMaterials/Substrate/GLints/dict_16_192_64_0p5_0p02_0054_0007" 5873
"../../../Engine/Content/EngineMaterials/Substrate/GLints/dict_16_192_64_0p5_0p02_0055_0002.uasset" 5874
"../../../Engine/Content/EngineMaterials/Substrate/GLints/dict_16_192_64_0p5_0p02_0055_0006.uasset" 5875
"/Engine/EngineMaterials/Substrate/GLints/dict_16_192_64_0p5_0p02_0054_0006" 5876
"/Engine/EngineMaterials/Substrate/GLints/dict_16_192_64_0p5_0p02_0054_0005" 5877
"../../../Engine/Content/EngineMaterials/Substrate/GLints/dict_16_192_64_0p5_0p02_0055_0007.uasset" 5878
"/Engine/EngineMaterials/Substrate/GLints/dict_16_192_64_0p5_0p02_0054_0004" 5879
"/Engine/EngineMaterials/Substrate/GLints/dict_16_192_64_0p5_0p02_0055_0008" 5880
"/Engine/EngineMaterials/Substrate/GLints/dict_16_192_64_0p5_0p02_0055_0007" 5881
"../../../Engine/Content/EngineMaterials/Substrate/GLints/dict_16_192_64_0p5_0p02_0054_0014.uasset" 5882
"/Engine/EngineMaterials/Substrate/GLints/dict_16_192_64_0p5_0p02_0055_0002" 5883
"/Engine/EngineMaterials/Substrate/GLints/dict_16_192_64_0p5_0p02_0055_0001" 5884
"/Engine/EngineMaterials/Substrate/GLints/dict_16_192_64_0p5_0p02_0055_0006" 5885
"../../../Engine/Content/EngineMaterials/Substrate/GLints/dict_16_192_64_0p5_0p02_0055_0009.uasset" 5886
"/Engine/EngineMaterials/Substrate/GLints/dict_16_192_64_0p5_0p02_0055_0005" 5887
"../../../Engine/Content/EngineMaterials/Substrate/GLints/dict_16_192_64_0p5_0p02_0055_0010.uasset" 5888
"/Engine/EngineMaterials/Substrate/GLints/dict_16_192_64_0p5_0p02_0055_0000" 5889
"/Engine/EngineMaterials/Substrate/GLints/dict_16_192_64_0p5_0p02_0054_0015" 5890
"/Engine/EngineMaterials/Substrate/GLints/dict_16_192_64_0p5_0p02_0055_0004" 5891
"/Engine/EngineMaterials/Substrate/GLints/dict_16_192_64_0p5_0p02_0055_0003" 5892
"/Engine/EngineMaterials/Substrate/GLints/dict_16_192_64_0p5_0p02_0055_0009" 5893
"/Engine/EngineMaterials/Substrate/GLints/dict_16_192_64_0p5_0p02_0055_0010" 5894
"/Engine/EngineMaterials/Substrate/GLints/dict_16_192_64_0p5_0p02_0054_0014" 5895
"../../../Engine/Content/EngineMaterials/Substrate/GLints/dict_16_192_64_0p5_0p02_0055_0014.uasset" 5896
"../../../Engine/Content/EngineMaterials/Substrate/GLints/dict_16_192_64_0p5_0p02_0055_0013.uasset" 5897
"../../../Engine/Content/EngineMaterials/Substrate/GLints/dict_16_192_64_0p5_0p02_0055_0015.uasset" 5898
"../../../Engine/Content/EngineMaterials/Substrate/GLints/dict_16_192_64_0p5_0p02_0056_0000.uasset" 5899
"../../../Engine/Content/EngineMaterials/Substrate/GLints/dict_16_192_64_0p5_0p02_0055_0011.uasset" 5900
"../../../Engine/Content/EngineMaterials/Substrate/GLints/dict_16_192_64_0p5_0p02_0055_0012.uasset" 5901
"/Engine/EngineMaterials/Substrate/GLints/dict_16_192_64_0p5_0p02_0056_0000" 5902
"/Engine/EngineMaterials/Substrate/GLints/dict_16_192_64_0p5_0p02_0055_0015" 5903
"../../../Engine/Content/EngineMaterials/Substrate/GLints/dict_16_192_64_0p5_0p02_0056_0001.uasset" 5904
"/Engine/EngineMaterials/Substrate/GLints/dict_16_192_64_0p5_0p02_0055_0014" 5905
"/Engine/EngineMaterials/Substrate/GLints/dict_16_192_64_0p5_0p02_0055_0013" 5906
"/Engine/EngineMaterials/Substrate/GLints/dict_16_192_64_0p5_0p02_0055_0012" 5907
"/Engine/EngineMaterials/Substrate/GLints/dict_16_192_64_0p5_0p02_0055_0011" 5908
"/Engine/EngineMaterials/Substrate/GLints/dict_16_192_64_0p5_0p02_0056_0001" 5909
"../../../Engine/Content/EngineMaterials/Substrate/GLints/dict_16_192_64_0p5_0p02_0056_0003.uasset" 5910
"/Engine/EngineMaterials/Substrate/GLints/dict_16_192_64_0p5_0p02_0056_0003" 5911
"../../../Engine/Content/EngineMaterials/Substrate/GLints/dict_16_192_64_0p5_0p02_0056_0002.uasset" 5912
"/Engine/EngineMaterials/Substrate/GLints/dict_16_192_64_0p5_0p02_0056_0002" 5913
"../../../Engine/Content/EngineMaterials/Substrate/GLints/dict_16_192_64_0p5_0p02_0056_0005.uasset" 5914
"../../../Engine/Content/EngineMaterials/Substrate/GLints/dict_16_192_64_0p5_0p02_0056_0006.uasset" 5915
"../../../Engine/Content/EngineMaterials/Substrate/GLints/dict_16_192_64_0p5_0p02_0056_0008.uasset" 5916
"../../../Engine/Content/EngineMaterials/Substrate/GLints/dict_16_192_64_0p5_0p02_0056_0007.uasset" 5917
"../../../Engine/Content/EngineMaterials/Substrate/GLints/dict_16_192_64_0p5_0p02_0056_0009.uasset" 5918
"../../../Engine/Content/EngineMaterials/Substrate/GLints/dict_16_192_64_0p5_0p02_0056_0011.uasset" 5919
"../../../Engine/Content/EngineMaterials/Substrate/GLints/dict_16_192_64_0p5_0p02_0056_0004.uasset" 5920
"../../../Engine/Content/EngineMaterials/Substrate/GLints/dict_16_192_64_0p5_0p02_0056_0010.uasset" 5921
"/Engine/EngineMaterials/Substrate/GLints/dict_16_192_64_0p5_0p02_0056_0011" 5922
"/Engine/EngineMaterials/Substrate/GLints/dict_16_192_64_0p5_0p02_0056_0010" 5923
"/Engine/EngineMaterials/Substrate/GLints/dict_16_192_64_0p5_0p02_0056_0009" 5924
"/Engine/EngineMaterials/Substrate/GLints/dict_16_192_64_0p5_0p02_0056_0008" 5925
"/Engine/EngineMaterials/Substrate/GLints/dict_16_192_64_0p5_0p02_0056_0007" 5926
"../../../Engine/Content/EngineMaterials/Substrate/GLints/dict_16_192_64_0p5_0p02_0056_0013.uasset" 5927
"/Engine/EngineMaterials/Substrate/GLints/dict_16_192_64_0p5_0p02_0056_0006" 5928
"/Engine/EngineMaterials/Substrate/GLints/dict_16_192_64_0p5_0p02_0056_0005" 5929
"../../../Engine/Content/EngineMaterials/Substrate/GLints/dict_16_192_64_0p5_0p02_0057_0002.uasset" 5930
"/Engine/EngineMaterials/Substrate/GLints/dict_16_192_64_0p5_0p02_0056_0004" 5931
"../../../Engine/Content/EngineMaterials/Substrate/GLints/dict_16_192_64_0p5_0p02_0057_0004.uasset" 5932
"../../../Engine/Content/EngineMaterials/Substrate/GLints/dict_16_192_64_0p5_0p02_0056_0012.uasset" 5933
"/Engine/EngineMaterials/Substrate/GLints/dict_16_192_64_0p5_0p02_0056_0013" 5934
"../../../Engine/Content/EngineMaterials/Substrate/GLints/dict_16_192_64_0p5_0p02_0057_0001.uasset" 5935
"/Engine/EngineMaterials/Substrate/GLints/dict_16_192_64_0p5_0p02_0056_0012" 5936
"../../../Engine/Content/EngineMaterials/Substrate/GLints/dict_16_192_64_0p5_0p02_0057_0000.uasset" 5937
"/Engine/EngineMaterials/Substrate/GLints/dict_16_192_64_0p5_0p02_0057_0004" 5938
"../../../Engine/Content/EngineMaterials/Substrate/GLints/dict_16_192_64_0p5_0p02_0056_0014.uasset" 5939
"../../../Engine/Content/EngineMaterials/Substrate/GLints/dict_16_192_64_0p5_0p02_0057_0003.uasset" 5940
"/Engine/EngineMaterials/Substrate/GLints/dict_16_192_64_0p5_0p02_0057_0002" 5941
"/Engine/EngineMaterials/Substrate/GLints/dict_16_192_64_0p5_0p02_0057_0003" 5942
"../../../Engine/Content/EngineMaterials/Substrate/GLints/dict_16_192_64_0p5_0p02_0057_0005.uasset" 5943
"/Engine/EngineMaterials/Substrate/GLints/dict_16_192_64_0p5_0p02_0057_0001" 5944
"/Engine/EngineMaterials/Substrate/GLints/dict_16_192_64_0p5_0p02_0057_0000" 5945
"/Engine/EngineMaterials/Substrate/GLints/dict_16_192_64_0p5_0p02_0056_0014" 5946
"/Engine/EngineMaterials/Substrate/GLints/dict_16_192_64_0p5_0p02_0057_0005" 5947
"../../../Engine/Content/EngineMaterials/Substrate/GLints/dict_16_192_64_0p5_0p02_0057_0006.uasset" 5948
"../../../Engine/Content/EngineMaterials/Substrate/GLints/dict_16_192_64_0p5_0p02_0057_0007.uasset" 5949
"../../../Engine/Content/EngineMaterials/Substrate/GLints/dict_16_192_64_0p5_0p02_0056_0015.uasset" 5950
"../../../Engine/Content/EngineMaterials/Substrate/GLints/dict_16_192_64_0p5_0p02_0057_0008.uasset" 5951
"../../../Engine/Content/EngineMaterials/Substrate/GLints/dict_16_192_64_0p5_0p02_0057_0010.uasset" 5952
"../../../Engine/Content/EngineMaterials/Substrate/GLints/dict_16_192_64_0p5_0p02_0057_0009.uasset" 5953
"../../../Engine/Content/EngineMaterials/Substrate/GLints/dict_16_192_64_0p5_0p02_0058_0000.uasset" 5954
"../../../Engine/Content/EngineMaterials/Substrate/GLints/dict_16_192_64_0p5_0p02_0057_0014.uasset" 5955
"../../../Engine/Content/EngineMaterials/Substrate/GLints/dict_16_192_64_0p5_0p02_0057_0013.uasset" 5956
"../../../Engine/Content/EngineMaterials/Substrate/GLints/dict_16_192_64_0p5_0p02_0057_0015.uasset" 5957
"../../../Engine/Content/EngineMaterials/Substrate/GLints/dict_16_192_64_0p5_0p02_0058_0001.uasset" 5958
"../../../Engine/Content/EngineMaterials/Substrate/GLints/dict_16_192_64_0p5_0p02_0058_0002.uasset" 5959
"../../../Engine/Content/EngineMaterials/Substrate/GLints/dict_16_192_64_0p5_0p02_0057_0011.uasset" 5960
"/Engine/EngineMaterials/Substrate/GLints/dict_16_192_64_0p5_0p02_0057_0010" 5961
"../../../Engine/Content/EngineMaterials/Substrate/GLints/dict_16_192_64_0p5_0p02_0058_0005.uasset" 5962
"/Engine/EngineMaterials/Substrate/GLints/dict_16_192_64_0p5_0p02_0057_0007" 5963
"/Engine/EngineMaterials/Substrate/GLints/dict_16_192_64_0p5_0p02_0057_0006" 5964
"/Engine/EngineMaterials/Substrate/GLints/dict_16_192_64_0p5_0p02_0057_0009" 5965
"../../../Engine/Content/EngineMaterials/Substrate/GLints/dict_16_192_64_0p5_0p02_0058_0007.uasset" 5966
"../../../Engine/Content/EngineMaterials/Substrate/GLints/dict_16_192_64_0p5_0p02_0058_0008.uasset" 5967
"/Engine/EngineMaterials/Substrate/GLints/dict_16_192_64_0p5_0p02_0057_0008" 5968
"/Engine/EngineMaterials/Substrate/GLints/dict_16_192_64_0p5_0p02_0056_0015" 5969
"../../../Engine/Content/EngineMaterials/Substrate/GLints/dict_16_192_64_0p5_0p02_0057_0012.uasset" 5970
"/Engine/EngineMaterials/Substrate/GLints/dict_16_192_64_0p5_0p02_0058_0002" 5971
"/Engine/EngineMaterials/Substrate/GLints/dict_16_192_64_0p5_0p02_0058_0001" 5972
"../../../Engine/Content/EngineMaterials/Substrate/GLints/dict_16_192_64_0p5_0p02_0058_0003.uasset" 5973
"/Engine/EngineMaterials/Substrate/GLints/dict_16_192_64_0p5_0p02_0058_0000" 5974
"/Engine/EngineMaterials/Substrate/GLints/dict_16_192_64_0p5_0p02_0057_0015" 5975
"/Engine/EngineMaterials/Substrate/GLints/dict_16_192_64_0p5_0p02_0057_0014" 5976
"/Engine/EngineMaterials/Substrate/GLints/dict_16_192_64_0p5_0p02_0057_0013" 5977
"/Engine/EngineMaterials/Substrate/GLints/dict_16_192_64_0p5_0p02_0058_0008" 5978
"/Engine/EngineMaterials/Substrate/GLints/dict_16_192_64_0p5_0p02_0058_0007" 5979
"/Engine/EngineMaterials/Substrate/GLints/dict_16_192_64_0p5_0p02_0058_0005" 5980
"/Engine/EngineMaterials/Substrate/GLints/dict_16_192_64_0p5_0p02_0058_0003" 5981
"/Engine/EngineMaterials/Substrate/GLints/dict_16_192_64_0p5_0p02_0057_0012" 5982
"/Engine/EngineMaterials/Substrate/GLints/dict_16_192_64_0p5_0p02_0057_0011" 5983
"../../../Engine/Content/EngineMaterials/Substrate/GLints/dict_16_192_64_0p5_0p02_0058_0011.uasset" 5984
"/Engine/EngineMaterials/Substrate/GLints/dict_16_192_64_0p5_0p02_0058_0011" 5985
"../../../Engine/Content/EngineMaterials/Substrate/GLints/dict_16_192_64_0p5_0p02_0058_0010.uasset" 5986
"../../../Engine/Content/EngineMaterials/Substrate/GLints/dict_16_192_64_0p5_0p02_0058_0014.uasset" 5987
"../../../Engine/Content/EngineMaterials/Substrate/GLints/dict_16_192_64_0p5_0p02_0058_0012.uasset" 5988
"../../../Engine/Content/EngineMaterials/Substrate/GLints/dict_16_192_64_0p5_0p02_0059_0000.uasset" 5989
"../../../Engine/Content/EngineMaterials/Substrate/GLints/dict_16_192_64_0p5_0p02_0058_0015.uasset" 5990
"../../../Engine/Content/EngineMaterials/Substrate/GLints/dict_16_192_64_0p5_0p02_0058_0009.uasset" 5991
"../../../Engine/Content/EngineMaterials/Substrate/GLints/dict_16_192_64_0p5_0p02_0059_0001.uasset" 5992
"../../../Engine/Content/EngineMaterials/Substrate/GLints/dict_16_192_64_0p5_0p02_0058_0004.uasset" 5993
"../../../Engine/Content/EngineMaterials/Substrate/GLints/dict_16_192_64_0p5_0p02_0059_0002.uasset" 5994
"../../../Engine/Content/EngineMaterials/Substrate/GLints/dict_16_192_64_0p5_0p02_0059_0003.uasset" 5995
"../../../Engine/Content/EngineMaterials/Substrate/GLints/dict_16_192_64_0p5_0p02_0058_0006.uasset" 5996
"../../../Engine/Content/EngineMaterials/Substrate/GLints/dict_16_192_64_0p5_0p02_0058_0013.uasset" 5997
"../../../Engine/Content/EngineMaterials/Substrate/GLints/dict_16_192_64_0p5_0p02_0059_0004.uasset" 5998
"../../../Engine/Content/EngineMaterials/Substrate/GLints/dict_16_192_64_0p5_0p02_0059_0008.uasset" 5999
"../../../Engine/Content/EngineMaterials/Substrate/GLints/dict_16_192_64_0p5_0p02_0059_0009.uasset" 6000
"../../../Engine/Content/EngineMaterials/Substrate/GLints/dict_16_192_64_0p5_0p02_0059_0005.uasset" 6001
"../../../Engine/Content/EngineMaterials/Substrate/GLints/dict_16_192_64_0p5_0p02_0059_0006.uasset" 6002
"../../../Engine/Content/EngineMaterials/Substrate/GLints/dict_16_192_64_0p5_0p02_0059_0014.uasset" 6003
"../../../Engine/Content/EngineMaterials/Substrate/GLints/dict_16_192_64_0p5_0p02_0059_0007.uasset" 6004
"../../../Engine/Content/EngineMaterials/Substrate/GLints/dict_16_192_64_0p5_0p02_0059_0012.uasset" 6005
"../../../Engine/Content/EngineMaterials/Substrate/GLints/dict_16_192_64_0p5_0p02_0059_0011.uasset" 6006
"../../../Engine/Content/EngineMaterials/Substrate/GLints/dict_16_192_64_0p5_0p02_0059_0010.uasset" 6007
"/Engine/EngineMaterials/Substrate/GLints/dict_16_192_64_0p5_0p02_0058_0015" 6008
"/Engine/EngineMaterials/Substrate/GLints/dict_16_192_64_0p5_0p02_0058_0014" 6009
"../../../Engine/Content/EngineMaterials/Substrate/GLints/dict_16_192_64_0p5_0p02_0059_0013.uasset" 6010
"/Engine/EngineMaterials/Substrate/GLints/dict_16_192_64_0p5_0p02_0058_0010" 6011
"/Engine/EngineMaterials/Substrate/GLints/dict_16_192_64_0p5_0p02_0059_0014" 6012
"/Engine/EngineMaterials/Substrate/GLints/dict_16_192_64_0p5_0p02_0059_0004" 6013
"/Engine/EngineMaterials/Substrate/GLints/dict_16_192_64_0p5_0p02_0058_0013" 6014
"/Engine/EngineMaterials/Substrate/GLints/dict_16_192_64_0p5_0p02_0059_0003" 6015
"../../../Engine/Content/EngineMaterials/Substrate/GLints/dict_16_192_64_0p5_0p02_0059_0015.uasset" 6016
"/Engine/EngineMaterials/Substrate/GLints/dict_16_192_64_0p5_0p02_0058_0009" 6017
"/Engine/EngineMaterials/Substrate/GLints/dict_16_192_64_0p5_0p02_0058_0012" 6018
"/Engine/EngineMaterials/Substrate/GLints/dict_16_192_64_0p5_0p02_0059_0002" 6019
"/Engine/EngineMaterials/Substrate/GLints/dict_16_192_64_0p5_0p02_0059_0001" 6020
"/Engine/EngineMaterials/Substrate/GLints/dict_16_192_64_0p5_0p02_0059_0012" 6021
"../../../Engine/Content/EngineMaterials/Substrate/GLints/dict_16_192_64_0p5_0p02_0060_0002.uasset" 6022
"../../../Engine/Content/EngineMaterials/Substrate/GLints/dict_16_192_64_0p5_0p02_0060_0001.uasset" 6023
"/Engine/EngineMaterials/Substrate/GLints/dict_16_192_64_0p5_0p02_0059_0011" 6024
"/Engine/EngineMaterials/Substrate/GLints/dict_16_192_64_0p5_0p02_0058_0006" 6025
"/Engine/EngineMaterials/Substrate/GLints/dict_16_192_64_0p5_0p02_0058_0004" 6026
"/Engine/EngineMaterials/Substrate/GLints/dict_16_192_64_0p5_0p02_0059_0010" 6027
"../../../Engine/Content/EngineMaterials/Substrate/GLints/dict_16_192_64_0p5_0p02_0060_0000.uasset" 6028
"/Engine/EngineMaterials/Substrate/GLints/dict_16_192_64_0p5_0p02_0059_0009" 6029
"../../../Engine/Content/EngineMaterials/Substrate/GLints/dict_16_192_64_0p5_0p02_0060_0005.uasset" 6030
"../../../Engine/Content/EngineMaterials/Substrate/GLints/dict_16_192_64_0p5_0p02_0060_0006.uasset" 6031
"/Engine/EngineMaterials/Substrate/GLints/dict_16_192_64_0p5_0p02_0059_0008" 6032
"../../../Engine/Content/EngineMaterials/Substrate/GLints/dict_16_192_64_0p5_0p02_0060_0004.uasset" 6033
"../../../Engine/Content/EngineMaterials/Substrate/GLints/dict_16_192_64_0p5_0p02_0060_0003.uasset" 6034
"/Engine/EngineMaterials/Substrate/GLints/dict_16_192_64_0p5_0p02_0059_0007" 6035
"../../Plugins/Animation/ControlRig/Content/Controls/ControlRig_Wedge_3mm.uasset" 6036
"/Engine/EngineMaterials/Substrate/GLints/dict_16_192_64_0p5_0p02_0059_0006" 6037
"/Engine/EngineMaterials/Substrate/GLints/dict_16_192_64_0p5_0p02_0059_0005" 6038
"/Engine/EngineMaterials/Substrate/GLints/dict_16_192_64_0p5_0p02_0059_0000" 6039
"/Engine/EngineMaterials/Substrate/GLints/dict_16_192_64_0p5_0p02_0059_0015" 6040
"/Engine/EngineMaterials/Substrate/GLints/dict_16_192_64_0p5_0p02_0059_0013" 6041
"/Engine/EngineMaterials/Substrate/GLints/dict_16_192_64_0p5_0p02_0060_0006" 6042
"/Engine/EngineMaterials/Substrate/GLints/dict_16_192_64_0p5_0p02_0060_0005" 6043
"/Engine/EngineMaterials/Substrate/GLints/dict_16_192_64_0p5_0p02_0060_0004" 6044
"/Engine/EngineMaterials/Substrate/GLints/dict_16_192_64_0p5_0p02_0060_0003" 6045
"/Engine/EngineMaterials/Substrate/GLints/dict_16_192_64_0p5_0p02_0060_0002" 6046
"/Engine/EngineMaterials/Substrate/GLints/dict_16_192_64_0p5_0p02_0060_0001" 6047
"../../../Engine/Content/EngineMaterials/Substrate/GLints/dict_16_192_64_0p5_0p02_0060_0007.uasset" 6048
"../../../Engine/Content/EngineMaterials/Substrate/GLints/dict_16_192_64_0p5_0p02_0060_0010.uasset" 6049
"../../../Engine/Content/EngineMaterials/Substrate/GLints/dict_16_192_64_0p5_0p02_0060_0008.uasset" 6050
"../../../Engine/Content/EngineMaterials/Substrate/GLints/dict_16_192_64_0p5_0p02_0060_0009.uasset" 6051
"../../../Engine/Content/EngineMaterials/Substrate/GLints/dict_16_192_64_0p5_0p02_0060_0011.uasset" 6052
"/Engine/EngineMaterials/Substrate/GLints/dict_16_192_64_0p5_0p02_0060_0007" 6053
"/Engine/EngineMaterials/Substrate/GLints/dict_16_192_64_0p5_0p02_0060_0000" 6054
"../../../Engine/Content/EngineMaterials/Substrate/GLints/dict_16_192_64_0p5_0p02_0060_0012.uasset" 6055
"../../../Engine/Content/EngineMaterials/Substrate/GLints/dict_16_192_64_0p5_0p02_0060_0015.uasset" 6056
"../../../Engine/Content/EngineMaterials/Substrate/GLints/dict_16_192_64_0p5_0p02_0061_0000.uasset" 6057
"/Engine/EngineMaterials/Substrate/GLints/dict_16_192_64_0p5_0p02_0060_0011" 6058
"../../../Engine/Content/EngineMaterials/Substrate/GLints/dict_16_192_64_0p5_0p02_0061_0001.uasset" 6059
"/Engine/EngineMaterials/Substrate/GLints/dict_16_192_64_0p5_0p02_0060_0010" 6060
"/Engine/EngineMaterials/Substrate/GLints/dict_16_192_64_0p5_0p02_0060_0009" 6061
"/Engine/EngineMaterials/Substrate/GLints/dict_16_192_64_0p5_0p02_0060_0008" 6062
"../../../Engine/Content/EngineMaterials/Substrate/GLints/dict_16_192_64_0p5_0p02_0061_0002.uasset" 6063
"/Engine/EngineMaterials/Substrate/GLints/dict_16_192_64_0p5_0p02_0061_0002" 6064
"/Engine/EngineMaterials/Substrate/GLints/dict_16_192_64_0p5_0p02_0061_0001" 6065
"/Engine/EngineMaterials/Substrate/GLints/dict_16_192_64_0p5_0p02_0061_0000" 6066
"/Engine/EngineMaterials/Substrate/GLints/dict_16_192_64_0p5_0p02_0060_0015" 6067
"/Engine/EngineMaterials/Substrate/GLints/dict_16_192_64_0p5_0p02_0060_0012" 6068
"../../../Engine/Content/EngineMaterials/Substrate/GLints/dict_16_192_64_0p5_0p02_0060_0013.uasset" 6069
"../../../Engine/Content/EngineMaterials/Substrate/GLints/dict_16_192_64_0p5_0p02_0061_0005.uasset" 6070
"../../../Engine/Content/EngineMaterials/Substrate/GLints/dict_16_192_64_0p5_0p02_0061_0003.uasset" 6071
"../../../Engine/Content/EngineMaterials/Substrate/GLints/dict_16_192_64_0p5_0p02_0061_0006.uasset" 6072
"../../../Engine/Content/EngineMaterials/Substrate/GLints/dict_16_192_64_0p5_0p02_0061_0004.uasset" 6073
"../../../Engine/Content/EngineMaterials/Substrate/GLints/dict_16_192_64_0p5_0p02_0061_0007.uasset" 6074
"../../../Engine/Content/EngineMaterials/Substrate/GLints/dict_16_192_64_0p5_0p02_0061_0008.uasset" 6075
"../../../Engine/Content/EngineMaterials/Substrate/GLints/dict_16_192_64_0p5_0p02_0060_0014.uasset" 6076
"/Engine/EngineMaterials/Substrate/GLints/dict_16_192_64_0p5_0p02_0061_0008" 6077
"../../../Engine/Content/EngineMaterials/Substrate/GLints/dict_16_192_64_0p5_0p02_0061_0011.uasset" 6078
"/Engine/EngineMaterials/Substrate/GLints/dict_16_192_64_0p5_0p02_0061_0007" 6079
"../../../Engine/Content/EngineMaterials/Substrate/GLints/dict_16_192_64_0p5_0p02_0061_0009.uasset" 6080
"/Engine/EngineMaterials/Substrate/GLints/dict_16_192_64_0p5_0p02_0061_0006" 6081
"../../../Engine/Content/EngineMaterials/Substrate/GLints/dict_16_192_64_0p5_0p02_0061_0010.uasset" 6082
"/Engine/EngineMaterials/Substrate/GLints/dict_16_192_64_0p5_0p02_0061_0005" 6083
"../../../Engine/Content/EngineMaterials/Substrate/GLints/dict_16_192_64_0p5_0p02_0061_0014.uasset" 6084
"../../../Engine/Content/EngineMaterials/Substrate/GLints/dict_16_192_64_0p5_0p02_0061_0012.uasset" 6085
"../../../Engine/Content/EngineMaterials/Substrate/GLints/dict_16_192_64_0p5_0p02_0061_0015.uasset" 6086
"/Engine/EngineMaterials/Substrate/GLints/dict_16_192_64_0p5_0p02_0061_0004" 6087
"/Engine/EngineMaterials/Substrate/GLints/dict_16_192_64_0p5_0p02_0061_0003" 6088
"/Engine/EngineMaterials/Substrate/GLints/dict_16_192_64_0p5_0p02_0060_0014" 6089
"/Engine/EngineMaterials/Substrate/GLints/dict_16_192_64_0p5_0p02_0060_0013" 6090
"/Engine/EngineMaterials/Substrate/GLints/dict_16_192_64_0p5_0p02_0061_0012" 6091
"/Engine/EngineMaterials/Substrate/GLints/dict_16_192_64_0p5_0p02_0061_0011" 6092
"/Engine/EngineMaterials/Substrate/GLints/dict_16_192_64_0p5_0p02_0061_0010" 6093
"/Engine/EngineMaterials/Substrate/GLints/dict_16_192_64_0p5_0p02_0061_0009" 6094
"/Engine/EngineMaterials/Substrate/GLints/dict_16_192_64_0p5_0p02_0061_0015" 6095
"/Engine/EngineMaterials/Substrate/GLints/dict_16_192_64_0p5_0p02_0061_0014" 6096
"../../../Engine/Content/EngineMaterials/Substrate/GLints/dict_16_192_64_0p5_0p02_0061_0013.uasset" 6097
"../../../Engine/Content/EngineMaterials/Substrate/GLints/dict_16_192_64_0p5_0p02_0062_0002.uasset" 6098
"../../../Engine/Content/EngineMaterials/Substrate/GLints/dict_16_192_64_0p5_0p02_0062_0003.uasset" 6099
"../../../Engine/Content/EngineMaterials/Substrate/GLints/dict_16_192_64_0p5_0p02_0062_0006.uasset" 6100
"../../Plugins/Animation/ControlRig/Content/Controls/ControlRig_Triangle_3mm.uasset" 6101
"../../../Engine/Content/EngineMaterials/Substrate/GLints/dict_16_192_64_0p5_0p02_0062_0001.uasset" 6102
"../../../Engine/Content/EngineMaterials/Substrate/GLints/dict_16_192_64_0p5_0p02_0062_0004.uasset" 6103
"../../../Engine/Content/EngineMaterials/Substrate/GLints/dict_16_192_64_0p5_0p02_0062_0005.uasset" 6104
"../../../Engine/Content/EngineMaterials/Substrate/GLints/dict_16_192_64_0p5_0p02_0062_0009.uasset" 6105
"../../../Engine/Content/EngineMaterials/Substrate/GLints/dict_16_192_64_0p5_0p02_0062_0008.uasset" 6106
"../../../Engine/Content/EngineMaterials/Substrate/GLints/dict_16_192_64_0p5_0p02_0062_0011.uasset" 6107
"../../../Engine/Content/EngineMaterials/Substrate/GLints/dict_16_192_64_0p5_0p02_0062_0012.uasset" 6108
"../../../Engine/Content/EngineMaterials/Substrate/GLints/dict_16_192_64_0p5_0p02_0062_0013.uasset" 6109
"../../../Engine/Content/EngineMaterials/Substrate/GLints/dict_16_192_64_0p5_0p02_0062_0015.uasset" 6110
"../../../Engine/Content/EngineMaterials/Substrate/GLints/dict_16_192_64_0p5_0p02_0062_0014.uasset" 6111
"../../../Engine/Content/EngineMaterials/Substrate/GLints/dict_16_192_64_0p5_0p02_0062_0007.uasset" 6112
"../../../Engine/Content/EngineMaterials/Substrate/GLints/dict_16_192_64_0p5_0p02_0062_0000.uasset" 6113
"../../../Engine/Content/EngineMaterials/Substrate/GLints/dict_16_192_64_0p5_0p02_0063_0000.uasset" 6114
"../../../Engine/Content/EngineMaterials/Substrate/GLints/dict_16_192_64_0p5_0p02_0063_0002.uasset" 6115
"../../../Engine/Content/EngineMaterials/Substrate/GLints/dict_16_192_64_0p5_0p02_0063_0001.uasset" 6116
"../../../Engine/Content/EngineMaterials/Substrate/GLints/dict_16_192_64_0p5_0p02_0062_0010.uasset" 6117
"/Engine/EngineMaterials/Substrate/GLints/dict_16_192_64_0p5_0p02_0061_0013" 6118
"../../../Engine/Content/EngineMaterials/Substrate/GLints/dict_16_192_64_0p5_0p02_0063_0003.uasset" 6119
"/Engine/EngineMaterials/Substrate/GLints/dict_16_192_64_0p5_0p02_0062_0011" 6120
"/Engine/EngineMaterials/Substrate/GLints/dict_16_192_64_0p5_0p02_0062_0010" 6121
"/Engine/EngineMaterials/Substrate/GLints/dict_16_192_64_0p5_0p02_0062_0005" 6122
"/Engine/EngineMaterials/Substrate/GLints/dict_16_192_64_0p5_0p02_0062_0004" 6123
"/Engine/EngineMaterials/Substrate/GLints/dict_16_192_64_0p5_0p02_0062_0003" 6124
"/Engine/EngineMaterials/Substrate/GLints/dict_16_192_64_0p5_0p02_0063_0000" 6125
"/Engine/EngineMaterials/Substrate/GLints/dict_16_192_64_0p5_0p02_0062_0015" 6126
"/Engine/EngineMaterials/Substrate/GLints/dict_16_192_64_0p5_0p02_0062_0002" 6127
"/Engine/EngineMaterials/Substrate/GLints/dict_16_192_64_0p5_0p02_0062_0014" 6128
"../../../Engine/Content/EngineMaterials/Substrate/GLints/dict_16_192_64_0p5_0p02_0063_0005.uasset" 6129
"/Engine/EngineMaterials/Substrate/GLints/dict_16_192_64_0p5_0p02_0062_0001" 6130
"/Engine/EngineMaterials/Substrate/GLints/dict_16_192_64_0p5_0p02_0062_0013" 6131
"/Engine/EngineMaterials/Substrate/GLints/dict_16_192_64_0p5_0p02_0063_0002" 6132
"../../../Engine/Content/EngineMaterials/Substrate/GLints/dict_16_192_64_0p5_0p02_0063_0004.uasset" 6133
"/Engine/EngineMaterials/Substrate/GLints/dict_16_192_64_0p5_0p02_0062_0000" 6134
"../../../Engine/Content/EngineMaterials/Substrate/GLints/dict_16_192_64_0p5_0p02_0063_0008.uasset" 6135
"/Engine/EngineMaterials/Substrate/GLints/dict_16_192_64_0p5_0p02_0063_0001" 6136
"/Engine/EngineMaterials/Substrate/GLints/dict_16_192_64_0p5_0p02_0062_0012" 6137
"/Engine/EngineMaterials/Substrate/GLints/dict_16_192_64_0p5_0p02_0062_0009" 6138
"../../../Engine/Content/EngineMaterials/Substrate/GLints/dict_16_192_64_0p5_0p02_0063_0011.uasset" 6139
"/Engine/EngineMaterials/Substrate/GLints/dict_16_192_64_0p5_0p02_0062_0008" 6140
"/Engine/EngineMaterials/Substrate/GLints/dict_16_192_64_0p5_0p02_0062_0007" 6141
"/Engine/EngineMaterials/Substrate/GLints/dict_16_192_64_0p5_0p02_0062_0006" 6142
"/Engine/EngineMaterials/Substrate/GLints/dict_16_192_64_0p5_0p02_0063_0011" 6143
"../../../Engine/Content/EngineMaterials/Substrate/GLints/dict_16_192_64_0p5_0p02_0063_0010.uasset" 6144
"../../../Engine/Content/EngineMaterials/Substrate/GLints/dict_16_192_64_0p5_0p02_0063_0009.uasset" 6145
"/Engine/EngineMaterials/Substrate/GLints/dict_16_192_64_0p5_0p02_0063_0008" 6146
"/Engine/EngineMaterials/Substrate/GLints/dict_16_192_64_0p5_0p02_0063_0005" 6147
"/Engine/EngineMaterials/Substrate/GLints/dict_16_192_64_0p5_0p02_0063_0004" 6148
"../../../Engine/Content/EngineMaterials/Substrate/GLints/dict_16_192_64_0p5_0p02_0063_0013.uasset" 6149
"/Engine/EngineMaterials/Substrate/GLints/dict_16_192_64_0p5_0p02_0063_0003" 6150
"/Engine/EngineMaterials/Substrate/GLints/dict_16_192_64_0p5_0p02_0063_0013" 6151
"/Engine/EngineMaterials/Substrate/GLints/dict_16_192_64_0p5_0p02_0063_0010" 6152
"/Engine/EngineMaterials/Substrate/GLints/dict_16_192_64_0p5_0p02_0063_0009" 6153
"../../../Engine/Content/EngineMaterials/Substrate/GLints/dict_16_192_64_0p5_0p02_0063_0014.uasset" 6154
"../../../Engine/Content/EngineMaterials/Substrate/GLints/dict_16_192_64_0p5_0p02_0063_0007.uasset" 6155
"../../../Engine/Content/EngineMaterials/Substrate/GLints/dict_16_192_64_0p5_0p02_0063_0006.uasset" 6156
"../../../Engine/Content/EngineMaterials/Substrate/GLints/AGlintTex2dArray.uasset" 6157
"../../../Engine/Content/EngineMaterials/Substrate/GLints/dict_16_192_64_0p5_0p02_0063_0012.uasset" 6158
"../../../Engine/Content/EngineMaterials/Substrate/Glints2/dict_0000_0000.uasset" 6159
"../../../Engine/Content/EngineMaterials/Substrate/Glints2/dict_0000_0002.uasset" 6160
"../../../Engine/Content/EngineMaterials/Substrate/Glints2/dict_0000_0001.uasset" 6161
"../../../Engine/Content/EngineMaterials/Substrate/Glints2/dict_0000_0004.uasset" 6162
"../../../Engine/Content/EngineMaterials/Substrate/Glints2/dict_0000_0005.uasset" 6163
"../../../Engine/Content/EngineMaterials/Substrate/Glints2/dict_0000_0003.uasset" 6164
"../../../Engine/Content/EngineMaterials/Substrate/Glints2/dict_0000_0006.uasset" 6165
"../../../Engine/Content/EngineMaterials/Substrate/GLints/dict_16_192_64_0p5_0p02_0063_0015.uasset" 6166
"/Engine/EngineMaterials/Substrate/GLints/dict_16_192_64_0p5_0p02_0063_0014" 6167
"/Engine/EngineMaterials/Substrate/GLints/dict_16_192_64_0p5_0p02_0063_0012" 6168
"/Engine/EngineMaterials/Substrate/GLints/dict_16_192_64_0p5_0p02_0063_0007" 6169
"/Engine/EngineMaterials/Substrate/GLints/dict_16_192_64_0p5_0p02_0063_0006" 6170
"../../../Engine/Content/EngineMaterials/Substrate/Glints2/dict_0000_0009.uasset" 6171
"/Engine/EngineMaterials/Substrate/Glints2/dict_0000_0006" 6172
"/Engine/EngineMaterials/Substrate/Glints2/dict_0000_0005" 6173
"../../../Engine/Content/EngineMaterials/Substrate/Glints2/dict_0000_0011.uasset" 6174
"../../../Engine/Content/EngineMaterials/Substrate/Glints2/dict_0000_0008.uasset" 6175
"../../../Engine/Content/EngineMaterials/Substrate/Glints2/dict_0000_0010.uasset" 6176
"/Engine/EngineMaterials/Substrate/Glints2/dict_0000_0004" 6177
"/Engine/EngineMaterials/Substrate/Glints2/dict_0000_0003" 6178
"/Engine/EngineMaterials/Substrate/Glints2/dict_0000_0002" 6179
"/Engine/EngineMaterials/Substrate/Glints2/dict_0000_0001" 6180
"/Engine/EngineMaterials/Substrate/Glints2/dict_0000_0000" 6181
"../../../Engine/Content/EngineMaterials/Substrate/Glints2/dict_0000_0012.uasset" 6182
"/Engine/EngineMaterials/Substrate/GLints/AGlintTex2dArray" 6183
"../../../Engine/Content/EngineMaterials/Substrate/Glints2/dict_0000_0015.uasset" 6184
"../../../Engine/Content/EngineMaterials/Substrate/Glints2/dict_0000_0007.uasset" 6185
"../../../Engine/Content/EngineMaterials/Substrate/Glints2/dict_0000_0014.uasset" 6186
"../../../Engine/Content/EngineMaterials/Substrate/Glints2/dict_0000_0018.uasset" 6187
"../../../Engine/Content/EngineMaterials/Substrate/Glints2/dict_0000_0017.uasset" 6188
"../../../Engine/Content/EngineMaterials/Substrate/Glints2/dict_0000_0019.uasset" 6189
"../../../Engine/Content/EngineMaterials/Substrate/Glints2/dict_0000_0020.uasset" 6190
"../../../Engine/Content/EngineMaterials/Substrate/Glints2/dict_0000_0021.uasset" 6191
"../../../Engine/Content/EngineMaterials/Substrate/Glints2/dict_0000_0022.uasset" 6192
"../../../Engine/Content/EngineMaterials/Substrate/Glints2/dict_0000_0016.uasset" 6193
"../../../Engine/Content/EngineMaterials/Substrate/Glints2/dict_0000_0013.uasset" 6194
"/Engine/EngineMaterials/Substrate/Glints2/dict_0000_0017" 6195
"/Engine/EngineMaterials/Substrate/Glints2/dict_0000_0016" 6196
"/Engine/EngineMaterials/Substrate/Glints2/dict_0000_0015" 6197
"/Engine/EngineMaterials/Substrate/Glints2/dict_0000_0014" 6198
"/Engine/EngineMaterials/Substrate/Glints2/dict_0000_0022" 6199
"/Engine/EngineMaterials/Substrate/Glints2/dict_0000_0021" 6200
"/Engine/EngineMaterials/Substrate/Glints2/dict_0000_0013" 6201
"/Engine/EngineMaterials/Substrate/Glints2/dict_0000_0012" 6202
"/Engine/EngineMaterials/Substrate/Glints2/dict_0000_0020" 6203
"/Engine/EngineMaterials/Substrate/Glints2/dict_0000_0019" 6204
"../../../Engine/Content/EngineMaterials/Substrate/Glints2/dict_0000_0025.uasset" 6205
"/Engine/EngineMaterials/Substrate/Glints2/dict_0000_0018" 6206
"/Engine/EngineMaterials/Substrate/Glints2/dict_0000_0011" 6207
"/Engine/EngineMaterials/Substrate/Glints2/dict_0000_0010" 6208
"/Engine/EngineMaterials/Substrate/Glints2/dict_0000_0009" 6209
"/Engine/EngineMaterials/Substrate/Glints2/dict_0000_0008" 6210
"/Engine/EngineMaterials/Substrate/Glints2/dict_0000_0007" 6211
"/Engine/EngineMaterials/Substrate/Glints2/dict_0000_0025" 6212
"../../../Engine/Content/EngineMaterials/Substrate/Glints2/dict_0000_0026.uasset" 6213
"../../../Engine/Content/EngineMaterials/Substrate/Glints2/dict_0000_0033.uasset" 6214
"../../../Engine/Content/EngineMaterials/Substrate/Glints2/dict_0000_0031.uasset" 6215
"../../../Engine/Content/EngineMaterials/Substrate/Glints2/dict_0000_0032.uasset" 6216
"../../../Engine/Content/EngineMaterials/Substrate/Glints2/dict_0000_0028.uasset" 6217
"../../../Engine/Content/EngineMaterials/Substrate/Glints2/dict_0000_0030.uasset" 6218
"../../../Engine/Content/EngineMaterials/Substrate/Glints2/dict_0000_0023.uasset" 6219
"../../../Engine/Content/EngineMaterials/Substrate/Glints2/dict_0000_0024.uasset" 6220
"../../../Engine/Content/EngineMaterials/Substrate/Glints2/dict_0000_0029.uasset" 6221
"../../../Engine/Content/EngineMaterials/Substrate/Glints2/dict_0000_0034.uasset" 6222
"../../../Engine/Content/EngineMaterials/Substrate/Glints2/dict_0000_0036.uasset" 6223
"../../../Engine/Content/EngineMaterials/Substrate/Glints2/dict_0000_0027.uasset" 6224
"../../../Engine/Content/EngineMaterials/Substrate/Glints2/dict_0000_0035.uasset" 6225
"/Engine/EngineMaterials/Substrate/Glints2/dict_0000_0036" 6226
"../../../Engine/Content/EngineMaterials/Substrate/Glints2/dict_0000_0038.uasset" 6227
"/Engine/EngineMaterials/Substrate/Glints2/dict_0000_0035" 6228
"/Engine/EngineMaterials/Substrate/Glints2/dict_0000_0034" 6229
"../../../Engine/Content/EngineMaterials/Substrate/Glints2/dict_0000_0039.uasset" 6230
"/Engine/EngineMaterials/Substrate/Glints2/dict_0000_0033" 6231
"/Engine/EngineMaterials/Substrate/Glints2/dict_0000_0032" 6232
"../../../Engine/Content/EngineMaterials/Substrate/Glints2/dict_0000_0042.uasset" 6233
"../../../Engine/Content/EngineMaterials/Substrate/Glints2/dict_0000_0040.uasset" 6234
"/Engine/EngineMaterials/Substrate/Glints2/dict_0000_0031" 6235
"/Engine/EngineMaterials/Substrate/Glints2/dict_0000_0030" 6236
"../../../Engine/Content/EngineMaterials/Substrate/Glints2/dict_0000_0037.uasset" 6237
"/Engine/EngineMaterials/Substrate/Glints2/dict_0000_0029" 6238
"/Engine/EngineMaterials/Substrate/Glints2/dict_0000_0028" 6239
"/Engine/EngineMaterials/Substrate/Glints2/dict_0000_0027" 6240
"/Engine/EngineMaterials/Substrate/Glints2/dict_0000_0026" 6241
"../../../Engine/Content/EngineMaterials/Substrate/Glints2/dict_0000_0041.uasset" 6242
"/Engine/EngineMaterials/Substrate/Glints2/dict_0000_0024" 6243
"/Engine/EngineMaterials/Substrate/Glints2/dict_0000_0023" 6244
"/Engine/EngineMaterials/Substrate/Glints2/dict_0000_0038" 6245
"/Engine/EngineMaterials/Substrate/Glints2/dict_0000_0037" 6246
"/Engine/EngineMaterials/Substrate/Glints2/dict_0000_0042" 6247
"/Engine/EngineMaterials/Substrate/Glints2/dict_0000_0041" 6248
"/Engine/EngineMaterials/Substrate/Glints2/dict_0000_0040" 6249
"/Engine/EngineMaterials/Substrate/Glints2/dict_0000_0039" 6250
"../../../Engine/Content/EngineMaterials/Substrate/Glints2/dict_0000_0046.uasset" 6251
"/Engine/EngineMaterials/Substrate/Glints2/dict_0000_0046" 6252
"../../../Engine/Content/EngineMaterials/Substrate/Glints2/dict_0000_0045.uasset" 6253
"/Engine/EngineMaterials/Substrate/Glints2/dict_0000_0045" 6254
"../../../Engine/Content/EngineMaterials/Substrate/Glints2/dict_0000_0048.uasset" 6255
"../../../Engine/Content/EngineMaterials/Substrate/Glints2/dict_0000_0052.uasset" 6256
"../../../Engine/Content/EngineMaterials/Substrate/Glints2/dict_0000_0049.uasset" 6257
"../../../Engine/Content/EngineMaterials/Substrate/Glints2/dict_0000_0053.uasset" 6258
"../../../Engine/Content/EngineMaterials/Substrate/Glints2/dict_0000_0050.uasset" 6259
"../../../Engine/Content/EngineMaterials/Substrate/Glints2/dict_0000_0051.uasset" 6260
"../../../Engine/Content/EngineMaterials/Substrate/Glints2/dict_0000_0054.uasset" 6261
"../../../Engine/Content/EngineMaterials/Substrate/Glints2/dict_0000_0044.uasset" 6262
"../../../Engine/Content/EngineMaterials/Substrate/Glints2/dict_0000_0047.uasset" 6263
"../../../Engine/Content/EngineMaterials/Substrate/Glints2/dict_0000_0055.uasset" 6264
"../../../Engine/Content/EngineMaterials/Substrate/Glints2/dict_0000_0058.uasset" 6265
"../../../Engine/Content/EngineMaterials/Substrate/Glints2/dict_0000_0056.uasset" 6266
"/Engine/EngineMaterials/Substrate/Glints2/dict_0000_0054" 6267
"../../../Engine/Content/EngineMaterials/Substrate/Glints2/dict_0000_0057.uasset" 6268
"/Engine/EngineMaterials/Substrate/Glints2/dict_0000_0053" 6269
"../../../Engine/Content/EngineMaterials/Substrate/Glints2/dict_0000_0064.uasset" 6270
"../../../Engine/Content/EngineMaterials/Substrate/Glints2/dict_0000_0060.uasset" 6271
"/Engine/EngineMaterials/Substrate/Glints2/dict_0000_0052" 6272
"../../../Engine/Content/EngineMaterials/Substrate/Glints2/dict_0000_0065.uasset" 6273
"/Engine/EngineMaterials/Substrate/Glints2/dict_0000_0051" 6274
"../../../Engine/Content/EngineMaterials/Substrate/Glints2/dict_0000_0061.uasset" 6275
"../../../Engine/Content/EngineMaterials/Substrate/Glints2/dict_0000_0063.uasset" 6276
"/Engine/EngineMaterials/Substrate/Glints2/dict_0000_0055" 6277
"/Engine/EngineMaterials/Substrate/Glints2/dict_0000_0050" 6278
"/Engine/EngineMaterials/Substrate/Glints2/dict_0000_0049" 6279
"/Engine/EngineMaterials/Substrate/Glints2/dict_0000_0048" 6280
"/Engine/EngineMaterials/Substrate/Glints2/dict_0000_0047" 6281
"../../../Engine/Content/EngineMaterials/Substrate/Glints2/dict_0000_0059.uasset" 6282
"/Engine/EngineMaterials/Substrate/Glints2/dict_0000_0044" 6283
"/Engine/EngineMaterials/Substrate/Glints2/dict_0000_0058" 6284
"/Engine/EngineMaterials/Substrate/Glints2/dict_0000_0056" 6285
"../../../Engine/Content/EngineMaterials/Substrate/Glints2/dict_0000_0068.uasset" 6286
"/Engine/EngineMaterials/Substrate/Glints2/dict_0000_0065" 6287
"/Engine/EngineMaterials/Substrate/Glints2/dict_0000_0064" 6288
"/Engine/EngineMaterials/Substrate/Glints2/dict_0000_0061" 6289
"../../../Engine/Content/EngineMaterials/Substrate/Glints2/dict_0000_0067.uasset" 6290
"/Engine/EngineMaterials/Substrate/Glints2/dict_0000_0060" 6291
"/Engine/EngineMaterials/Substrate/Glints2/dict_0000_0059" 6292
"/Engine/EngineMaterials/Substrate/Glints2/dict_0000_0057" 6293
"/Engine/EngineMaterials/Substrate/Glints2/dict_0000_0068" 6294
"/Engine/EngineMaterials/Substrate/Glints2/dict_0000_0067" 6295
"../../../Engine/Content/EngineMaterials/Substrate/Glints2/dict_0000_0071.uasset" 6296
"/Engine/EngineMaterials/Substrate/Glints2/dict_0000_0063" 6297
"../../../Engine/Content/EngineMaterials/Substrate/Glints2/dict_0000_0072.uasset" 6298
"/Engine/EngineMaterials/Substrate/Glints2/dict_0000_0072" 6299
"../../../Engine/Content/EngineMaterials/Substrate/Glints2/dict_0000_0069.uasset" 6300
"../../../Engine/Content/EngineMaterials/Substrate/Glints2/dict_0000_0073.uasset" 6301
"/Engine/EngineMaterials/Substrate/Glints2/dict_0000_0071" 6302
"../../../Engine/Content/EngineMaterials/Substrate/Glints2/dict_0000_0070.uasset" 6303
"/Engine/EngineMaterials/Substrate/Glints2/dict_0000_0073" 6304
"/Engine/EngineMaterials/Substrate/Glints2/dict_0000_0070" 6305
"/Engine/EngineMaterials/Substrate/Glints2/dict_0000_0069" 6306
"../../../Engine/Content/EngineMaterials/Substrate/Glints2/dict_0000_0066.uasset" 6307
"../../../Engine/Content/EngineMaterials/Substrate/Glints2/dict_0000_0074.uasset" 6308
"../../../Engine/Content/EngineMaterials/Substrate/Glints2/dict_0000_0076.uasset" 6309
"../../../Engine/Content/EngineMaterials/Substrate/Glints2/dict_0000_0075.uasset" 6310
"../../../Engine/Content/EngineMaterials/Substrate/Glints2/dict_0000_0078.uasset" 6311
"../../../Engine/Content/EngineMaterials/Substrate/Glints2/dict_0000_0080.uasset" 6312
"../../../Engine/Content/EngineMaterials/Substrate/Glints2/dict_0000_0083.uasset" 6313
"../../../Engine/Content/EngineMaterials/Substrate/Glints2/dict_0000_0082.uasset" 6314
"../../../Engine/Content/EngineMaterials/Substrate/Glints2/dict_0000_0079.uasset" 6315
"../../../Engine/Content/EngineMaterials/Substrate/Glints2/dict_0000_0086.uasset" 6316
"../../../Engine/Content/EngineMaterials/Substrate/Glints2/dict_0000_0043.uasset" 6317
"../../../Engine/Content/EngineMaterials/Substrate/Glints2/dict_0000_0084.uasset" 6318
"/Engine/EngineMaterials/Substrate/Glints2/dict_0000_0074" 6319
"../../../Engine/Content/EngineMaterials/Substrate/Glints2/dict_0000_0088.uasset" 6320
"../../../Engine/Content/EngineMaterials/Substrate/Glints2/dict_0000_0081.uasset" 6321
"/Engine/EngineMaterials/Substrate/Glints2/dict_0000_0086" 6322
"/Engine/EngineMaterials/Substrate/Glints2/dict_0000_0084" 6323
"../../../Engine/Content/EngineMaterials/Substrate/Glints2/dict_0000_0077.uasset" 6324
"../../../Engine/Content/EngineMaterials/Substrate/Glints2/dict_0000_0085.uasset" 6325
"/Engine/EngineMaterials/Substrate/Glints2/dict_0000_0083" 6326
"/Engine/EngineMaterials/Substrate/Glints2/dict_0000_0082" 6327
"/Engine/EngineMaterials/Substrate/Glints2/dict_0000_0080" 6328
"/Engine/EngineMaterials/Substrate/Glints2/dict_0000_0075" 6329
"/Engine/EngineMaterials/Substrate/Glints2/dict_0000_0076" 6330
"/Engine/EngineMaterials/Substrate/Glints2/dict_0000_0079" 6331
"/Engine/EngineMaterials/Substrate/Glints2/dict_0000_0043" 6332
"/Engine/EngineMaterials/Substrate/Glints2/dict_0000_0066" 6333
"../../../Engine/Content/EngineMaterials/Substrate/Glints2/dict_0000_0091.uasset" 6334
"../../../Engine/Content/EngineMaterials/Substrate/Glints2/dict_0000_0087.uasset" 6335
"../../../Engine/Content/EngineMaterials/Substrate/Glints2/dict_0000_0090.uasset" 6336
"../../../Engine/Content/EngineMaterials/Substrate/Glints2/dict_0000_0062.uasset" 6337
"/Engine/EngineMaterials/Substrate/Glints2/dict_0000_0078" 6338
"/Engine/EngineMaterials/Substrate/Glints2/dict_0000_0088" 6339
"/Engine/EngineMaterials/Substrate/Glints2/dict_0000_0087" 6340
"/Engine/EngineMaterials/Substrate/Glints2/dict_0000_0085" 6341
"../../../Engine/Content/EngineMaterials/Substrate/Glints2/dict_0000_0093.uasset" 6342
"/Engine/EngineMaterials/Substrate/Glints2/dict_0000_0081" 6343
"/Engine/EngineMaterials/Substrate/Glints2/dict_0000_0062" 6344
"/Engine/EngineMaterials/Substrate/Glints2/dict_0000_0091" 6345
"../../../Engine/Content/EngineMaterials/Substrate/Glints2/dict_0000_0095.uasset" 6346
"/Engine/EngineMaterials/Substrate/Glints2/dict_0000_0090" 6347
"/Engine/EngineMaterials/Substrate/Glints2/dict_0000_0077" 6348
"../../../Engine/Content/EngineMaterials/Substrate/Glints2/dict_0000_0092.uasset" 6349
"/Engine/EngineMaterials/Substrate/Glints2/dict_0000_0093" 6350
"/Engine/EngineMaterials/Substrate/Glints2/dict_0000_0095" 6351
"../../../Engine/Content/EngineMaterials/Substrate/Glints2/dict_0000_0096.uasset" 6352
"/Engine/EngineMaterials/Substrate/Glints2/dict_0000_0092" 6353
"/Engine/EngineMaterials/Substrate/Glints2/dict_0000_0096" 6354
"../../../Engine/Content/EngineMaterials/Substrate/Glints2/dict_0000_0099.uasset" 6355
"../../../Engine/Content/EngineMaterials/Substrate/Glints2/dict_0000_0097.uasset" 6356
"../../../Engine/Content/EngineMaterials/Substrate/Glints2/dict_0000_0094.uasset" 6357
"../../../Engine/Content/EngineMaterials/Substrate/Glints2/dict_0000_0102.uasset" 6358
"../../../Engine/Content/EngineMaterials/Substrate/Glints2/dict_0000_0089.uasset" 6359
"../../../Engine/Content/EngineMaterials/Substrate/Glints2/dict_0000_0098.uasset" 6360
"../../../Engine/Content/EngineMaterials/Substrate/Glints2/dict_0000_0103.uasset" 6361
"../../../Engine/Content/EngineMaterials/Substrate/Glints2/dict_0000_0100.uasset" 6362
"../../../Engine/Content/EngineMaterials/Substrate/Glints2/dict_0000_0101.uasset" 6363
"../../../Engine/Content/EngineMaterials/Substrate/Glints2/dict_0000_0108.uasset" 6364
"../../../Engine/Content/EngineMaterials/Substrate/Glints2/dict_0000_0104.uasset" 6365
"../../../Engine/Content/EngineMaterials/Substrate/Glints2/dict_0000_0106.uasset" 6366
"../../../Engine/Content/EngineMaterials/Substrate/Glints2/dict_0000_0105.uasset" 6367
"../../../Engine/Content/EngineMaterials/Substrate/Glints2/dict_0000_0110.uasset" 6368
"../../../Engine/Content/EngineMaterials/Substrate/Glints2/dict_0000_0112.uasset" 6369
"../../../Engine/Content/EngineMaterials/Substrate/Glints2/dict_0000_0111.uasset" 6370
"../../../Engine/Content/EngineMaterials/Substrate/Glints2/dict_0000_0113.uasset" 6371
"../../../Engine/Content/EngineMaterials/Substrate/Glints2/dict_0000_0114.uasset" 6372
"/Engine/EngineMaterials/Substrate/Glints2/dict_0000_0114" 6373
"/Engine/EngineMaterials/Substrate/Glints2/dict_0000_0113" 6374
"/Engine/EngineMaterials/Substrate/Glints2/dict_0000_0112" 6375
"../../../Engine/Content/EngineMaterials/Substrate/Glints2/dict_0000_0115.uasset" 6376
"/Engine/EngineMaterials/Substrate/Glints2/dict_0000_0102" 6377
"/Engine/EngineMaterials/Substrate/Glints2/dict_0000_0111" 6378
"/Engine/EngineMaterials/Substrate/Glints2/dict_0000_0110" 6379
"/Engine/EngineMaterials/Substrate/Glints2/dict_0000_0097" 6380
"../../../Engine/Content/EngineMaterials/Substrate/Glints2/dict_0000_0117.uasset" 6381
"/Engine/EngineMaterials/Substrate/Glints2/dict_0000_0108" 6382
"../../../Engine/Content/EngineMaterials/Substrate/Glints2/dict_0000_0116.uasset" 6383
"../../../Engine/Content/EngineMaterials/Substrate/Glints2/dict_0000_0107.uasset" 6384
"/Engine/EngineMaterials/Substrate/Glints2/dict_0000_0106" 6385
"/Engine/EngineMaterials/Substrate/Glints2/dict_0000_0105" 6386
"/Engine/EngineMaterials/Substrate/Glints2/dict_0000_0099" 6387
"/Engine/EngineMaterials/Substrate/Glints2/dict_0000_0098" 6388
"/Engine/EngineMaterials/Substrate/Glints2/dict_0000_0101" 6389
"/Engine/EngineMaterials/Substrate/Glints2/dict_0000_0100" 6390
"../../../Engine/Content/EngineMaterials/Substrate/Glints2/dict_0000_0118.uasset" 6391
"../../../Engine/Content/EngineMaterials/Substrate/Glints2/dict_0000_0122.uasset" 6392
"../../../Engine/Content/EngineMaterials/Substrate/Glints2/dict_0000_0124.uasset" 6393
"/Engine/EngineMaterials/Substrate/Glints2/dict_0000_0104" 6394
"../../../Engine/Content/EngineMaterials/Substrate/Glints2/dict_0000_0123.uasset" 6395
"/Engine/EngineMaterials/Substrate/Glints2/dict_0000_0094" 6396
"/Engine/EngineMaterials/Substrate/Glints2/dict_0000_0103" 6397
"../../../Engine/Content/EngineMaterials/Substrate/Glints2/dict_0000_0121.uasset" 6398
"/Engine/EngineMaterials/Substrate/Glints2/dict_0000_0089" 6399
"/Engine/EngineMaterials/Substrate/Glints2/dict_0000_0122" 6400
"../../../Engine/Content/EngineMaterials/Substrate/Glints2/dict_0000_0120.uasset" 6401
"/Engine/EngineMaterials/Substrate/Glints2/dict_0000_0121" 6402
"/Engine/EngineMaterials/Substrate/Glints2/dict_0000_0107" 6403
"/Engine/EngineMaterials/Substrate/Glints2/dict_0000_0124" 6404
"/Engine/EngineMaterials/Substrate/Glints2/dict_0000_0118" 6405
"/Engine/EngineMaterials/Substrate/Glints2/dict_0000_0123" 6406
"/Engine/EngineMaterials/Substrate/Glints2/dict_0000_0117" 6407
"/Engine/EngineMaterials/Substrate/Glints2/dict_0000_0116" 6408
"/Engine/EngineMaterials/Substrate/Glints2/dict_0000_0115" 6409
"/Engine/EngineMaterials/Substrate/Glints2/dict_0000_0120" 6410
"../../../Engine/Content/EngineMaterials/Substrate/Glints2/dict_0000_0126.uasset" 6411
"/Engine/EngineMaterials/Substrate/Glints2/dict_0000_0126" 6412
"../../../Engine/Content/EngineMaterials/Substrate/Glints2/dict_0000_0119.uasset" 6413
"../../../Engine/Content/EngineMaterials/Substrate/Glints2/dict_0000_0127.uasset" 6414
"../../../Engine/Content/EngineMaterials/Substrate/Glints2/dict_0000_0128.uasset" 6415
"../../../Engine/Content/EngineMaterials/Substrate/Glints2/dict_0000_0134.uasset" 6416
"../../../Engine/Content/EngineMaterials/Substrate/Glints2/dict_0000_0109.uasset" 6417
"../../../Engine/Content/EngineMaterials/Substrate/Glints2/dict_0000_0129.uasset" 6418
"../../../Engine/Content/EngineMaterials/Substrate/Glints2/dict_0000_0132.uasset" 6419
"../../../Engine/Content/EngineMaterials/Substrate/Glints2/dict_0000_0131.uasset" 6420
"../../../Engine/Content/EngineMaterials/Substrate/Glints2/dict_0000_0138.uasset" 6421
"../../../Engine/Content/EngineMaterials/Substrate/Glints2/dict_0000_0139.uasset" 6422
"../../../Engine/Content/EngineMaterials/Substrate/Glints2/dict_0000_0140.uasset" 6423
"/Engine/EngineMaterials/Substrate/Glints2/dict_0000_0139" 6424
"../../../Engine/Content/EngineMaterials/Substrate/Glints2/dict_0000_0135.uasset" 6425
"../../../Engine/Content/EngineMaterials/Substrate/Glints2/dict_0000_0136.uasset" 6426
"/Engine/EngineMaterials/Substrate/Glints2/dict_0000_0119" 6427
"/Engine/EngineMaterials/Substrate/Glints2/dict_0000_0138" 6428
"/Engine/EngineMaterials/Substrate/Glints2/dict_0000_0109" 6429
"/Engine/EngineMaterials/Substrate/Glints2/dict_0000_0134" 6430
"../../../Engine/Content/EngineMaterials/Substrate/Glints2/dict_0000_0130.uasset" 6431
"/Engine/EngineMaterials/Substrate/Glints2/dict_0000_0132" 6432
"../../../Engine/Content/EngineMaterials/Substrate/Glints2/dict_0000_0137.uasset" 6433
"/Engine/EngineMaterials/Substrate/Glints2/dict_0000_0131" 6434
"/Engine/EngineMaterials/Substrate/Glints2/dict_0000_0129" 6435
"/Engine/EngineMaterials/Substrate/Glints2/dict_0000_0128" 6436
"/Engine/EngineMaterials/Substrate/Glints2/dict_0000_0127" 6437
"/Engine/EngineMaterials/Substrate/Glints2/dict_0000_0140" 6438
"/Engine/EngineMaterials/Substrate/Glints2/dict_0000_0137" 6439
"/Engine/EngineMaterials/Substrate/Glints2/dict_0000_0136" 6440
"/Engine/EngineMaterials/Substrate/Glints2/dict_0000_0135" 6441
"../../../Engine/Content/EngineMaterials/Substrate/Glints2/dict_0000_0145.uasset" 6442
"../../../Engine/Content/EngineMaterials/Substrate/Glints2/dict_0000_0144.uasset" 6443
"/Engine/EngineMaterials/Substrate/Glints2/dict_0000_0130" 6444
"../../../Engine/Content/EngineMaterials/Substrate/Glints2/dict_0000_0141.uasset" 6445
"../../../Engine/Content/EngineMaterials/Substrate/Glints2/dict_0000_0146.uasset" 6446
"/Engine/EngineMaterials/Substrate/Glints2/dict_0000_0144" 6447
"../../../Engine/Content/EngineMaterials/Substrate/Glints2/dict_0000_0142.uasset" 6448
"../../../Engine/Content/EngineMaterials/Substrate/Glints2/dict_0000_0143.uasset" 6449
"/Engine/EngineMaterials/Substrate/Glints2/dict_0000_0141" 6450
"/Engine/EngineMaterials/Substrate/Glints2/dict_0000_0146" 6451
"/Engine/EngineMaterials/Substrate/Glints2/dict_0000_0145" 6452
"/Engine/EngineMaterials/Substrate/Glints2/dict_0000_0143" 6453
"../../../Engine/Content/EngineMaterials/Substrate/Glints2/dict_0000_0125.uasset" 6454
"../../../Engine/Content/EngineMaterials/Substrate/Glints2/dict_0000_0133.uasset" 6455
"/Engine/EngineMaterials/Substrate/Glints2/dict_0000_0142" 6456
"/Engine/EngineMaterials/Substrate/Glints2/dict_0000_0133" 6457
"/Engine/EngineMaterials/Substrate/Glints2/dict_0000_0125" 6458
"../../../Engine/Content/EngineMaterials/Substrate/Glints2/dict_0000_0147.uasset" 6459
"../../../Engine/Content/EngineMaterials/Substrate/Glints2/dict_0000_0152.uasset" 6460
"../../../Engine/Content/EngineMaterials/Substrate/Glints2/dict_0000_0148.uasset" 6461
"../../../Engine/Content/EngineMaterials/Substrate/Glints2/dict_0000_0149.uasset" 6462
"../../../Engine/Content/EngineMaterials/Substrate/Glints2/dict_0000_0150.uasset" 6463
"../../../Engine/Content/EngineMaterials/Substrate/Glints2/dict_0000_0154.uasset" 6464
"../../../Engine/Content/EngineMaterials/Substrate/Glints2/dict_0000_0151.uasset" 6465
"../../../Engine/Content/EngineMaterials/Substrate/Glints2/dict_0000_0155.uasset" 6466
"../../../Engine/Content/EngineMaterials/Substrate/Glints2/dict_0000_0158.uasset" 6467
"../../../Engine/Content/EngineMaterials/Substrate/Glints2/dict_0000_0153.uasset" 6468
"../../../Engine/Content/EngineMaterials/Substrate/Glints2/dict_0000_0157.uasset" 6469
"../../../Engine/Content/EngineMaterials/Substrate/Glints2/dict_0000_0164.uasset" 6470
"../../../Engine/Content/EngineMaterials/Substrate/Glints2/dict_0000_0162.uasset" 6471
"/Engine/EngineMaterials/Substrate/Glints2/dict_0000_0153" 6472
"../../../Engine/Content/EngineMaterials/Substrate/Glints2/dict_0000_0165.uasset" 6473
"../../../Engine/Content/EngineMaterials/Substrate/Glints2/dict_0000_0167.uasset" 6474
"/Engine/EngineMaterials/Substrate/Glints2/dict_0000_0152" 6475
"/Engine/EngineMaterials/Substrate/Glints2/dict_0000_0154" 6476
"/Engine/EngineMaterials/Substrate/Glints2/dict_0000_0155" 6477
"/Engine/EngineMaterials/Substrate/Glints2/dict_0000_0151" 6478
"/Engine/EngineMaterials/Substrate/Glints2/dict_0000_0158" 6479
"/Engine/EngineMaterials/Substrate/Glints2/dict_0000_0150" 6480
"/Engine/EngineMaterials/Substrate/Glints2/dict_0000_0149" 6481
"/Engine/EngineMaterials/Substrate/Glints2/dict_0000_0148" 6482
"/Engine/EngineMaterials/Substrate/Glints2/dict_0000_0147" 6483
"/Engine/EngineMaterials/Substrate/Glints2/dict_0000_0157" 6484
"/Engine/EngineMaterials/Substrate/Glints2/dict_0000_0165" 6485
"/Engine/EngineMaterials/Substrate/Glints2/dict_0000_0164" 6486
"/Engine/EngineMaterials/Substrate/Glints2/dict_0000_0162" 6487
"../../../Engine/Content/EngineMaterials/Substrate/Glints2/dict_0000_0161.uasset" 6488
"/Engine/EngineMaterials/Substrate/Glints2/dict_0000_0167" 6489
"/Engine/EngineMaterials/Substrate/Glints2/dict_0000_0161" 6490
"../../../Engine/Content/EngineMaterials/Substrate/Glints2/dict_0000_0160.uasset" 6491
"../../../Engine/Content/EngineMaterials/Substrate/Glints2/dict_0000_0169.uasset" 6492
"../../../Engine/Content/EngineMaterials/Substrate/Glints2/dict_0000_0171.uasset" 6493
"../../../Engine/Content/EngineMaterials/Substrate/Glints2/dict_0000_0173.uasset" 6494
"../../../Engine/Content/EngineMaterials/Substrate/Glints2/dict_0000_0172.uasset" 6495
"../../../Engine/Content/EngineMaterials/Substrate/Glints2/dict_0000_0168.uasset" 6496
"../../../Engine/Content/EngineMaterials/Substrate/Glints2/dict_0000_0170.uasset" 6497
"../../../Engine/Content/EngineMaterials/Substrate/Glints2/dict_0000_0174.uasset" 6498
"../../../Engine/Content/EngineMaterials/Substrate/Glints2/dict_0000_0163.uasset" 6499
"../../../Engine/Content/EngineMaterials/Substrate/Glints2/dict_0000_0159.uasset" 6500
"../../../Engine/Content/EngineMaterials/Substrate/Glints2/dict_0000_0166.uasset" 6501
"../../../Engine/Content/EngineMaterials/Substrate/Glints2/dict_0000_0176.uasset" 6502
"../../../Engine/Content/EngineMaterials/Substrate/Glints2/dict_0000_0178.uasset" 6503
"../../../Engine/Content/EngineMaterials/Substrate/Glints2/dict_0000_0179.uasset" 6504
"../../../Engine/Content/EngineMaterials/Substrate/Glints2/dict_0000_0182.uasset" 6505
"../../../Engine/Content/EngineMaterials/Substrate/Glints2/dict_0000_0180.uasset" 6506
"/Engine/EngineMaterials/Substrate/Glints2/dict_0000_0174" 6507
"/Engine/EngineMaterials/Substrate/Glints2/dict_0000_0176" 6508
"/Engine/EngineMaterials/Substrate/Glints2/dict_0000_0173" 6509
"/Engine/EngineMaterials/Substrate/Glints2/dict_0000_0170" 6510
"/Engine/EngineMaterials/Substrate/Glints2/dict_0000_0163" 6511
"/Engine/EngineMaterials/Substrate/Glints2/dict_0000_0169" 6512
"../../../Engine/Content/EngineMaterials/Substrate/Glints2/dict_0000_0156.uasset" 6513
"/Engine/EngineMaterials/Substrate/Glints2/dict_0000_0168" 6514
"../../../Engine/Content/EngineMaterials/Substrate/Glints2/dict_0000_0184.uasset" 6515
"/Engine/EngineMaterials/Substrate/Glints2/dict_0000_0178" 6516
"../../../Engine/Content/EngineMaterials/Substrate/Glints2/dict_0000_0183.uasset" 6517
"/Engine/EngineMaterials/Substrate/Glints2/dict_0000_0160" 6518
"/Engine/EngineMaterials/Substrate/Glints2/dict_0000_0159" 6519
"/Engine/EngineMaterials/Substrate/Glints2/dict_0000_0166" 6520
"/Engine/EngineMaterials/Substrate/Glints2/dict_0000_0182" 6521
"/Engine/EngineMaterials/Substrate/Glints2/dict_0000_0172" 6522
"/Engine/EngineMaterials/Substrate/Glints2/dict_0000_0179" 6523
"../../../Engine/Content/EngineMaterials/Substrate/Glints2/dict_0000_0177.uasset" 6524
"/Engine/EngineMaterials/Substrate/Glints2/dict_0000_0171" 6525
"/Engine/EngineMaterials/Substrate/Glints2/dict_0000_0184" 6526
"/Engine/EngineMaterials/Substrate/Glints2/dict_0000_0177" 6527
"../../../Engine/Content/EngineMaterials/Substrate/Glints2/dict_0000_0189.uasset" 6528
"/Engine/EngineMaterials/Substrate/Glints2/dict_0000_0183" 6529
"/Engine/EngineMaterials/Substrate/Glints2/dict_0000_0180" 6530
"../../../Engine/Content/EngineMaterials/Substrate/Glints2/dict_0000_0190.uasset" 6531
"/Engine/EngineMaterials/Substrate/Glints2/dict_0000_0156" 6532
"/Engine/EngineMaterials/Substrate/Glints2/dict_0000_0189" 6533
"../../../Engine/Content/EngineMaterials/Substrate/Glints2/dict_0000_0191.uasset" 6534
"/Engine/EngineMaterials/Substrate/Glints2/dict_0000_0190" 6535
"../../../Engine/Content/EngineMaterials/Substrate/Glints2/dict_0000_0188.uasset" 6536
"../../../Engine/Content/EngineMaterials/Substrate/Glints2/dict_0000_0175.uasset" 6537
"/Engine/EngineMaterials/Substrate/Glints2/dict_0000_0188" 6538
"/Engine/EngineMaterials/Substrate/Glints2/dict_0000_0191" 6539
"/Engine/EngineMaterials/Substrate/Glints2/dict_0000_0175" 6540
"../../../Engine/Content/EngineMaterials/Substrate/Glints2/dict_0000_0181.uasset" 6541
"../../../Engine/Content/EngineMaterials/Substrate/Glints2/dict_0000_0194.uasset" 6542
"../../../Engine/Content/EngineMaterials/Substrate/Glints2/dict_0000_0186.uasset" 6543
"../../../Engine/Content/EngineMaterials/Substrate/Glints2/dict_0000_0196.uasset" 6544
"../../../Engine/Content/EngineMaterials/Substrate/Glints2/dict_0000_0197.uasset" 6545
"../../../Engine/Content/EngineMaterials/Substrate/Glints2/dict_0000_0198.uasset" 6546
"../../../Engine/Content/EngineMaterials/Substrate/Glints2/dict_0000_0185.uasset" 6547
"../../../Engine/Content/EngineMaterials/Substrate/Glints2/dict_0000_0199.uasset" 6548
"../../../Engine/Content/EngineMaterials/Substrate/Glints2/dict_0000_0187.uasset" 6549
"../../../Engine/Content/EngineMaterials/Substrate/Glints2/dict_0000_0202.uasset" 6550
"/Engine/EngineMaterials/Substrate/Glints2/dict_0000_0187" 6551
"../../../Engine/Content/EngineMaterials/Substrate/Glints2/dict_0000_0195.uasset" 6552
"/Engine/EngineMaterials/Substrate/Glints2/dict_0000_0186" 6553
"../../../Engine/Content/EngineMaterials/Substrate/Glints2/dict_0000_0204.uasset" 6554
"../../../Engine/Content/EngineMaterials/Substrate/Glints2/dict_0000_0205.uasset" 6555
"/Engine/EngineMaterials/Substrate/Glints2/dict_0000_0185" 6556
"/Engine/EngineMaterials/Substrate/Glints2/dict_0000_0194" 6557
"/Engine/EngineMaterials/Substrate/Glints2/dict_0000_0202" 6558
"../../../Engine/Content/EngineMaterials/Substrate/Glints2/dict_0000_0206.uasset" 6559
"/Engine/EngineMaterials/Substrate/Glints2/dict_0000_0199" 6560
"../../../Engine/Content/EngineMaterials/Substrate/Glints2/dict_0000_0192.uasset" 6561
"../../../Engine/Content/EngineMaterials/Substrate/Glints2/dict_0000_0193.uasset" 6562
"/Engine/EngineMaterials/Substrate/Glints2/dict_0000_0198" 6563
"/Engine/EngineMaterials/Substrate/Glints2/dict_0000_0181" 6564
"../../../Engine/Content/EngineMaterials/Substrate/Glints2/dict_0000_0201.uasset" 6565
"/Engine/EngineMaterials/Substrate/Glints2/dict_0000_0197" 6566
"../../../Engine/Content/EngineMaterials/Substrate/Glints2/dict_0000_0203.uasset" 6567
"/Engine/EngineMaterials/Substrate/Glints2/dict_0000_0196" 6568
"/Engine/EngineMaterials/Substrate/Glints2/dict_0000_0206" 6569
"/Engine/EngineMaterials/Substrate/Glints2/dict_0000_0193" 6570
"/Engine/EngineMaterials/Substrate/Glints2/dict_0000_0192" 6571
"/Engine/EngineMaterials/Substrate/Glints2/dict_0000_0205" 6572
"/Engine/EngineMaterials/Substrate/Glints2/dict_0000_0204" 6573
"../../../Engine/Content/EngineMaterials/Substrate/Glints2/dict_0000_0210.uasset" 6574
"/Engine/EngineMaterials/Substrate/Glints2/dict_0000_0203" 6575
"../../../Engine/Content/EngineMaterials/Substrate/Glints2/dict_0000_0208.uasset" 6576
"/Engine/EngineMaterials/Substrate/Glints2/dict_0000_0201" 6577
"/Engine/EngineMaterials/Substrate/Glints2/dict_0000_0195" 6578
"/Engine/EngineMaterials/Substrate/Glints2/dict_0000_0208" 6579
"/Engine/EngineMaterials/Substrate/Glints2/dict_0000_0210" 6580
"../../../Engine/Content/EngineMaterials/Substrate/Glints2/dict_0000_0213.uasset" 6581
"../../../Engine/Content/EngineMaterials/Substrate/Glints2/dict_0000_0200.uasset" 6582
"../../../Engine/Content/EngineMaterials/Substrate/Glints2/dict_0000_0214.uasset" 6583
"../../../Engine/Content/EngineMaterials/Substrate/Glints2/dict_0000_0209.uasset" 6584
"../../../Engine/Content/EngineMaterials/Substrate/Glints2/dict_0000_0212.uasset" 6585
"../../../Engine/Content/EngineMaterials/Substrate/Glints2/dict_0000_0218.uasset" 6586
"../../../Engine/Content/EngineMaterials/Substrate/Glints2/dict_0000_0216.uasset" 6587
"../../../Engine/Content/EngineMaterials/Substrate/Glints2/dict_0000_0217.uasset" 6588
"../../../Engine/Content/EngineMaterials/Substrate/Glints2/dict_0000_0220.uasset" 6589
"../../../Engine/Content/EngineMaterials/Substrate/Glints2/dict_0000_0219.uasset" 6590
"../../../Engine/Content/EngineMaterials/Substrate/Glints2/dict_0000_0207.uasset" 6591
"../../../Engine/Content/EngineMaterials/Substrate/Glints2/dict_0000_0221.uasset" 6592
"../../../Engine/Content/EngineMaterials/Substrate/Glints2/dict_0000_0211.uasset" 6593
"../../../Engine/Content/EngineMaterials/Substrate/Glints2/dict_0000_0225.uasset" 6594
"../../../Engine/Content/EngineMaterials/Substrate/Glints2/dict_0000_0223.uasset" 6595
"../../../Engine/Content/EngineMaterials/Substrate/Glints2/dict_0000_0224.uasset" 6596
"../../../Engine/Content/EngineMaterials/Substrate/Glints2/dict_0000_0229.uasset" 6597
"../../../Engine/Content/EngineMaterials/Substrate/Glints2/dict_0000_0226.uasset" 6598
"../../../Engine/Content/EngineMaterials/Substrate/Glints2/dict_0000_0227.uasset" 6599
"../../../Engine/Content/EngineMaterials/Substrate/Glints2/dict_0000_0230.uasset" 6600
"../../../Engine/Content/EngineMaterials/Substrate/Glints2/dict_0000_0222.uasset" 6601
"../../../Engine/Content/EngineMaterials/Substrate/Glints2/dict_0000_0235.uasset" 6602
"../../../Engine/Content/EngineMaterials/Substrate/Glints2/dict_0000_0233.uasset" 6603
"../../../Engine/Content/EngineMaterials/Substrate/Glints2/dict_0000_0234.uasset" 6604
"../../../Engine/Content/EngineMaterials/Substrate/Glints2/dict_0000_0232.uasset" 6605
"../../../Engine/Content/EngineMaterials/Substrate/Glints2/dict_0000_0237.uasset" 6606
"../../../Engine/Content/EngineMaterials/Substrate/Glints2/dict_0000_0239.uasset" 6607
"../../../Engine/Content/EngineMaterials/Substrate/Glints2/dict_0000_0228.uasset" 6608
"../../../Engine/Content/EngineMaterials/Substrate/Glints2/dict_0000_0231.uasset" 6609
"../../../Engine/Content/EngineMaterials/Substrate/Glints2/dict_0000_0236.uasset" 6610
"../../../Engine/Content/EngineMaterials/Substrate/Glints2/dict_0000_0215.uasset" 6611
"../../../Engine/Content/EngineMaterials/Substrate/Glints2/dict_0000_0238.uasset" 6612
"/Engine/EngineMaterials/Substrate/Glints2/dict_0000_0216" 6613
"/Engine/EngineMaterials/Substrate/Glints2/dict_0000_0209" 6614
"/Engine/EngineMaterials/Substrate/Glints2/dict_0000_0218" 6615
"/Engine/EngineMaterials/Substrate/Glints2/dict_0000_0239" 6616
"/Engine/EngineMaterials/Substrate/Glints2/dict_0000_0229" 6617
"/Engine/EngineMaterials/Substrate/Glints2/dict_0000_0219" 6618
"/Engine/EngineMaterials/Substrate/Glints2/dict_0000_0207" 6619
"/Engine/EngineMaterials/Substrate/Glints2/dict_0000_0237" 6620
"/Engine/EngineMaterials/Substrate/Glints2/dict_0000_0236" 6621
"/Engine/EngineMaterials/Substrate/Glints2/dict_0000_0235" 6622
"/Engine/EngineMaterials/Substrate/Glints2/dict_0000_0234" 6623
"/Engine/EngineMaterials/Substrate/Glints2/dict_0000_0228" 6624
"/Engine/EngineMaterials/Substrate/Glints2/dict_0000_0217" 6625
"/Engine/EngineMaterials/Substrate/Glints2/dict_0000_0233" 6626
"/Engine/EngineMaterials/Substrate/Glints2/dict_0000_0227" 6627
"/Engine/EngineMaterials/Substrate/Glints2/dict_0000_0232" 6628
"/Engine/EngineMaterials/Substrate/Glints2/dict_0000_0215" 6629
"/Engine/EngineMaterials/Substrate/Glints2/dict_0000_0226" 6630
"/Engine/EngineMaterials/Substrate/Glints2/dict_0000_0225" 6631
"/Engine/EngineMaterials/Substrate/Glints2/dict_0000_0231" 6632
"/Engine/EngineMaterials/Substrate/Glints2/dict_0000_0200" 6633
"/Engine/EngineMaterials/Substrate/Glints2/dict_0000_0224" 6634
"/Engine/EngineMaterials/Substrate/Glints2/dict_0000_0214" 6635
"/Engine/EngineMaterials/Substrate/Glints2/dict_0000_0213" 6636
"/Engine/EngineMaterials/Substrate/Glints2/dict_0000_0212" 6637
"/Engine/EngineMaterials/Substrate/Glints2/dict_0000_0223" 6638
"/Engine/EngineMaterials/Substrate/Glints2/dict_0000_0222" 6639
"/Engine/EngineMaterials/Substrate/Glints2/dict_0000_0211" 6640
"/Engine/EngineMaterials/Substrate/Glints2/dict_0000_0221" 6641
"/Engine/EngineMaterials/Substrate/Glints2/dict_0000_0220" 6642
"/Engine/EngineMaterials/Substrate/Glints2/dict_0000_0238" 6643
"/Engine/EngineMaterials/Substrate/Glints2/dict_0000_0230" 6644
"../../../Engine/Content/EngineMaterials/Substrate/Glints2/dict_0000_0241.uasset" 6645
"../../../Engine/Content/EngineMaterials/Substrate/Glints2/dict_0000_0242.uasset" 6646
"../../../Engine/Content/EngineMaterials/Substrate/Glints2/dict_0000_0246.uasset" 6647
"../../../Engine/Content/EngineMaterials/Substrate/Glints2/dict_0000_0244.uasset" 6648
"../../../Engine/Content/EngineMaterials/Substrate/Glints2/dict_0000_0240.uasset" 6649
"../../../Engine/Content/EngineMaterials/Substrate/Glints2/dict_0000_0243.uasset" 6650
"../../../Engine/Content/EngineMaterials/Substrate/Glints2/dict_0000_0248.uasset" 6651
"../../../Engine/Content/EngineMaterials/Substrate/Glints2/dict_0000_0250.uasset" 6652
"../../../Engine/Content/EngineMaterials/Substrate/Glints2/dict_0000_0245.uasset" 6653
"../../../Engine/Content/EngineMaterials/Substrate/Glints2/dict_0000_0253.uasset" 6654
"../../../Engine/Content/EngineMaterials/Substrate/Glints2/dict_0000_0254.uasset" 6655
"/Engine/EngineMaterials/Substrate/Glints2/dict_0000_0253" 6656
"/Engine/EngineMaterials/Substrate/Glints2/dict_0000_0250" 6657
"../../../Engine/Content/EngineMaterials/Substrate/Glints2/dict_0000_0251.uasset" 6658
"../../../Engine/Content/EngineMaterials/Substrate/Glints2/dict_0000_0249.uasset" 6659
"/Engine/EngineMaterials/Substrate/Glints2/dict_0000_0248" 6660
"/Engine/EngineMaterials/Substrate/Glints2/dict_0000_0246" 6661
"/Engine/EngineMaterials/Substrate/Glints2/dict_0000_0245" 6662
"../../../Engine/Content/EngineMaterials/Substrate/Glints2/dict_0000_0252.uasset" 6663
"/Engine/EngineMaterials/Substrate/Glints2/dict_0000_0244" 6664
"/Engine/EngineMaterials/Substrate/Glints2/dict_0000_0243" 6665
"/Engine/EngineMaterials/Substrate/Glints2/dict_0000_0242" 6666
"../../../Engine/Content/EngineMaterials/Substrate/Glints2/dict_0000_0255.uasset" 6667
"/Engine/EngineMaterials/Substrate/Glints2/dict_0000_0241" 6668
"/Engine/EngineMaterials/Substrate/Glints2/dict_0000_0240" 6669
"../../../Engine/Content/EngineMaterials/Substrate/Glints2/dict_0001_0002.uasset" 6670
"/Engine/EngineMaterials/Substrate/Glints2/dict_0001_0002" 6671
"/Engine/EngineMaterials/Substrate/Glints2/dict_0000_0255" 6672
"/Engine/EngineMaterials/Substrate/Glints2/dict_0000_0254" 6673
"/Engine/EngineMaterials/Substrate/Glints2/dict_0000_0252" 6674
"/Engine/EngineMaterials/Substrate/Glints2/dict_0000_0251" 6675
"../../../Engine/Content/EngineMaterials/Substrate/Glints2/dict_0001_0006.uasset" 6676
"/Engine/EngineMaterials/Substrate/Glints2/dict_0000_0249" 6677
"../../../Engine/Content/EngineMaterials/Substrate/Glints2/dict_0001_0004.uasset" 6678
"../../../Engine/Content/EngineMaterials/Substrate/Glints2/dict_0001_0005.uasset" 6679
"/Engine/EngineMaterials/Substrate/Glints2/dict_0001_0006" 6680
"/Engine/EngineMaterials/Substrate/Glints2/dict_0001_0004" 6681
"/Engine/EngineMaterials/Substrate/Glints2/dict_0001_0005" 6682
"../../../Engine/Content/EngineMaterials/Substrate/Glints2/dict_0001_0007.uasset" 6683
"../../../Engine/Content/EngineMaterials/Substrate/Glints2/dict_0000_0247.uasset" 6684
"../../../Engine/Content/EngineMaterials/Substrate/Glints2/dict_0001_0000.uasset" 6685
"../../../Engine/Content/EngineMaterials/Substrate/Glints2/dict_0001_0003.uasset" 6686
"../../../Engine/Content/EngineMaterials/Substrate/Glints2/dict_0001_0010.uasset" 6687
"../../../Engine/Content/EngineMaterials/Substrate/Glints2/dict_0001_0001.uasset" 6688
"../../../Engine/Content/EngineMaterials/Substrate/Glints2/dict_0001_0009.uasset" 6689
"../../../Engine/Content/EngineMaterials/Substrate/Glints2/dict_0001_0012.uasset" 6690
"../../../Engine/Content/EngineMaterials/Substrate/Glints2/dict_0001_0008.uasset" 6691
"../../../Engine/Content/EngineMaterials/Substrate/Glints2/dict_0001_0013.uasset" 6692
"../../../Engine/Content/EngineMaterials/Substrate/Glints2/dict_0001_0015.uasset" 6693
"../../../Engine/Content/EngineMaterials/Substrate/Glints2/dict_0001_0016.uasset" 6694
"../../../Engine/Content/EngineMaterials/Substrate/Glints2/dict_0001_0018.uasset" 6695
"../../../Engine/Content/EngineMaterials/Substrate/Glints2/dict_0001_0020.uasset" 6696
"../../../Engine/Content/EngineMaterials/Substrate/Glints2/dict_0001_0017.uasset" 6697
"../../../Engine/Content/EngineMaterials/Substrate/Glints2/dict_0001_0011.uasset" 6698
"/Engine/EngineMaterials/Substrate/Glints2/dict_0001_0015" 6699
"/Engine/EngineMaterials/Substrate/Glints2/dict_0001_0013" 6700
"../../../Engine/Content/EngineMaterials/Substrate/Glints2/dict_0001_0022.uasset" 6701
"../../../Engine/Content/EngineMaterials/Substrate/Glints2/dict_0001_0024.uasset" 6702
"/Engine/EngineMaterials/Substrate/Glints2/dict_0001_0012" 6703
"../../../Engine/Content/EngineMaterials/Substrate/Glints2/dict_0001_0014.uasset" 6704
"/Engine/EngineMaterials/Substrate/Glints2/dict_0001_0011" 6705
"/Engine/EngineMaterials/Substrate/Glints2/dict_0001_0010" 6706
"../../../Engine/Content/EngineMaterials/Substrate/Glints2/dict_0001_0025.uasset" 6707
"/Engine/EngineMaterials/Substrate/Glints2/dict_0001_0009" 6708
"../../../Engine/Content/EngineMaterials/Substrate/Glints2/dict_0001_0023.uasset" 6709
"/Engine/EngineMaterials/Substrate/Glints2/dict_0001_0008" 6710
"/Engine/EngineMaterials/Substrate/Glints2/dict_0001_0007" 6711
"/Engine/EngineMaterials/Substrate/Glints2/dict_0001_0003" 6712
"/Engine/EngineMaterials/Substrate/Glints2/dict_0001_0001" 6713
"../../../Engine/Content/EngineMaterials/Substrate/Glints2/dict_0001_0027.uasset" 6714
"/Engine/EngineMaterials/Substrate/Glints2/dict_0001_0000" 6715
"/Engine/EngineMaterials/Substrate/Glints2/dict_0000_0247" 6716
"/Engine/EngineMaterials/Substrate/Glints2/dict_0001_0020" 6717
"../../../Engine/Content/EngineMaterials/Substrate/Glints2/dict_0001_0028.uasset" 6718
"/Engine/EngineMaterials/Substrate/Glints2/dict_0001_0018" 6719
"/Engine/EngineMaterials/Substrate/Glints2/dict_0001_0017" 6720
"/Engine/EngineMaterials/Substrate/Glints2/dict_0001_0016" 6721
"/Engine/EngineMaterials/Substrate/Glints2/dict_0001_0014" 6722
"/Engine/EngineMaterials/Substrate/Glints2/dict_0001_0025" 6723
"/Engine/EngineMaterials/Substrate/Glints2/dict_0001_0028" 6724
"/Engine/EngineMaterials/Substrate/Glints2/dict_0001_0027" 6725
"../../../Engine/Content/EngineMaterials/Substrate/Glints2/dict_0001_0031.uasset" 6726
"/Engine/EngineMaterials/Substrate/Glints2/dict_0001_0024" 6727
"../../../Engine/Content/EngineMaterials/Substrate/Glints2/dict_0001_0029.uasset" 6728
"/Engine/EngineMaterials/Substrate/Glints2/dict_0001_0023" 6729
"../../../Engine/Content/EngineMaterials/Substrate/Glints2/dict_0001_0034.uasset" 6730
"/Engine/EngineMaterials/Substrate/Glints2/dict_0001_0022" 6731
"/Engine/EngineMaterials/Substrate/Glints2/dict_0001_0034" 6732
"/Engine/EngineMaterials/Substrate/Glints2/dict_0001_0031" 6733
"../../../Engine/Content/EngineMaterials/Substrate/Glints2/dict_0001_0026.uasset" 6734
"/Engine/EngineMaterials/Substrate/Glints2/dict_0001_0029" 6735
"/Engine/EngineMaterials/Substrate/Glints2/dict_0001_0026" 6736
"../../../Engine/Content/EngineMaterials/Substrate/Glints2/dict_0001_0032.uasset" 6737
"../../../Engine/Content/EngineMaterials/Substrate/Glints2/dict_0001_0033.uasset" 6738
"../../../Engine/Content/EngineMaterials/Substrate/Glints2/dict_0001_0021.uasset" 6739
"../../../Engine/Content/EngineMaterials/Substrate/Glints2/dict_0001_0019.uasset" 6740
"../../../Engine/Content/EngineMaterials/Substrate/Glints2/dict_0001_0037.uasset" 6741
"../../../Engine/Content/EngineMaterials/Substrate/Glints2/dict_0001_0036.uasset" 6742
"../../../Engine/Content/EngineMaterials/Substrate/Glints2/dict_0001_0038.uasset" 6743
"../../../Engine/Content/EngineMaterials/Substrate/Glints2/dict_0001_0030.uasset" 6744
"../../../Engine/Content/EngineMaterials/Substrate/Glints2/dict_0001_0039.uasset" 6745
"../../../Engine/Content/EngineMaterials/Substrate/Glints2/dict_0001_0042.uasset" 6746
"../../../Engine/Content/EngineMaterials/Substrate/Glints2/dict_0001_0040.uasset" 6747
"../../../Engine/Content/EngineMaterials/Substrate/Glints2/dict_0001_0041.uasset" 6748
"../../../Engine/Content/EngineMaterials/Substrate/Glints2/dict_0001_0044.uasset" 6749
"../../../Engine/Content/EngineMaterials/Substrate/Glints2/dict_0001_0045.uasset" 6750
"../../../Engine/Content/EngineMaterials/Substrate/Glints2/dict_0001_0046.uasset" 6751
"../../../Engine/Content/EngineMaterials/Substrate/Glints2/dict_0001_0035.uasset" 6752
"../../../Engine/Content/EngineMaterials/Substrate/Glints2/dict_0001_0048.uasset" 6753
"../../../Engine/Content/EngineMaterials/Substrate/Glints2/dict_0001_0049.uasset" 6754
"../../../Engine/Content/EngineMaterials/Substrate/Glints2/dict_0001_0053.uasset" 6755
"../../../Engine/Content/EngineMaterials/Substrate/Glints2/dict_0001_0050.uasset" 6756
"../../../Engine/Content/EngineMaterials/Substrate/Glints2/dict_0001_0052.uasset" 6757
"../../../Engine/Content/EngineMaterials/Substrate/Glints2/dict_0001_0054.uasset" 6758
"../../../Engine/Content/EngineMaterials/Substrate/Glints2/dict_0001_0051.uasset" 6759
"../../../Engine/Content/EngineMaterials/Substrate/Glints2/dict_0001_0058.uasset" 6760
"../../../Engine/Content/EngineMaterials/Substrate/Glints2/dict_0001_0055.uasset" 6761
"../../../Engine/Content/EngineMaterials/Substrate/Glints2/dict_0001_0047.uasset" 6762
"../../../Engine/Content/EngineMaterials/Substrate/Glints2/dict_0001_0057.uasset" 6763
"../../../Engine/Content/EngineMaterials/Substrate/Glints2/dict_0001_0043.uasset" 6764
"../../../Engine/Content/EngineMaterials/Substrate/Glints2/dict_0001_0059.uasset" 6765
"../../../Engine/Content/EngineMaterials/Substrate/Glints2/dict_0001_0060.uasset" 6766
"../../../Engine/Content/EngineMaterials/Substrate/Glints2/dict_0001_0061.uasset" 6767
"../../../Engine/Content/EngineMaterials/Substrate/Glints2/dict_0001_0056.uasset" 6768
"/Engine/EngineMaterials/Substrate/Glints2/dict_0001_0050" 6769
"/Engine/EngineMaterials/Substrate/Glints2/dict_0001_0057" 6770
"/Engine/EngineMaterials/Substrate/Glints2/dict_0001_0049" 6771
"/Engine/EngineMaterials/Substrate/Glints2/dict_0001_0048" 6772
"/Engine/EngineMaterials/Substrate/Glints2/dict_0001_0047" 6773
"/Engine/EngineMaterials/Substrate/Glints2/dict_0001_0046" 6774
"/Engine/EngineMaterials/Substrate/Glints2/dict_0001_0045" 6775
"/Engine/EngineMaterials/Substrate/Glints2/dict_0001_0044" 6776
"/Engine/EngineMaterials/Substrate/Glints2/dict_0001_0043" 6777
"/Engine/EngineMaterials/Substrate/Glints2/dict_0001_0033" 6778
"/Engine/EngineMaterials/Substrate/Glints2/dict_0001_0060" 6779
"/Engine/EngineMaterials/Substrate/Glints2/dict_0001_0032" 6780
"/Engine/EngineMaterials/Substrate/Glints2/dict_0001_0042" 6781
"/Engine/EngineMaterials/Substrate/Glints2/dict_0001_0059" 6782
"/Engine/EngineMaterials/Substrate/Glints2/dict_0001_0041" 6783
"/Engine/EngineMaterials/Substrate/Glints2/dict_0001_0040" 6784
"/Engine/EngineMaterials/Substrate/Glints2/dict_0001_0030" 6785
"/Engine/EngineMaterials/Substrate/Glints2/dict_0001_0058" 6786
"/Engine/EngineMaterials/Substrate/Glints2/dict_0001_0056" 6787
"/Engine/EngineMaterials/Substrate/Glints2/dict_0001_0055" 6788
"/Engine/EngineMaterials/Substrate/Glints2/dict_0001_0054" 6789
"/Engine/EngineMaterials/Substrate/Glints2/dict_0001_0053" 6790
"/Engine/EngineMaterials/Substrate/Glints2/dict_0001_0061" 6791
"/Engine/EngineMaterials/Substrate/Glints2/dict_0001_0052" 6792
"/Engine/EngineMaterials/Substrate/Glints2/dict_0001_0039" 6793
"/Engine/EngineMaterials/Substrate/Glints2/dict_0001_0051" 6794
"/Engine/EngineMaterials/Substrate/Glints2/dict_0001_0021" 6795
"/Engine/EngineMaterials/Substrate/Glints2/dict_0001_0038" 6796
"/Engine/EngineMaterials/Substrate/Glints2/dict_0001_0019" 6797
"/Engine/EngineMaterials/Substrate/Glints2/dict_0001_0037" 6798
"/Engine/EngineMaterials/Substrate/Glints2/dict_0001_0036" 6799
"/Engine/EngineMaterials/Substrate/Glints2/dict_0001_0035" 6800
"../../../Engine/Content/EngineMaterials/Substrate/Glints2/dict_0001_0063.uasset" 6801
"../../../Engine/Content/EngineMaterials/Substrate/Glints2/dict_0001_0062.uasset" 6802
"../../../Engine/Content/EngineMaterials/Substrate/Glints2/dict_0001_0065.uasset" 6803
"../../../Engine/Content/EngineMaterials/Substrate/Glints2/dict_0001_0064.uasset" 6804
"../../../Engine/Content/EngineMaterials/Substrate/Glints2/dict_0001_0066.uasset" 6805
"/Engine/EngineMaterials/Substrate/Glints2/dict_0001_0065" 6806
"/Engine/EngineMaterials/Substrate/Glints2/dict_0001_0064" 6807
"../../../Engine/Content/EngineMaterials/Substrate/Glints2/dict_0001_0070.uasset" 6808
"/Engine/EngineMaterials/Substrate/Glints2/dict_0001_0063" 6809
"/Engine/EngineMaterials/Substrate/Glints2/dict_0001_0062" 6810
"../../../Engine/Content/EngineMaterials/Substrate/Glints2/dict_0001_0068.uasset" 6811
"../../../Engine/Content/EngineMaterials/Substrate/Glints2/dict_0001_0067.uasset" 6812
"/Engine/EngineMaterials/Substrate/Glints2/dict_0001_0070" 6813
"/Engine/EngineMaterials/Substrate/Glints2/dict_0001_0068" 6814
"/Engine/EngineMaterials/Substrate/Glints2/dict_0001_0067" 6815
"/Engine/EngineMaterials/Substrate/Glints2/dict_0001_0066" 6816
"../../../Engine/Content/EngineMaterials/Substrate/Glints2/dict_0001_0076.uasset" 6817
"../../../Engine/Content/EngineMaterials/Substrate/Glints2/dict_0001_0072.uasset" 6818
"../../../Engine/Content/EngineMaterials/Substrate/Glints2/dict_0001_0075.uasset" 6819
"../../../Engine/Content/EngineMaterials/Substrate/Glints2/dict_0001_0071.uasset" 6820
"../../../Engine/Content/EngineMaterials/Substrate/Glints2/dict_0001_0069.uasset" 6821
"../../../Engine/Content/EngineMaterials/Substrate/Glints2/dict_0001_0079.uasset" 6822
"../../../Engine/Content/EngineMaterials/Substrate/Glints2/dict_0001_0080.uasset" 6823
"../../../Engine/Content/EngineMaterials/Substrate/Glints2/dict_0001_0074.uasset" 6824
"../../../Engine/Content/EngineMaterials/Substrate/Glints2/dict_0001_0082.uasset" 6825
"../../../Engine/Content/EngineMaterials/Substrate/Glints2/dict_0001_0073.uasset" 6826
"../../../Engine/Content/EngineMaterials/Substrate/Glints2/dict_0001_0078.uasset" 6827
"../../../Engine/Content/EngineMaterials/Substrate/Glints2/dict_0001_0081.uasset" 6828
"../../../Engine/Content/EngineMaterials/Substrate/Glints2/dict_0001_0085.uasset" 6829
"../../../Engine/Content/EngineMaterials/Substrate/Glints2/dict_0001_0083.uasset" 6830
"/Engine/EngineMaterials/Substrate/Glints2/dict_0001_0085" 6831
"/Engine/EngineMaterials/Substrate/Glints2/dict_0001_0082" 6832
"../../../Engine/Content/EngineMaterials/Substrate/Glints2/dict_0001_0088.uasset" 6833
"/Engine/EngineMaterials/Substrate/Glints2/dict_0001_0081" 6834
"/Engine/EngineMaterials/Substrate/Glints2/dict_0001_0080" 6835
"/Engine/EngineMaterials/Substrate/Glints2/dict_0001_0079" 6836
"/Engine/EngineMaterials/Substrate/Glints2/dict_0001_0078" 6837
"/Engine/EngineMaterials/Substrate/Glints2/dict_0001_0076" 6838
"../../../Engine/Content/EngineMaterials/Substrate/Glints2/dict_0001_0089.uasset" 6839
"/Engine/EngineMaterials/Substrate/Glints2/dict_0001_0075" 6840
"../../../Engine/Content/EngineMaterials/Substrate/Glints2/dict_0001_0091.uasset" 6841
"/Engine/EngineMaterials/Substrate/Glints2/dict_0001_0074" 6842
"/Engine/EngineMaterials/Substrate/Glints2/dict_0001_0073" 6843
"../../../Engine/Content/EngineMaterials/Substrate/Glints2/dict_0001_0092.uasset" 6844
"/Engine/EngineMaterials/Substrate/Glints2/dict_0001_0072" 6845
"../../../Engine/Content/EngineMaterials/Substrate/Glints2/dict_0001_0090.uasset" 6846
"/Engine/EngineMaterials/Substrate/Glints2/dict_0001_0071" 6847
"/Engine/EngineMaterials/Substrate/Glints2/dict_0001_0069" 6848
"/Engine/EngineMaterials/Substrate/Glints2/dict_0001_0092" 6849
"/Engine/EngineMaterials/Substrate/Glints2/dict_0001_0091" 6850
"/Engine/EngineMaterials/Substrate/Glints2/dict_0001_0090" 6851
"../../../Engine/Content/EngineMaterials/Substrate/Glints2/dict_0001_0093.uasset" 6852
"/Engine/EngineMaterials/Substrate/Glints2/dict_0001_0089" 6853
"/Engine/EngineMaterials/Substrate/Glints2/dict_0001_0088" 6854
"/Engine/EngineMaterials/Substrate/Glints2/dict_0001_0083" 6855
"/Engine/EngineMaterials/Substrate/Glints2/dict_0001_0093" 6856
"../../../Engine/Content/EngineMaterials/Substrate/Glints2/dict_0001_0096.uasset" 6857
"/Engine/EngineMaterials/Substrate/Glints2/dict_0001_0096" 6858
"../../../Engine/Content/EngineMaterials/Substrate/Glints2/dict_0001_0086.uasset" 6859
"../../../Engine/Content/EngineMaterials/Substrate/Glints2/dict_0001_0094.uasset" 6860
"../../../Engine/Content/EngineMaterials/Substrate/Glints2/dict_0001_0097.uasset" 6861
"../../../Engine/Content/EngineMaterials/Substrate/Glints2/dict_0001_0099.uasset" 6862
"../../../Engine/Content/EngineMaterials/Substrate/Glints2/dict_0001_0100.uasset" 6863
"../../../Engine/Content/EngineMaterials/Substrate/Glints2/dict_0001_0098.uasset" 6864
"../../../Engine/Content/EngineMaterials/Substrate/Glints2/dict_0001_0101.uasset" 6865
"../../../Engine/Content/EngineMaterials/Substrate/Glints2/dict_0001_0102.uasset" 6866
"../../../Engine/Content/EngineMaterials/Substrate/Glints2/dict_0001_0084.uasset" 6867
"../../../Engine/Content/EngineMaterials/Substrate/Glints2/dict_0001_0077.uasset" 6868
"../../../Engine/Content/EngineMaterials/Substrate/Glints2/dict_0001_0105.uasset" 6869
"../../../Engine/Content/EngineMaterials/Substrate/Glints2/dict_0001_0103.uasset" 6870
"../../../Engine/Content/EngineMaterials/Substrate/Glints2/dict_0001_0106.uasset" 6871
"/Engine/EngineMaterials/Substrate/Glints2/dict_0001_0086" 6872
"../../../Engine/Content/EngineMaterials/Substrate/Glints2/dict_0001_0107.uasset" 6873
"/Engine/EngineMaterials/Substrate/Glints2/dict_0001_0084" 6874
"/Engine/EngineMaterials/Substrate/Glints2/dict_0001_0077" 6875
"/Engine/EngineMaterials/Substrate/Glints2/dict_0001_0106" 6876
"../../../Engine/Content/EngineMaterials/Substrate/Glints2/dict_0001_0108.uasset" 6877
"../../../Engine/Content/EngineMaterials/Substrate/Glints2/dict_0001_0110.uasset" 6878
"../../../Engine/Content/EngineMaterials/Substrate/Glints2/dict_0001_0087.uasset" 6879
"/Engine/EngineMaterials/Substrate/Glints2/dict_0001_0105" 6880
"/Engine/EngineMaterials/Substrate/Glints2/dict_0001_0103" 6881
"/Engine/EngineMaterials/Substrate/Glints2/dict_0001_0101" 6882
"/Engine/EngineMaterials/Substrate/Glints2/dict_0001_0102" 6883
"/Engine/EngineMaterials/Substrate/Glints2/dict_0001_0100" 6884
"../../../Engine/Content/EngineMaterials/Substrate/Glints2/dict_0001_0109.uasset" 6885
"/Engine/EngineMaterials/Substrate/Glints2/dict_0001_0099" 6886
"/Engine/EngineMaterials/Substrate/Glints2/dict_0001_0098" 6887
"/Engine/EngineMaterials/Substrate/Glints2/dict_0001_0097" 6888
"/Engine/EngineMaterials/Substrate/Glints2/dict_0001_0094" 6889
"/Engine/EngineMaterials/Substrate/Glints2/dict_0001_0087" 6890
"../../../Engine/Content/EngineMaterials/Substrate/Glints2/dict_0001_0095.uasset" 6891
"../../../Engine/Content/EngineMaterials/Substrate/Glints2/dict_0001_0114.uasset" 6892
"../../../Engine/Content/EngineMaterials/Substrate/Glints2/dict_0001_0116.uasset" 6893
"/Engine/EngineMaterials/Substrate/Glints2/dict_0001_0110" 6894
"/Engine/EngineMaterials/Substrate/Glints2/dict_0001_0109" 6895
"/Engine/EngineMaterials/Substrate/Glints2/dict_0001_0108" 6896
"/Engine/EngineMaterials/Substrate/Glints2/dict_0001_0107" 6897
"/Engine/EngineMaterials/Substrate/Glints2/dict_0001_0116" 6898
"../../../Engine/Content/EngineMaterials/Substrate/Glints2/dict_0001_0111.uasset" 6899
"/Engine/EngineMaterials/Substrate/Glints2/dict_0001_0114" 6900
"/Engine/EngineMaterials/Substrate/Glints2/dict_0001_0095" 6901
"../../../Engine/Content/EngineMaterials/Substrate/Glints2/dict_0001_0117.uasset" 6902
"../../../Engine/Content/EngineMaterials/Substrate/Glints2/dict_0001_0118.uasset" 6903
"../../../Engine/Content/EngineMaterials/Substrate/Glints2/dict_0001_0120.uasset" 6904
"../../../Engine/Content/EngineMaterials/Substrate/Glints2/dict_0001_0119.uasset" 6905
"../../../Engine/Content/EngineMaterials/Substrate/Glints2/dict_0001_0112.uasset" 6906
"../../../Engine/Content/EngineMaterials/Substrate/Glints2/dict_0001_0124.uasset" 6907
"../../../Engine/Content/EngineMaterials/Substrate/Glints2/dict_0001_0121.uasset" 6908
"../../../Engine/Content/EngineMaterials/Substrate/Glints2/dict_0001_0113.uasset" 6909
"../../../Engine/Content/EngineMaterials/Substrate/Glints2/dict_0001_0123.uasset" 6910
"../../../Engine/Content/EngineMaterials/Substrate/Glints2/dict_0001_0122.uasset" 6911
"../../../Engine/Content/EngineMaterials/Substrate/Glints2/dict_0001_0104.uasset" 6912
"../../../Engine/Content/EngineMaterials/Substrate/Glints2/dict_0001_0126.uasset" 6913
"../../../Engine/Content/EngineMaterials/Substrate/Glints2/dict_0001_0127.uasset" 6914
"../../../Engine/Content/EngineMaterials/Substrate/Glints2/dict_0001_0125.uasset" 6915
"../../../Engine/Content/EngineMaterials/Substrate/Glints2/dict_0001_0128.uasset" 6916
"/Engine/EngineMaterials/Substrate/Glints2/dict_0001_0121" 6917
"/Engine/EngineMaterials/Substrate/Glints2/dict_0001_0120" 6918
"../../../Engine/Content/EngineMaterials/Substrate/Glints2/dict_0001_0131.uasset" 6919
"/Engine/EngineMaterials/Substrate/Glints2/dict_0001_0119" 6920
"/Engine/EngineMaterials/Substrate/Glints2/dict_0001_0118" 6921
"/Engine/EngineMaterials/Substrate/Glints2/dict_0001_0117" 6922
"/Engine/EngineMaterials/Substrate/Glints2/dict_0001_0113" 6923
"../../../Engine/Content/EngineMaterials/Substrate/Glints2/dict_0001_0132.uasset" 6924
"/Engine/EngineMaterials/Substrate/Glints2/dict_0001_0112" 6925
"/Engine/EngineMaterials/Substrate/Glints2/dict_0001_0111" 6926
"/Engine/EngineMaterials/Substrate/Glints2/dict_0001_0104" 6927
"../../../Engine/Content/EngineMaterials/Substrate/Glints2/dict_0001_0134.uasset" 6928
"/Engine/EngineMaterials/Substrate/Glints2/dict_0001_0128" 6929
"/Engine/EngineMaterials/Substrate/Glints2/dict_0001_0127" 6930
"/Engine/EngineMaterials/Substrate/Glints2/dict_0001_0126" 6931
"../../../Engine/Content/EngineMaterials/Substrate/Glints2/dict_0001_0135.uasset" 6932
"/Engine/EngineMaterials/Substrate/Glints2/dict_0001_0125" 6933
"/Engine/EngineMaterials/Substrate/Glints2/dict_0001_0124" 6934
"/Engine/EngineMaterials/Substrate/Glints2/dict_0001_0122" 6935
"/Engine/EngineMaterials/Substrate/Glints2/dict_0001_0123" 6936
"../../../Engine/Content/EngineMaterials/Substrate/Glints2/dict_0001_0139.uasset" 6937
"../../../Engine/Content/EngineMaterials/Substrate/Glints2/dict_0001_0140.uasset" 6938
"/Engine/EngineMaterials/Substrate/Glints2/dict_0001_0135" 6939
"/Engine/EngineMaterials/Substrate/Glints2/dict_0001_0134" 6940
"../../../Engine/Content/EngineMaterials/Substrate/Glints2/dict_0001_0138.uasset" 6941
"/Engine/EngineMaterials/Substrate/Glints2/dict_0001_0139" 6942
"../../../Engine/Content/EngineMaterials/Substrate/Glints2/dict_0001_0141.uasset" 6943
"/Engine/EngineMaterials/Substrate/Glints2/dict_0001_0132" 6944
"/Engine/EngineMaterials/Substrate/Glints2/dict_0001_0131" 6945
"/Engine/EngineMaterials/Substrate/Glints2/dict_0001_0140" 6946
"/Engine/EngineMaterials/Substrate/Glints2/dict_0001_0138" 6947
"/Engine/EngineMaterials/Substrate/Glints2/dict_0001_0141" 6948
"../../../Engine/Content/EngineMaterials/Substrate/Glints2/dict_0001_0137.uasset" 6949
"../../../Engine/Content/EngineMaterials/Substrate/Glints2/dict_0001_0142.uasset" 6950
"../../../Engine/Content/EngineMaterials/Substrate/Glints2/dict_0001_0145.uasset" 6951
"../../../Engine/Content/EngineMaterials/Substrate/Glints2/dict_0001_0144.uasset" 6952
"../../../Engine/Content/EngineMaterials/Substrate/Glints2/dict_0001_0143.uasset" 6953
"../../../Engine/Content/EngineMaterials/Substrate/Glints2/dict_0001_0147.uasset" 6954
"../../../Engine/Content/EngineMaterials/Substrate/Glints2/dict_0001_0146.uasset" 6955
"../../../Engine/Content/EngineMaterials/Substrate/Glints2/dict_0001_0149.uasset" 6956
"../../../Engine/Content/EngineMaterials/Substrate/Glints2/dict_0001_0129.uasset" 6957
"../../../Engine/Content/EngineMaterials/Substrate/Glints2/dict_0001_0148.uasset" 6958
"/Engine/EngineMaterials/Substrate/Glints2/dict_0001_0143" 6959
"/Engine/EngineMaterials/Substrate/Glints2/dict_0001_0142" 6960
"../../../Engine/Content/EngineMaterials/Substrate/Glints2/dict_0001_0115.uasset" 6961
"/Engine/EngineMaterials/Substrate/Glints2/dict_0001_0137" 6962
"../../../Engine/Content/EngineMaterials/Substrate/Glints2/dict_0001_0151.uasset" 6963
"../../../Engine/Content/EngineMaterials/Substrate/Glints2/dict_0001_0150.uasset" 6964
"../../../Engine/Content/EngineMaterials/Substrate/Glints2/dict_0001_0153.uasset" 6965
"/Engine/EngineMaterials/Substrate/Glints2/dict_0001_0129" 6966
"../../../Engine/Content/EngineMaterials/Substrate/Glints2/dict_0001_0154.uasset" 6967
"../../../Engine/Content/EngineMaterials/Substrate/Glints2/dict_0001_0152.uasset" 6968
"/Engine/EngineMaterials/Substrate/Glints2/dict_0001_0149" 6969
"/Engine/EngineMaterials/Substrate/Glints2/dict_0001_0148" 6970
"/Engine/EngineMaterials/Substrate/Glints2/dict_0001_0147" 6971
"/Engine/EngineMaterials/Substrate/Glints2/dict_0001_0146" 6972
"/Engine/EngineMaterials/Substrate/Glints2/dict_0001_0145" 6973
"/Engine/EngineMaterials/Substrate/Glints2/dict_0001_0144" 6974
"/Engine/EngineMaterials/Substrate/Glints2/dict_0001_0115" 6975
"../../../Engine/Content/EngineMaterials/Substrate/Glints2/dict_0001_0155.uasset" 6976
"/Engine/EngineMaterials/Substrate/Glints2/dict_0001_0154" 6977
"/Engine/EngineMaterials/Substrate/Glints2/dict_0001_0153" 6978
"/Engine/EngineMaterials/Substrate/Glints2/dict_0001_0152" 6979
"/Engine/EngineMaterials/Substrate/Glints2/dict_0001_0151" 6980
"/Engine/EngineMaterials/Substrate/Glints2/dict_0001_0150" 6981
"/Engine/EngineMaterials/Substrate/Glints2/dict_0001_0155" 6982
"../../../Engine/Content/EngineMaterials/Substrate/Glints2/dict_0001_0162.uasset" 6983
"../../../Engine/Content/EngineMaterials/Substrate/Glints2/dict_0001_0160.uasset" 6984
"../../../Engine/Content/EngineMaterials/Substrate/Glints2/dict_0001_0156.uasset" 6985
"../../../Engine/Content/EngineMaterials/Substrate/Glints2/dict_0001_0133.uasset" 6986
"../../../Engine/Content/EngineMaterials/Substrate/Glints2/dict_0001_0163.uasset" 6987
"../../../Engine/Content/EngineMaterials/Substrate/Glints2/dict_0001_0161.uasset" 6988
"../../../Engine/Content/EngineMaterials/Substrate/Glints2/dict_0001_0130.uasset" 6989
"../../../Engine/Content/EngineMaterials/Substrate/Glints2/dict_0001_0159.uasset" 6990
"../../../Engine/Content/EngineMaterials/Substrate/Glints2/dict_0001_0158.uasset" 6991
"../../../Engine/Content/EngineMaterials/Substrate/Glints2/dict_0001_0167.uasset" 6992
"../../../Engine/Content/EngineMaterials/Substrate/Glints2/dict_0001_0170.uasset" 6993
"../../../Engine/Content/EngineMaterials/Substrate/Glints2/dict_0001_0171.uasset" 6994
"/Engine/EngineMaterials/Substrate/Glints2/dict_0001_0159" 6995
"../../../Engine/Content/EngineMaterials/Substrate/Glints2/dict_0001_0166.uasset" 6996
"/Engine/EngineMaterials/Substrate/Glints2/dict_0001_0158" 6997
"../../../Engine/Content/EngineMaterials/Substrate/Glints2/dict_0001_0173.uasset" 6998
"/Engine/EngineMaterials/Substrate/Glints2/dict_0001_0156" 6999
"/Engine/EngineMaterials/Substrate/Glints2/dict_0001_0167" 7000
"/Engine/EngineMaterials/Substrate/Glints2/dict_0001_0163" 7001
"../../../Engine/Content/EngineMaterials/Substrate/Glints2/dict_0001_0165.uasset" 7002
"/Engine/EngineMaterials/Substrate/Glints2/dict_0001_0162" 7003
"/Engine/EngineMaterials/Substrate/Glints2/dict_0001_0133" 7004
"/Engine/EngineMaterials/Substrate/Glints2/dict_0001_0161" 7005
"/Engine/EngineMaterials/Substrate/Glints2/dict_0001_0160" 7006
"/Engine/EngineMaterials/Substrate/Glints2/dict_0001_0130" 7007
"../../../Engine/Content/EngineMaterials/Substrate/Glints2/dict_0001_0174.uasset" 7008
"/Engine/EngineMaterials/Substrate/Glints2/dict_0001_0171" 7009
"/Engine/EngineMaterials/Substrate/Glints2/dict_0001_0170" 7010
"/Engine/EngineMaterials/Substrate/Glints2/dict_0001_0166" 7011
"../../../Engine/Content/EngineMaterials/Substrate/Glints2/dict_0001_0164.uasset" 7012
"/Engine/EngineMaterials/Substrate/Glints2/dict_0001_0174" 7013
"/Engine/EngineMaterials/Substrate/Glints2/dict_0001_0173" 7014
"../../../Engine/Content/EngineMaterials/Substrate/Glints2/dict_0001_0176.uasset" 7015
"../../../Engine/Content/EngineMaterials/Substrate/Glints2/dict_0001_0175.uasset" 7016
"/Engine/EngineMaterials/Substrate/Glints2/dict_0001_0165" 7017
"/Engine/EngineMaterials/Substrate/Glints2/dict_0001_0164" 7018
"/Engine/EngineMaterials/Substrate/Glints2/dict_0001_0176" 7019
"/Engine/EngineMaterials/Substrate/Glints2/dict_0001_0175" 7020
"../../../Engine/Content/EngineMaterials/Substrate/Glints2/dict_0001_0177.uasset" 7021
"../../../Engine/Content/EngineMaterials/Substrate/Glints2/dict_0001_0180.uasset" 7022
"../../../Engine/Content/EngineMaterials/Substrate/Glints2/dict_0001_0179.uasset" 7023
"../../../Engine/Content/EngineMaterials/Substrate/Glints2/dict_0001_0178.uasset" 7024
"../../../Engine/Content/EngineMaterials/Substrate/Glints2/dict_0001_0181.uasset" 7025
"../../../Engine/Content/EngineMaterials/Substrate/Glints2/dict_0001_0168.uasset" 7026
"../../../Engine/Content/EngineMaterials/Substrate/Glints2/dict_0001_0183.uasset" 7027
"../../../Engine/Content/EngineMaterials/Substrate/Glints2/dict_0001_0184.uasset" 7028
"../../../Engine/Content/EngineMaterials/Substrate/Glints2/dict_0001_0185.uasset" 7029
"../../../Engine/Content/EngineMaterials/Substrate/Glints2/dict_0001_0157.uasset" 7030
"../../../Engine/Content/EngineMaterials/Substrate/Glints2/dict_0001_0169.uasset" 7031
"../../../Engine/Content/EngineMaterials/Substrate/Glints2/dict_0001_0188.uasset" 7032
"../../../Engine/Content/EngineMaterials/Substrate/Glints2/dict_0001_0172.uasset" 7033
"../../../Engine/Content/EngineMaterials/Substrate/Glints2/dict_0001_0186.uasset" 7034
"../../../Engine/Content/EngineMaterials/Substrate/Glints2/dict_0001_0187.uasset" 7035
"/Engine/EngineMaterials/Substrate/Glints2/dict_0001_0157" 7036
"/Engine/EngineMaterials/Substrate/Glints2/dict_0001_0184" 7037
"/Engine/EngineMaterials/Substrate/Glints2/dict_0001_0177" 7038
"/Engine/EngineMaterials/Substrate/Glints2/dict_0001_0183" 7039
"/Engine/EngineMaterials/Substrate/Glints2/dict_0001_0181" 7040
"/Engine/EngineMaterials/Substrate/Glints2/dict_0001_0180" 7041
"../../../Engine/Content/EngineMaterials/Substrate/Glints2/dict_0001_0191.uasset" 7042
"/Engine/EngineMaterials/Substrate/Glints2/dict_0001_0188" 7043
"/Engine/EngineMaterials/Substrate/Glints2/dict_0001_0179" 7044
"/Engine/EngineMaterials/Substrate/Glints2/dict_0001_0187" 7045
"../../../Engine/Content/EngineMaterials/Substrate/Glints2/dict_0001_0192.uasset" 7046
"/Engine/EngineMaterials/Substrate/Glints2/dict_0001_0178" 7047
"/Engine/EngineMaterials/Substrate/Glints2/dict_0001_0172" 7048
"/Engine/EngineMaterials/Substrate/Glints2/dict_0001_0186" 7049
"/Engine/EngineMaterials/Substrate/Glints2/dict_0001_0185" 7050
"/Engine/EngineMaterials/Substrate/Glints2/dict_0001_0169" 7051
"/Engine/EngineMaterials/Substrate/Glints2/dict_0001_0168" 7052
"../../../Engine/Content/EngineMaterials/Substrate/Glints2/dict_0001_0194.uasset" 7053
"../../../Engine/Content/EngineMaterials/Substrate/Glints2/dict_0001_0195.uasset" 7054
"../../../Engine/Content/EngineMaterials/Substrate/Glints2/dict_0001_0189.uasset" 7055
"../../../Engine/Content/EngineMaterials/Substrate/Glints2/dict_0001_0197.uasset" 7056
"/Engine/EngineMaterials/Substrate/Glints2/dict_0001_0194" 7057
"/Engine/EngineMaterials/Substrate/Glints2/dict_0001_0192" 7058
"/Engine/EngineMaterials/Substrate/Glints2/dict_0001_0191" 7059
"../../../Engine/Content/EngineMaterials/Substrate/Glints2/dict_0001_0193.uasset" 7060
"/Engine/EngineMaterials/Substrate/Glints2/dict_0001_0195" 7061
"/Engine/EngineMaterials/Substrate/Glints2/dict_0001_0189" 7062
"/Engine/EngineMaterials/Substrate/Glints2/dict_0001_0197" 7063
"/Engine/EngineMaterials/Substrate/Glints2/dict_0001_0193" 7064
"../../../Engine/Content/EngineMaterials/Substrate/Glints2/dict_0001_0200.uasset" 7065
"../../../Engine/Content/EngineMaterials/Substrate/Glints2/dict_0001_0190.uasset" 7066
"../../../Engine/Content/EngineMaterials/Substrate/Glints2/dict_0001_0201.uasset" 7067
"../../../Engine/Content/EngineMaterials/Substrate/Glints2/dict_0001_0203.uasset" 7068
"../../../Engine/Content/EngineMaterials/Substrate/Glints2/dict_0001_0204.uasset" 7069
"../../../Engine/Content/EngineMaterials/Substrate/Glints2/dict_0001_0198.uasset" 7070
"../../../Engine/Content/EngineMaterials/Substrate/Glints2/dict_0001_0136.uasset" 7071
"../../../Engine/Content/EngineMaterials/Substrate/Glints2/dict_0001_0205.uasset" 7072
"../../../Engine/Content/EngineMaterials/Substrate/Glints2/dict_0001_0206.uasset" 7073
"../../../Engine/Content/EngineMaterials/Substrate/Glints2/dict_0001_0196.uasset" 7074
"../../../Engine/Content/EngineMaterials/Substrate/Glints2/dict_0001_0199.uasset" 7075
"../../../Engine/Content/EngineMaterials/Substrate/Glints2/dict_0001_0207.uasset" 7076
"../../../Engine/Content/EngineMaterials/Substrate/Glints2/dict_0001_0209.uasset" 7077
"../../../Engine/Content/EngineMaterials/Substrate/Glints2/dict_0001_0208.uasset" 7078
"/Engine/EngineMaterials/Substrate/Glints2/dict_0001_0196" 7079
"/Engine/EngineMaterials/Substrate/Glints2/dict_0001_0203" 7080
"../../../Engine/Content/EngineMaterials/Substrate/Glints2/dict_0001_0210.uasset" 7081
"/Engine/EngineMaterials/Substrate/Glints2/dict_0001_0200" 7082
"/Engine/EngineMaterials/Substrate/Glints2/dict_0001_0190" 7083
"../../../Engine/Content/EngineMaterials/Substrate/Glints2/dict_0001_0211.uasset" 7084
"/Engine/EngineMaterials/Substrate/Glints2/dict_0001_0201" 7085
"/Engine/EngineMaterials/Substrate/Glints2/dict_0001_0136" 7086
"../../../Engine/Content/EngineMaterials/Substrate/Glints2/dict_0001_0214.uasset" 7087
"/Engine/EngineMaterials/Substrate/Glints2/dict_0001_0199" 7088
"/Engine/EngineMaterials/Substrate/Glints2/dict_0001_0209" 7089
"../../../Engine/Content/EngineMaterials/Substrate/Glints2/dict_0001_0212.uasset" 7090
"/Engine/EngineMaterials/Substrate/Glints2/dict_0001_0198" 7091
"../../../Engine/Content/EngineMaterials/Substrate/Glints2/dict_0001_0215.uasset" 7092
"/Engine/EngineMaterials/Substrate/Glints2/dict_0001_0207" 7093
"/Engine/EngineMaterials/Substrate/Glints2/dict_0001_0206" 7094
"/Engine/EngineMaterials/Substrate/Glints2/dict_0001_0205" 7095
"/Engine/EngineMaterials/Substrate/Glints2/dict_0001_0204" 7096
"../../../Engine/Content/EngineMaterials/Substrate/Glints2/dict_0001_0218.uasset" 7097
"/Engine/EngineMaterials/Substrate/Glints2/dict_0001_0218" 7098
"/Engine/EngineMaterials/Substrate/Glints2/dict_0001_0215" 7099
"/Engine/EngineMaterials/Substrate/Glints2/dict_0001_0214" 7100
"../../../Engine/Content/EngineMaterials/Substrate/Glints2/dict_0001_0213.uasset" 7101
"/Engine/EngineMaterials/Substrate/Glints2/dict_0001_0212" 7102
"/Engine/EngineMaterials/Substrate/Glints2/dict_0001_0211" 7103
"../../../Engine/Content/EngineMaterials/Substrate/Glints2/dict_0001_0219.uasset" 7104
"/Engine/EngineMaterials/Substrate/Glints2/dict_0001_0210" 7105
"/Engine/EngineMaterials/Substrate/Glints2/dict_0001_0208" 7106
"../../../Engine/Content/EngineMaterials/Substrate/Glints2/dict_0001_0202.uasset" 7107
"/Engine/EngineMaterials/Substrate/Glints2/dict_0001_0202" 7108
"../../../Engine/Content/EngineMaterials/Substrate/Glints2/dict_0001_0221.uasset" 7109
"/Engine/EngineMaterials/Substrate/Glints2/dict_0001_0213" 7110
"../../../Engine/Content/EngineMaterials/Substrate/Glints2/dict_0001_0222.uasset" 7111
"/Engine/EngineMaterials/Substrate/Glints2/dict_0001_0219" 7112
"/Engine/EngineMaterials/Substrate/Glints2/dict_0001_0221" 7113
"../../../Engine/Content/EngineMaterials/Substrate/Glints2/dict_0001_0223.uasset" 7114
"/Engine/EngineMaterials/Substrate/Glints2/dict_0001_0222" 7115
"/Engine/EngineMaterials/Substrate/Glints2/dict_0001_0223" 7116
"../../../Engine/Content/EngineMaterials/Substrate/Glints2/dict_0001_0226.uasset" 7117
"../../../Engine/Content/EngineMaterials/Substrate/Glints2/dict_0001_0227.uasset" 7118
"../../../Engine/Content/EngineMaterials/Substrate/Glints2/dict_0001_0228.uasset" 7119
"../../../Engine/Content/EngineMaterials/Substrate/Glints2/dict_0001_0229.uasset" 7120
"../../../Engine/Content/EngineMaterials/Substrate/Glints2/dict_0001_0225.uasset" 7121
"../../../Engine/Content/EngineMaterials/Substrate/Glints2/dict_0001_0224.uasset" 7122
"../../../Engine/Content/EngineMaterials/Substrate/Glints2/dict_0001_0230.uasset" 7123
"../../../Engine/Content/EngineMaterials/Substrate/Glints2/dict_0001_0231.uasset" 7124
"/Engine/EngineMaterials/Substrate/Glints2/dict_0001_0224" 7125
"/Engine/EngineMaterials/Substrate/Glints2/dict_0001_0225" 7126
"../../../Engine/Content/EngineMaterials/Substrate/Glints2/dict_0001_0234.uasset" 7127
"/Engine/EngineMaterials/Substrate/Glints2/dict_0001_0231" 7128
"/Engine/EngineMaterials/Substrate/Glints2/dict_0001_0230" 7129
"../../../Engine/Content/EngineMaterials/Substrate/Glints2/dict_0001_0235.uasset" 7130
"../../../Engine/Content/EngineMaterials/Substrate/Glints2/dict_0001_0236.uasset" 7131
"/Engine/EngineMaterials/Substrate/Glints2/dict_0001_0229" 7132
"../../../Engine/Content/EngineMaterials/Substrate/Glints2/dict_0001_0238.uasset" 7133
"../../../Engine/Content/EngineMaterials/Substrate/Glints2/dict_0001_0233.uasset" 7134
"../../../Engine/Content/EngineMaterials/Substrate/Glints2/dict_0001_0237.uasset" 7135
"/Engine/EngineMaterials/Substrate/Glints2/dict_0001_0228" 7136
"../../../Engine/Content/EngineMaterials/Substrate/Glints2/dict_0001_0239.uasset" 7137
"/Engine/EngineMaterials/Substrate/Glints2/dict_0001_0227" 7138
"../../../Engine/Content/EngineMaterials/Substrate/Glints2/dict_0001_0240.uasset" 7139
"/Engine/EngineMaterials/Substrate/Glints2/dict_0001_0226" 7140
"/Engine/EngineMaterials/Substrate/Glints2/dict_0001_0238" 7141
"/Engine/EngineMaterials/Substrate/Glints2/dict_0001_0237" 7142
"/Engine/EngineMaterials/Substrate/Glints2/dict_0001_0236" 7143
"/Engine/EngineMaterials/Substrate/Glints2/dict_0001_0235" 7144
"/Engine/EngineMaterials/Substrate/Glints2/dict_0001_0234" 7145
"/Engine/EngineMaterials/Substrate/Glints2/dict_0001_0233" 7146
"/Engine/EngineMaterials/Substrate/Glints2/dict_0001_0240" 7147
"/Engine/EngineMaterials/Substrate/Glints2/dict_0001_0239" 7148
"../../../Engine/Content/EngineMaterials/Substrate/Glints2/dict_0001_0241.uasset" 7149
"../../../Engine/Content/EngineMaterials/Substrate/Glints2/dict_0001_0243.uasset" 7150
"../../../Engine/Content/EngineMaterials/Substrate/Glints2/dict_0001_0220.uasset" 7151
"../../../Engine/Content/EngineMaterials/Substrate/Glints2/dict_0001_0242.uasset" 7152
"../../../Engine/Content/EngineMaterials/Substrate/Glints2/dict_0001_0245.uasset" 7153
"../../../Engine/Content/EngineMaterials/Substrate/Glints2/dict_0001_0247.uasset" 7154
"../../../Engine/Content/EngineMaterials/Substrate/Glints2/dict_0001_0248.uasset" 7155
"../../../Engine/Content/EngineMaterials/Substrate/Glints2/dict_0001_0246.uasset" 7156
"../../../Engine/Content/EngineMaterials/Substrate/Glints2/dict_0001_0232.uasset" 7157
"../../../Engine/Content/EngineMaterials/Substrate/Glints2/dict_0001_0244.uasset" 7158
"../../../Engine/Content/EngineMaterials/Substrate/Glints2/dict_0001_0216.uasset" 7159
"../../../Engine/Content/EngineMaterials/Substrate/Glints2/dict_0001_0182.uasset" 7160
"../../../Engine/Content/EngineMaterials/Substrate/Glints2/dict_0001_0251.uasset" 7161
"../../../Engine/Content/EngineMaterials/Substrate/Glints2/dict_0001_0249.uasset" 7162
"../../../Engine/Content/EngineMaterials/Substrate/Glints2/dict_0001_0250.uasset" 7163
"../../../Engine/Content/EngineMaterials/Substrate/Glints2/dict_0001_0253.uasset" 7164
"../../../Engine/Content/EngineMaterials/Substrate/Glints2/dict_0001_0254.uasset" 7165
"../../../Engine/Content/EngineMaterials/Substrate/Glints2/dict_0001_0255.uasset" 7166
"/Engine/EngineMaterials/Substrate/Glints2/dict_0001_0245" 7167
"/Engine/EngineMaterials/Substrate/Glints2/dict_0001_0250" 7168
"/Engine/EngineMaterials/Substrate/Glints2/dict_0001_0216" 7169
"../../../Engine/Content/EngineMaterials/Substrate/Glints2/dict_0002_0000.uasset" 7170
"/Engine/EngineMaterials/Substrate/Glints2/dict_0001_0248" 7171
"/Engine/EngineMaterials/Substrate/Glints2/dict_0001_0220" 7172
"/Engine/EngineMaterials/Substrate/Glints2/dict_0001_0244" 7173
"/Engine/EngineMaterials/Substrate/Glints2/dict_0001_0182" 7174
"/Engine/EngineMaterials/Substrate/Glints2/dict_0001_0243" 7175
"../../../Engine/Content/EngineMaterials/Substrate/Glints2/dict_0002_0002.uasset" 7176
"/Engine/EngineMaterials/Substrate/Glints2/dict_0001_0247" 7177
"/Engine/EngineMaterials/Substrate/Glints2/dict_0001_0246" 7178
"/Engine/EngineMaterials/Substrate/Glints2/dict_0001_0251" 7179
"/Engine/EngineMaterials/Substrate/Glints2/dict_0001_0242" 7180
"/Engine/EngineMaterials/Substrate/Glints2/dict_0001_0241" 7181
"/Engine/EngineMaterials/Substrate/Glints2/dict_0001_0232" 7182
"/Engine/EngineMaterials/Substrate/Glints2/dict_0001_0255" 7183
"../../../Engine/Content/EngineMaterials/Substrate/Glints2/dict_0002_0006.uasset" 7184
"../../../Engine/Content/EngineMaterials/Substrate/Glints2/dict_0002_0007.uasset" 7185
"/Engine/EngineMaterials/Substrate/Glints2/dict_0001_0254" 7186
"/Engine/EngineMaterials/Substrate/Glints2/dict_0001_0253" 7187
"../../../Engine/Content/EngineMaterials/Substrate/Glints2/dict_0002_0009.uasset" 7188
"/Engine/EngineMaterials/Substrate/Glints2/dict_0001_0249" 7189
"/Engine/EngineMaterials/Substrate/Glints2/dict_0002_0002" 7190
"../../../Engine/Content/EngineMaterials/Substrate/Glints2/dict_0002_0008.uasset" 7191
"../../../Engine/Content/EngineMaterials/Substrate/Glints2/dict_0002_0004.uasset" 7192
"../../../Engine/Content/EngineMaterials/Substrate/Glints2/dict_0002_0010.uasset" 7193
"/Engine/EngineMaterials/Substrate/Glints2/dict_0002_0009" 7194
"/Engine/EngineMaterials/Substrate/Glints2/dict_0002_0007" 7195
"/Engine/EngineMaterials/Substrate/Glints2/dict_0002_0006" 7196
"/Engine/EngineMaterials/Substrate/Glints2/dict_0002_0000" 7197
"/Engine/EngineMaterials/Substrate/Glints2/dict_0002_0010" 7198
"/Engine/EngineMaterials/Substrate/Glints2/dict_0002_0008" 7199
"/Engine/EngineMaterials/Substrate/Glints2/dict_0002_0004" 7200
"../../../Engine/Content/EngineMaterials/Substrate/Glints2/dict_0002_0005.uasset" 7201
"../../../Engine/Content/EngineMaterials/Substrate/Glints2/dict_0001_0217.uasset" 7202
"../../../Engine/Content/EngineMaterials/Substrate/Glints2/dict_0001_0252.uasset" 7203
"../../../Engine/Content/EngineMaterials/Substrate/Glints2/dict_0002_0014.uasset" 7204
"../../../Engine/Content/EngineMaterials/Substrate/Glints2/dict_0002_0015.uasset" 7205
"../../../Engine/Content/EngineMaterials/Substrate/Glints2/dict_0002_0013.uasset" 7206
"../../../Engine/Content/EngineMaterials/Substrate/Glints2/dict_0002_0011.uasset" 7207
"../../../Engine/Content/EngineMaterials/Substrate/Glints2/dict_0002_0016.uasset" 7208
"/Engine/EngineMaterials/Substrate/Glints2/dict_0002_0011" 7209
"../../../Engine/Content/EngineMaterials/Substrate/Glints2/dict_0002_0018.uasset" 7210
"/Engine/EngineMaterials/Substrate/Glints2/dict_0001_0217" 7211
"/Engine/EngineMaterials/Substrate/Glints2/dict_0002_0005" 7212
"../../../Engine/Content/EngineMaterials/Substrate/Glints2/dict_0002_0020.uasset" 7213
"/Engine/EngineMaterials/Substrate/Glints2/dict_0002_0016" 7214
"../../../Engine/Content/EngineMaterials/Substrate/Glints2/dict_0002_0021.uasset" 7215
"/Engine/EngineMaterials/Substrate/Glints2/dict_0002_0015" 7216
"../../../Engine/Content/EngineMaterials/Substrate/Glints2/dict_0002_0022.uasset" 7217
"../../../Engine/Content/EngineMaterials/Substrate/Glints2/dict_0002_0001.uasset" 7218
"/Engine/EngineMaterials/Substrate/Glints2/dict_0002_0014" 7219
"/Engine/EngineMaterials/Substrate/Glints2/dict_0002_0013" 7220
"/Engine/EngineMaterials/Substrate/Glints2/dict_0001_0252" 7221
"/Engine/EngineMaterials/Substrate/Glints2/dict_0002_0022" 7222
"/Engine/EngineMaterials/Substrate/Glints2/dict_0002_0021" 7223
"/Engine/EngineMaterials/Substrate/Glints2/dict_0002_0020" 7224
"/Engine/EngineMaterials/Substrate/Glints2/dict_0002_0018" 7225
"/Engine/EngineMaterials/Substrate/Glints2/dict_0002_0001" 7226
"../../../Engine/Content/EngineMaterials/Substrate/Glints2/dict_0002_0012.uasset" 7227
"../../../Engine/Content/EngineMaterials/Substrate/Glints2/dict_0002_0023.uasset" 7228
"/Engine/EngineMaterials/Substrate/Glints2/dict_0002_0012" 7229
"/Engine/EngineMaterials/Substrate/Glints2/dict_0002_0023" 7230
"../../../Engine/Content/EngineMaterials/Substrate/Glints2/dict_0002_0024.uasset" 7231
"../../../Engine/Content/EngineMaterials/Substrate/Glints2/dict_0002_0026.uasset" 7232
"../../../Engine/Content/EngineMaterials/Substrate/Glints2/dict_0002_0029.uasset" 7233
"../../../Engine/Content/EngineMaterials/Substrate/Glints2/dict_0002_0028.uasset" 7234
"../../../Engine/Content/EngineMaterials/Substrate/Glints2/dict_0002_0027.uasset" 7235
"../../../Engine/Content/EngineMaterials/Substrate/Glints2/dict_0002_0019.uasset" 7236
"../../../Engine/Content/EngineMaterials/Substrate/Glints2/dict_0002_0033.uasset" 7237
"../../../Engine/Content/EngineMaterials/Substrate/Glints2/dict_0002_0025.uasset" 7238
"../../../Engine/Content/EngineMaterials/Substrate/Glints2/dict_0002_0035.uasset" 7239
"../../../Engine/Content/EngineMaterials/Substrate/Glints2/dict_0002_0030.uasset" 7240
"../../../Engine/Content/EngineMaterials/Substrate/Glints2/dict_0002_0034.uasset" 7241
"../../../Engine/Content/EngineMaterials/Substrate/Glints2/dict_0002_0037.uasset" 7242
"/Engine/EngineMaterials/Substrate/Glints2/dict_0002_0029" 7243
"/Engine/EngineMaterials/Substrate/Glints2/dict_0002_0028" 7244
"../../../Engine/Content/EngineMaterials/Substrate/Glints2/dict_0002_0036.uasset" 7245
"../../../Engine/Content/EngineMaterials/Substrate/Glints2/dict_0002_0031.uasset" 7246
"../../../Engine/Content/EngineMaterials/Substrate/Glints2/dict_0002_0038.uasset" 7247
"/Engine/EngineMaterials/Substrate/Glints2/dict_0002_0027" 7248
"/Engine/EngineMaterials/Substrate/Glints2/dict_0002_0034" 7249
"/Engine/EngineMaterials/Substrate/Glints2/dict_0002_0037" 7250
"/Engine/EngineMaterials/Substrate/Glints2/dict_0002_0026" 7251
"/Engine/EngineMaterials/Substrate/Glints2/dict_0002_0025" 7252
"/Engine/EngineMaterials/Substrate/Glints2/dict_0002_0024" 7253
"/Engine/EngineMaterials/Substrate/Glints2/dict_0002_0033" 7254
"/Engine/EngineMaterials/Substrate/Glints2/dict_0002_0019" 7255
"../../../Engine/Content/EngineMaterials/Substrate/Glints2/dict_0002_0041.uasset" 7256
"../../../Engine/Content/EngineMaterials/Substrate/Glints2/dict_0002_0039.uasset" 7257
"../../../Engine/Content/EngineMaterials/Substrate/Glints2/dict_0002_0017.uasset" 7258
"/Engine/EngineMaterials/Substrate/Glints2/dict_0002_0030" 7259
"/Engine/EngineMaterials/Substrate/Glints2/dict_0002_0035" 7260
"/Engine/EngineMaterials/Substrate/Glints2/dict_0002_0036" 7261
"../../../Engine/Content/EngineMaterials/Substrate/Glints2/dict_0002_0045.uasset" 7262
"/Engine/EngineMaterials/Substrate/Glints2/dict_0002_0031" 7263
"../../../Engine/Content/EngineMaterials/Substrate/Glints2/dict_0002_0043.uasset" 7264
"/Engine/EngineMaterials/Substrate/Glints2/dict_0002_0017" 7265
"../../../Engine/Content/EngineMaterials/Substrate/Glints2/dict_0002_0042.uasset" 7266
"/Engine/EngineMaterials/Substrate/Glints2/dict_0002_0041" 7267
"/Engine/EngineMaterials/Substrate/Glints2/dict_0002_0039" 7268
"/Engine/EngineMaterials/Substrate/Glints2/dict_0002_0038" 7269
"../../../Engine/Content/EngineMaterials/Substrate/Glints2/dict_0002_0046.uasset" 7270
"/Engine/EngineMaterials/Substrate/Glints2/dict_0002_0045" 7271
"/Engine/EngineMaterials/Substrate/Glints2/dict_0002_0043" 7272
"/Engine/EngineMaterials/Substrate/Glints2/dict_0002_0042" 7273
"/Engine/EngineMaterials/Substrate/Glints2/dict_0002_0046" 7274
"../../../Engine/Content/EngineMaterials/Substrate/Glints2/dict_0002_0047.uasset" 7275
"../../../Engine/Content/EngineMaterials/Substrate/Glints2/dict_0002_0048.uasset" 7276
"../../../Engine/Content/EngineMaterials/Substrate/Glints2/dict_0002_0044.uasset" 7277
"../../../Engine/Content/EngineMaterials/Substrate/Glints2/dict_0002_0049.uasset" 7278
"../../../Engine/Content/EngineMaterials/Substrate/Glints2/dict_0002_0032.uasset" 7279
"../../../Engine/Content/EngineMaterials/Substrate/Glints2/dict_0002_0040.uasset" 7280
"../../../Engine/Content/EngineMaterials/Substrate/Glints2/dict_0002_0052.uasset" 7281
"../../../Engine/Content/EngineMaterials/Substrate/Glints2/dict_0002_0053.uasset" 7282
"../../../Engine/Content/EngineMaterials/Substrate/Glints2/dict_0002_0055.uasset" 7283
"../../../Engine/Content/EngineMaterials/Substrate/Glints2/dict_0002_0050.uasset" 7284
"../../../Engine/Content/EngineMaterials/Substrate/Glints2/dict_0002_0056.uasset" 7285
"../../../Engine/Content/EngineMaterials/Substrate/Glints2/dict_0002_0057.uasset" 7286
"../../../Engine/Content/EngineMaterials/Substrate/Glints2/dict_0002_0059.uasset" 7287
"../../../Engine/Content/EngineMaterials/Substrate/Glints2/dict_0002_0061.uasset" 7288
"../../../Engine/Content/EngineMaterials/Substrate/Glints2/dict_0002_0062.uasset" 7289
"../../../Engine/Content/EngineMaterials/Substrate/Glints2/dict_0002_0054.uasset" 7290
"../../../Engine/Content/EngineMaterials/Substrate/Glints2/dict_0002_0064.uasset" 7291
"../../../Engine/Content/EngineMaterials/Substrate/Glints2/dict_0002_0063.uasset" 7292
"../../../Engine/Content/EngineMaterials/Substrate/Glints2/dict_0002_0066.uasset" 7293
"../../../Engine/Content/EngineMaterials/Substrate/Glints2/dict_0002_0058.uasset" 7294
"../../../Engine/Content/EngineMaterials/Substrate/Glints2/dict_0002_0067.uasset" 7295
"../../../Engine/Content/EngineMaterials/Substrate/Glints2/dict_0002_0065.uasset" 7296
"../../../Engine/Content/EngineMaterials/Substrate/Glints2/dict_0002_0068.uasset" 7297
"../../../Engine/Content/EngineMaterials/Substrate/Glints2/dict_0002_0060.uasset" 7298
"../../../Engine/Content/EngineMaterials/Substrate/Glints2/dict_0002_0051.uasset" 7299
"../../../Engine/Content/EngineMaterials/Substrate/Glints2/dict_0002_0070.uasset" 7300
"../../../Engine/Content/EngineMaterials/Substrate/Glints2/dict_0002_0072.uasset" 7301
"../../../Engine/Content/EngineMaterials/Substrate/Glints2/dict_0002_0071.uasset" 7302
"../../../Engine/Content/EngineMaterials/Substrate/Glints2/dict_0002_0074.uasset" 7303
"../../../Engine/Content/EngineMaterials/Substrate/Glints2/dict_0002_0069.uasset" 7304
"../../../Engine/Content/EngineMaterials/Substrate/Glints2/dict_0002_0073.uasset" 7305
"/Engine/EngineMaterials/Substrate/Glints2/dict_0002_0074" 7306
"/Engine/EngineMaterials/Substrate/Glints2/dict_0002_0064" 7307
"/Engine/EngineMaterials/Substrate/Glints2/dict_0002_0063" 7308
"/Engine/EngineMaterials/Substrate/Glints2/dict_0002_0044" 7309
"/Engine/EngineMaterials/Substrate/Glints2/dict_0002_0062" 7310
"/Engine/EngineMaterials/Substrate/Glints2/dict_0002_0061" 7311
"/Engine/EngineMaterials/Substrate/Glints2/dict_0002_0060" 7312
"/Engine/EngineMaterials/Substrate/Glints2/dict_0002_0059" 7313
"/Engine/EngineMaterials/Substrate/Glints2/dict_0002_0058" 7314
"/Engine/EngineMaterials/Substrate/Glints2/dict_0002_0057" 7315
"/Engine/EngineMaterials/Substrate/Glints2/dict_0002_0052" 7316
"/Engine/EngineMaterials/Substrate/Glints2/dict_0002_0050" 7317
"/Engine/EngineMaterials/Substrate/Glints2/dict_0002_0049" 7318
"/Engine/EngineMaterials/Substrate/Glints2/dict_0002_0048" 7319
"/Engine/EngineMaterials/Substrate/Glints2/dict_0002_0056" 7320
"/Engine/EngineMaterials/Substrate/Glints2/dict_0002_0070" 7321
"/Engine/EngineMaterials/Substrate/Glints2/dict_0002_0032" 7322
"/Engine/EngineMaterials/Substrate/Glints2/dict_0002_0069" 7323
"/Engine/EngineMaterials/Substrate/Glints2/dict_0002_0055" 7324
"/Engine/EngineMaterials/Substrate/Glints2/dict_0002_0047" 7325
"/Engine/EngineMaterials/Substrate/Glints2/dict_0002_0068" 7326
"/Engine/EngineMaterials/Substrate/Glints2/dict_0002_0073" 7327
"/Engine/EngineMaterials/Substrate/Glints2/dict_0002_0072" 7328
"/Engine/EngineMaterials/Substrate/Glints2/dict_0002_0071" 7329
"/Engine/EngineMaterials/Substrate/Glints2/dict_0002_0054" 7330
"/Engine/EngineMaterials/Substrate/Glints2/dict_0002_0053" 7331
"/Engine/EngineMaterials/Substrate/Glints2/dict_0002_0067" 7332
"/Engine/EngineMaterials/Substrate/Glints2/dict_0002_0040" 7333
"/Engine/EngineMaterials/Substrate/Glints2/dict_0002_0066" 7334
"/Engine/EngineMaterials/Substrate/Glints2/dict_0002_0051" 7335
"/Engine/EngineMaterials/Substrate/Glints2/dict_0002_0065" 7336
"../../../Engine/Content/EngineMaterials/Substrate/Glints2/dict_0002_0076.uasset" 7337
"../../../Engine/Content/EngineMaterials/Substrate/Glints2/dict_0002_0077.uasset" 7338
"../../../Engine/Content/EngineMaterials/Substrate/Glints2/dict_0002_0080.uasset" 7339
"../../../Engine/Content/EngineMaterials/Substrate/Glints2/dict_0002_0085.uasset" 7340
"../../../Engine/Content/EngineMaterials/Substrate/Glints2/dict_0002_0078.uasset" 7341
"../../../Engine/Content/EngineMaterials/Substrate/Glints2/dict_0002_0079.uasset" 7342
"../../../Engine/Content/EngineMaterials/Substrate/Glints2/dict_0002_0084.uasset" 7343
"/Engine/EngineMaterials/Substrate/Glints2/dict_0002_0085" 7344
"/Engine/EngineMaterials/Substrate/Glints2/dict_0002_0084" 7345
"/Engine/EngineMaterials/Substrate/Glints2/dict_0002_0080" 7346
"/Engine/EngineMaterials/Substrate/Glints2/dict_0002_0079" 7347
"/Engine/EngineMaterials/Substrate/Glints2/dict_0002_0078" 7348
"/Engine/EngineMaterials/Substrate/Glints2/dict_0002_0077" 7349
"/Engine/EngineMaterials/Substrate/Glints2/dict_0002_0076" 7350
"../../../Engine/Content/EngineMaterials/Substrate/Glints2/dict_0002_0090.uasset" 7351
"../../../Engine/Content/EngineMaterials/Substrate/Glints2/dict_0002_0087.uasset" 7352
"../../../Engine/Content/EngineMaterials/Substrate/Glints2/dict_0002_0089.uasset" 7353
"../../../Engine/Content/EngineMaterials/Substrate/Glints2/dict_0002_0088.uasset" 7354
"../../../Engine/Content/EngineMaterials/Substrate/Glints2/dict_0002_0091.uasset" 7355
"../../../Engine/Content/EngineMaterials/Substrate/Glints2/dict_0002_0093.uasset" 7356
"../../../Engine/Content/EngineMaterials/Substrate/Glints2/dict_0002_0081.uasset" 7357
"../../../Engine/Content/EngineMaterials/Substrate/Glints2/dict_0002_0086.uasset" 7358
"../../../Engine/Content/EngineMaterials/Substrate/Glints2/dict_0002_0095.uasset" 7359
"../../../Engine/Content/EngineMaterials/Substrate/Glints2/dict_0002_0094.uasset" 7360
"../../../Engine/Content/EngineMaterials/Substrate/Glints2/dict_0002_0096.uasset" 7361
"../../../Engine/Content/EngineMaterials/Substrate/Glints2/dict_0002_0097.uasset" 7362
"/Engine/EngineMaterials/Substrate/Glints2/dict_0002_0097" 7363
"/Engine/EngineMaterials/Substrate/Glints2/dict_0002_0096" 7364
"../../../Engine/Content/EngineMaterials/Substrate/Glints2/dict_0002_0098.uasset" 7365
"/Engine/EngineMaterials/Substrate/Glints2/dict_0002_0095" 7366
"/Engine/EngineMaterials/Substrate/Glints2/dict_0002_0094" 7367
"/Engine/EngineMaterials/Substrate/Glints2/dict_0002_0093" 7368
"../../../Engine/Content/EngineMaterials/Substrate/Glints2/dict_0002_0099.uasset" 7369
"/Engine/EngineMaterials/Substrate/Glints2/dict_0002_0091" 7370
"/Engine/EngineMaterials/Substrate/Glints2/dict_0002_0090" 7371
"/Engine/EngineMaterials/Substrate/Glints2/dict_0002_0089" 7372
"/Engine/EngineMaterials/Substrate/Glints2/dict_0002_0088" 7373
"/Engine/EngineMaterials/Substrate/Glints2/dict_0002_0087" 7374
"/Engine/EngineMaterials/Substrate/Glints2/dict_0002_0086" 7375
"/Engine/EngineMaterials/Substrate/Glints2/dict_0002_0081" 7376
"../../../Engine/Content/EngineMaterials/Substrate/Glints2/dict_0002_0082.uasset" 7377
"../../../Engine/Content/EngineMaterials/Substrate/Glints2/dict_0002_0102.uasset" 7378
"/Engine/EngineMaterials/Substrate/Glints2/dict_0002_0099" 7379
"../../../Engine/Content/EngineMaterials/Substrate/Glints2/dict_0002_0103.uasset" 7380
"/Engine/EngineMaterials/Substrate/Glints2/dict_0002_0098" 7381
"/Engine/EngineMaterials/Substrate/Glints2/dict_0002_0082" 7382
"../../../Engine/Content/EngineMaterials/Substrate/Glints2/dict_0002_0092.uasset" 7383
"/Engine/EngineMaterials/Substrate/Glints2/dict_0002_0103" 7384
"/Engine/EngineMaterials/Substrate/Glints2/dict_0002_0102" 7385
"/Engine/EngineMaterials/Substrate/Glints2/dict_0002_0092" 7386
"../../../Engine/Content/EngineMaterials/Substrate/Glints2/dict_0002_0104.uasset" 7387
"../../../Engine/Content/EngineMaterials/Substrate/Glints2/dict_0002_0100.uasset" 7388
"../../../Engine/Content/EngineMaterials/Substrate/Glints2/dict_0002_0003.uasset" 7389
"../../../Engine/Content/EngineMaterials/Substrate/Glints2/dict_0002_0075.uasset" 7390
"../../../Engine/Content/EngineMaterials/Substrate/Glints2/dict_0002_0106.uasset" 7391
"../../../Engine/Content/EngineMaterials/Substrate/Glints2/dict_0002_0101.uasset" 7392
"../../../Engine/Content/EngineMaterials/Substrate/Glints2/dict_0002_0107.uasset" 7393
"../../../Engine/Content/EngineMaterials/Substrate/Glints2/dict_0002_0105.uasset" 7394
"../../../Engine/Content/EngineMaterials/Substrate/Glints2/dict_0002_0109.uasset" 7395
"../../../Engine/Content/EngineMaterials/Substrate/Glints2/dict_0002_0110.uasset" 7396
"../../../Engine/Content/EngineMaterials/Substrate/Glints2/dict_0002_0112.uasset" 7397
"../../../Engine/Content/EngineMaterials/Substrate/Glints2/dict_0002_0113.uasset" 7398
"../../../Engine/Content/EngineMaterials/Substrate/Glints2/dict_0002_0116.uasset" 7399
"/Engine/EngineMaterials/Substrate/Glints2/dict_0002_0105" 7400
"/Engine/EngineMaterials/Substrate/Glints2/dict_0002_0003" 7401
"../../../Engine/Content/EngineMaterials/Substrate/Glints2/dict_0002_0118.uasset" 7402
"/Engine/EngineMaterials/Substrate/Glints2/dict_0002_0104" 7403
"/Engine/EngineMaterials/Substrate/Glints2/dict_0002_0101" 7404
"../../../Engine/Content/EngineMaterials/Substrate/Glints2/dict_0002_0117.uasset" 7405
"../../../Engine/Content/EngineMaterials/Substrate/Glints2/dict_0002_0083.uasset" 7406
"/Engine/EngineMaterials/Substrate/Glints2/dict_0002_0100" 7407
"/Engine/EngineMaterials/Substrate/Glints2/dict_0002_0116" 7408
"../../../Engine/Content/EngineMaterials/Substrate/Glints2/dict_0002_0115.uasset" 7409
"/Engine/EngineMaterials/Substrate/Glints2/dict_0002_0112" 7410
"../../../Engine/Content/EngineMaterials/Substrate/Glints2/dict_0002_0119.uasset" 7411
"/Engine/EngineMaterials/Substrate/Glints2/dict_0002_0113" 7412
"/Engine/EngineMaterials/Substrate/Glints2/dict_0002_0110" 7413
"/Engine/EngineMaterials/Substrate/Glints2/dict_0002_0109" 7414
"../../../Engine/Content/EngineMaterials/Substrate/Glints2/dict_0002_0121.uasset" 7415
"/Engine/EngineMaterials/Substrate/Glints2/dict_0002_0107" 7416
"/Engine/EngineMaterials/Substrate/Glints2/dict_0002_0106" 7417
"../../../Engine/Content/EngineMaterials/Substrate/Glints2/dict_0002_0122.uasset" 7418
"/Engine/EngineMaterials/Substrate/Glints2/dict_0002_0075" 7419
"/Engine/EngineMaterials/Substrate/Glints2/dict_0002_0122" 7420
"/Engine/EngineMaterials/Substrate/Glints2/dict_0002_0121" 7421
"/Engine/EngineMaterials/Substrate/Glints2/dict_0002_0119" 7422
"/Engine/EngineMaterials/Substrate/Glints2/dict_0002_0118" 7423
"../../../Engine/Content/EngineMaterials/Substrate/Glints2/dict_0002_0111.uasset" 7424
"../../../Engine/Content/EngineMaterials/Substrate/Glints2/dict_0002_0123.uasset" 7425
"/Engine/EngineMaterials/Substrate/Glints2/dict_0002_0117" 7426
"/Engine/EngineMaterials/Substrate/Glints2/dict_0002_0115" 7427
"../../../Engine/Content/EngineMaterials/Substrate/Glints2/dict_0002_0108.uasset" 7428
"/Engine/EngineMaterials/Substrate/Glints2/dict_0002_0083" 7429
"/Engine/EngineMaterials/Substrate/Glints2/dict_0002_0123" 7430
"/Engine/EngineMaterials/Substrate/Glints2/dict_0002_0111" 7431
"../../../Engine/Content/EngineMaterials/Substrate/Glints2/dict_0002_0125.uasset" 7432
"/Engine/EngineMaterials/Substrate/Glints2/dict_0002_0108" 7433
"../../../Engine/Content/EngineMaterials/Substrate/Glints2/dict_0002_0124.uasset" 7434
"/Engine/EngineMaterials/Substrate/Glints2/dict_0002_0124" 7435
"/Engine/EngineMaterials/Substrate/Glints2/dict_0002_0125" 7436
"../../../Engine/Content/EngineMaterials/Substrate/Glints2/dict_0002_0127.uasset" 7437
"../../../Engine/Content/EngineMaterials/Substrate/Glints2/dict_0002_0114.uasset" 7438
"../../../Engine/Content/EngineMaterials/Substrate/Glints2/dict_0002_0128.uasset" 7439
"../../../Engine/Content/EngineMaterials/Substrate/Glints2/dict_0002_0120.uasset" 7440
"../../../Engine/Content/EngineMaterials/Substrate/Glints2/dict_0002_0129.uasset" 7441
"../../../Engine/Content/EngineMaterials/Substrate/Glints2/dict_0002_0130.uasset" 7442
"../../../Engine/Content/EngineMaterials/Substrate/Glints2/dict_0002_0135.uasset" 7443
"../../../Engine/Content/EngineMaterials/Substrate/Glints2/dict_0002_0132.uasset" 7444
"../../../Engine/Content/EngineMaterials/Substrate/Glints2/dict_0002_0131.uasset" 7445
"../../../Engine/Content/EngineMaterials/Substrate/Glints2/dict_0002_0136.uasset" 7446
"../../../Engine/Content/EngineMaterials/Substrate/Glints2/dict_0002_0137.uasset" 7447
"../../../Engine/Content/EngineMaterials/Substrate/Glints2/dict_0002_0139.uasset" 7448
"../../../Engine/Content/EngineMaterials/Substrate/Glints2/dict_0002_0141.uasset" 7449
"../../../Engine/Content/EngineMaterials/Substrate/Glints2/dict_0002_0142.uasset" 7450
"../../../Engine/Content/EngineMaterials/Substrate/Glints2/dict_0002_0140.uasset" 7451
"../../../Engine/Content/EngineMaterials/Substrate/Glints2/dict_0002_0133.uasset" 7452
"/Engine/EngineMaterials/Substrate/Glints2/dict_0002_0142" 7453
"/Engine/EngineMaterials/Substrate/Glints2/dict_0002_0141" 7454
"/Engine/EngineMaterials/Substrate/Glints2/dict_0002_0129" 7455
"/Engine/EngineMaterials/Substrate/Glints2/dict_0002_0128" 7456
"/Engine/EngineMaterials/Substrate/Glints2/dict_0002_0140" 7457
"/Engine/EngineMaterials/Substrate/Glints2/dict_0002_0139" 7458
"/Engine/EngineMaterials/Substrate/Glints2/dict_0002_0127" 7459
"/Engine/EngineMaterials/Substrate/Glints2/dict_0002_0120" 7460
"../../../Engine/Content/EngineMaterials/Substrate/Glints2/dict_0002_0145.uasset" 7461
"../../../Engine/Content/EngineMaterials/Substrate/Glints2/dict_0002_0144.uasset" 7462
"/Engine/EngineMaterials/Substrate/Glints2/dict_0002_0130" 7463
"/Engine/EngineMaterials/Substrate/Glints2/dict_0002_0114" 7464
"../../../Engine/Content/EngineMaterials/Substrate/Glints2/dict_0002_0146.uasset" 7465
"/Engine/EngineMaterials/Substrate/Glints2/dict_0002_0137" 7466
"/Engine/EngineMaterials/Substrate/Glints2/dict_0002_0136" 7467
"/Engine/EngineMaterials/Substrate/Glints2/dict_0002_0135" 7468
"/Engine/EngineMaterials/Substrate/Glints2/dict_0002_0133" 7469
"/Engine/EngineMaterials/Substrate/Glints2/dict_0002_0132" 7470
"/Engine/EngineMaterials/Substrate/Glints2/dict_0002_0131" 7471
"../../../Engine/Content/EngineMaterials/Substrate/Glints2/dict_0002_0143.uasset" 7472
"/Engine/EngineMaterials/Substrate/Glints2/dict_0002_0143" 7473
"../../../Engine/Content/EngineMaterials/Substrate/Glints2/dict_0002_0147.uasset" 7474
"/Engine/EngineMaterials/Substrate/Glints2/dict_0002_0146" 7475
"../../../Engine/Content/EngineMaterials/Substrate/Glints2/dict_0002_0148.uasset" 7476
"../../../Engine/Content/EngineMaterials/Substrate/Glints2/dict_0002_0150.uasset" 7477
"/Engine/EngineMaterials/Substrate/Glints2/dict_0002_0145" 7478
"/Engine/EngineMaterials/Substrate/Glints2/dict_0002_0144" 7479
"/Engine/EngineMaterials/Substrate/Glints2/dict_0002_0150" 7480
"/Engine/EngineMaterials/Substrate/Glints2/dict_0002_0148" 7481
"/Engine/EngineMaterials/Substrate/Glints2/dict_0002_0147" 7482
"../../../Engine/Content/EngineMaterials/Substrate/Glints2/dict_0002_0152.uasset" 7483
"../../../Engine/Content/EngineMaterials/Substrate/Glints2/dict_0002_0153.uasset" 7484
"../../../Engine/Content/EngineMaterials/Substrate/Glints2/dict_0002_0154.uasset" 7485
"../../../Engine/Content/EngineMaterials/Substrate/Glints2/dict_0002_0155.uasset" 7486
"../../../Engine/Content/EngineMaterials/Substrate/Glints2/dict_0002_0151.uasset" 7487
"../../../Engine/Content/EngineMaterials/Substrate/Glints2/dict_0002_0149.uasset" 7488
"../../../Engine/Content/EngineMaterials/Substrate/Glints2/dict_0002_0157.uasset" 7489
"../../../Engine/Content/EngineMaterials/Substrate/Glints2/dict_0002_0156.uasset" 7490
"../../../Engine/Content/EngineMaterials/Substrate/Glints2/dict_0002_0159.uasset" 7491
"../../../Engine/Content/EngineMaterials/Substrate/Glints2/dict_0002_0160.uasset" 7492
"../../../Engine/Content/EngineMaterials/Substrate/Glints2/dict_0002_0126.uasset" 7493
"../../../Engine/Content/EngineMaterials/Substrate/Glints2/dict_0002_0162.uasset" 7494
"../../../Engine/Content/EngineMaterials/Substrate/Glints2/dict_0002_0158.uasset" 7495
"../../../Engine/Content/EngineMaterials/Substrate/Glints2/dict_0002_0161.uasset" 7496
"../../../Engine/Content/EngineMaterials/Substrate/Glints2/dict_0002_0138.uasset" 7497
"/Engine/EngineMaterials/Substrate/Glints2/dict_0002_0126" 7498
"../../../Engine/Content/EngineMaterials/Substrate/Glints2/dict_0002_0163.uasset" 7499
"/Engine/EngineMaterials/Substrate/Glints2/dict_0002_0155" 7500
"/Engine/EngineMaterials/Substrate/Glints2/dict_0002_0153" 7501
"/Engine/EngineMaterials/Substrate/Glints2/dict_0002_0149" 7502
"/Engine/EngineMaterials/Substrate/Glints2/dict_0002_0138" 7503
"../../../Engine/Content/EngineMaterials/Substrate/Glints2/dict_0002_0165.uasset" 7504
"/Engine/EngineMaterials/Substrate/Glints2/dict_0002_0162" 7505
"/Engine/EngineMaterials/Substrate/Glints2/dict_0002_0161" 7506
"/Engine/EngineMaterials/Substrate/Glints2/dict_0002_0152" 7507
"/Engine/EngineMaterials/Substrate/Glints2/dict_0002_0154" 7508
"/Engine/EngineMaterials/Substrate/Glints2/dict_0002_0160" 7509
"/Engine/EngineMaterials/Substrate/Glints2/dict_0002_0159" 7510
"/Engine/EngineMaterials/Substrate/Glints2/dict_0002_0151" 7511
"/Engine/EngineMaterials/Substrate/Glints2/dict_0002_0158" 7512
"/Engine/EngineMaterials/Substrate/Glints2/dict_0002_0157" 7513
"../../../Engine/Content/EngineMaterials/Substrate/Glints2/dict_0002_0168.uasset" 7514
"/Engine/EngineMaterials/Substrate/Glints2/dict_0002_0156" 7515
"/Engine/EngineMaterials/Substrate/Glints2/dict_0002_0168" 7516
"../../../Engine/Content/EngineMaterials/Substrate/Glints2/dict_0002_0166.uasset" 7517
"../../../Engine/Content/EngineMaterials/Substrate/Glints2/dict_0002_0172.uasset" 7518
"/Engine/EngineMaterials/Substrate/Glints2/dict_0002_0165" 7519
"../../../Engine/Content/EngineMaterials/Substrate/Glints2/dict_0002_0167.uasset" 7520
"/Engine/EngineMaterials/Substrate/Glints2/dict_0002_0163" 7521
"../../../Engine/Content/EngineMaterials/Substrate/Glints2/dict_0002_0164.uasset" 7522
"/Engine/EngineMaterials/Substrate/Glints2/dict_0002_0167" 7523
"/Engine/EngineMaterials/Substrate/Glints2/dict_0002_0166" 7524
"../../../Engine/Content/EngineMaterials/Substrate/Glints2/dict_0002_0171.uasset" 7525
"/Engine/EngineMaterials/Substrate/Glints2/dict_0002_0172" 7526
"/Engine/EngineMaterials/Substrate/Glints2/dict_0002_0171" 7527
"/Engine/EngineMaterials/Substrate/Glints2/dict_0002_0164" 7528
"../../../Engine/Content/EngineMaterials/Substrate/Glints2/dict_0002_0175.uasset" 7529
"../../../Engine/Content/EngineMaterials/Substrate/Glints2/dict_0002_0170.uasset" 7530
"../../../Engine/Content/EngineMaterials/Substrate/Glints2/dict_0002_0173.uasset" 7531
"../../../Engine/Content/EngineMaterials/Substrate/Glints2/dict_0002_0169.uasset" 7532
"../../../Engine/Content/EngineMaterials/Substrate/Glints2/dict_0002_0174.uasset" 7533
"../../../Engine/Content/EngineMaterials/Substrate/Glints2/dict_0002_0182.uasset" 7534
"../../../Engine/Content/EngineMaterials/Substrate/Glints2/dict_0002_0183.uasset" 7535
"../../../Engine/Content/EngineMaterials/Substrate/Glints2/dict_0002_0177.uasset" 7536
"../../../Engine/Content/EngineMaterials/Substrate/Glints2/dict_0002_0134.uasset" 7537
"../../../Engine/Content/EngineMaterials/Substrate/Glints2/dict_0002_0180.uasset" 7538
"../../../Engine/Content/EngineMaterials/Substrate/Glints2/dict_0002_0181.uasset" 7539
"../../../Engine/Content/EngineMaterials/Substrate/Glints2/dict_0002_0179.uasset" 7540
"../../../Engine/Content/EngineMaterials/Substrate/Glints2/dict_0002_0176.uasset" 7541
"/Engine/EngineMaterials/Substrate/Glints2/dict_0002_0175" 7542
"/Engine/EngineMaterials/Substrate/Glints2/dict_0002_0170" 7543
"../../../Engine/Content/EngineMaterials/Substrate/Glints2/dict_0002_0184.uasset" 7544
"/Engine/EngineMaterials/Substrate/Glints2/dict_0002_0169" 7545
"/Engine/EngineMaterials/Substrate/Glints2/dict_0002_0177" 7546
"../../../Engine/Content/EngineMaterials/Substrate/Glints2/dict_0002_0188.uasset" 7547
"/Engine/EngineMaterials/Substrate/Glints2/dict_0002_0176" 7548
"/Engine/EngineMaterials/Substrate/Glints2/dict_0002_0174" 7549
"/Engine/EngineMaterials/Substrate/Glints2/dict_0002_0173" 7550
"/Engine/EngineMaterials/Substrate/Glints2/dict_0002_0183" 7551
"/Engine/EngineMaterials/Substrate/Glints2/dict_0002_0134" 7552
"/Engine/EngineMaterials/Substrate/Glints2/dict_0002_0182" 7553
"../../../Engine/Content/EngineMaterials/Substrate/Glints2/dict_0002_0186.uasset" 7554
"/Engine/EngineMaterials/Substrate/Glints2/dict_0002_0181" 7555
"/Engine/EngineMaterials/Substrate/Glints2/dict_0002_0180" 7556
"/Engine/EngineMaterials/Substrate/Glints2/dict_0002_0179" 7557
"../../../Engine/Content/EngineMaterials/Substrate/Glints2/dict_0002_0193.uasset" 7558
"../../../Engine/Content/EngineMaterials/Substrate/Glints2/dict_0002_0189.uasset" 7559
"/Engine/EngineMaterials/Substrate/Glints2/dict_0002_0193" 7560
"../../../Engine/Content/EngineMaterials/Substrate/Glints2/dict_0002_0185.uasset" 7561
"../../../Engine/Content/EngineMaterials/Substrate/Glints2/dict_0002_0178.uasset" 7562
"/Engine/EngineMaterials/Substrate/Glints2/dict_0002_0189" 7563
"../../../Engine/Content/EngineMaterials/Substrate/Glints2/dict_0002_0191.uasset" 7564
"/Engine/EngineMaterials/Substrate/Glints2/dict_0002_0188" 7565
"/Engine/EngineMaterials/Substrate/Glints2/dict_0002_0186" 7566
"/Engine/EngineMaterials/Substrate/Glints2/dict_0002_0184" 7567
"/Engine/EngineMaterials/Substrate/Glints2/dict_0002_0191" 7568
"/Engine/EngineMaterials/Substrate/Glints2/dict_0002_0178" 7569
"../../../Engine/Content/EngineMaterials/Substrate/Glints2/dict_0002_0195.uasset" 7570
"/Engine/EngineMaterials/Substrate/Glints2/dict_0002_0185" 7571
"/Engine/EngineMaterials/Substrate/Glints2/dict_0002_0195" 7572
"../../../Engine/Content/EngineMaterials/Substrate/Glints2/dict_0002_0197.uasset" 7573
"../../../Engine/Content/EngineMaterials/Substrate/Glints2/dict_0002_0196.uasset" 7574
"../../../Engine/Content/EngineMaterials/Substrate/Glints2/dict_0002_0200.uasset" 7575
"../../../Engine/Content/EngineMaterials/Substrate/Glints2/dict_0002_0199.uasset" 7576
"../../../Engine/Content/EngineMaterials/Substrate/Glints2/dict_0002_0202.uasset" 7577
"../../../Engine/Content/EngineMaterials/Substrate/Glints2/dict_0002_0187.uasset" 7578
"../../../Engine/Content/EngineMaterials/Substrate/Glints2/dict_0002_0201.uasset" 7579
"../../../Engine/Content/EngineMaterials/Substrate/Glints2/dict_0002_0194.uasset" 7580
"../../../Engine/Content/EngineMaterials/Substrate/Glints2/dict_0002_0192.uasset" 7581
"../../../Engine/Content/EngineMaterials/Substrate/Glints2/dict_0002_0203.uasset" 7582
"../../../Engine/Content/EngineMaterials/Substrate/Glints2/dict_0002_0190.uasset" 7583
"../../../Engine/Content/EngineMaterials/Substrate/Glints2/dict_0002_0205.uasset" 7584
"../../../Engine/Content/EngineMaterials/Substrate/Glints2/dict_0002_0204.uasset" 7585
"/Engine/EngineMaterials/Substrate/Glints2/dict_0002_0201" 7586
"../../../Engine/Content/EngineMaterials/Substrate/Glints2/dict_0002_0206.uasset" 7587
"../../../Engine/Content/EngineMaterials/Substrate/Glints2/dict_0002_0207.uasset" 7588
"../../../Engine/Content/EngineMaterials/Substrate/Glints2/dict_0002_0208.uasset" 7589
"/Engine/EngineMaterials/Substrate/Glints2/dict_0002_0196" 7590
"/Engine/EngineMaterials/Substrate/Glints2/dict_0002_0199" 7591
"/Engine/EngineMaterials/Substrate/Glints2/dict_0002_0192" 7592
"/Engine/EngineMaterials/Substrate/Glints2/dict_0002_0190" 7593
"../../../Engine/Content/EngineMaterials/Substrate/Glints2/dict_0002_0198.uasset" 7594
"/Engine/EngineMaterials/Substrate/Glints2/dict_0002_0200" 7595
"/Engine/EngineMaterials/Substrate/Glints2/dict_0002_0194" 7596
"../../../Engine/Content/EngineMaterials/Substrate/Glints2/dict_0002_0209.uasset" 7597
"/Engine/EngineMaterials/Substrate/Glints2/dict_0002_0187" 7598
"../../../Engine/Content/EngineMaterials/Substrate/Glints2/dict_0002_0211.uasset" 7599
"/Engine/EngineMaterials/Substrate/Glints2/dict_0002_0197" 7600
"/Engine/EngineMaterials/Substrate/Glints2/dict_0002_0205" 7601
"/Engine/EngineMaterials/Substrate/Glints2/dict_0002_0204" 7602
"../../../Engine/Content/EngineMaterials/Substrate/Glints2/dict_0002_0214.uasset" 7603
"/Engine/EngineMaterials/Substrate/Glints2/dict_0002_0203" 7604
"../../../Engine/Content/EngineMaterials/Substrate/Glints2/dict_0002_0210.uasset" 7605
"/Engine/EngineMaterials/Substrate/Glints2/dict_0002_0202" 7606
"/Engine/EngineMaterials/Substrate/Glints2/dict_0002_0214" 7607
"../../../Engine/Content/EngineMaterials/Substrate/Glints2/dict_0002_0216.uasset" 7608
"../../../Engine/Content/EngineMaterials/Substrate/Glints2/dict_0002_0213.uasset" 7609
"/Engine/EngineMaterials/Substrate/Glints2/dict_0002_0198" 7610
"/Engine/EngineMaterials/Substrate/Glints2/dict_0002_0211" 7611
"/Engine/EngineMaterials/Substrate/Glints2/dict_0002_0210" 7612
"/Engine/EngineMaterials/Substrate/Glints2/dict_0002_0209" 7613
"../../../Engine/Content/EngineMaterials/Substrate/Glints2/dict_0002_0217.uasset" 7614
"../../../Engine/Content/EngineMaterials/Substrate/Glints2/dict_0002_0212.uasset" 7615
"/Engine/EngineMaterials/Substrate/Glints2/dict_0002_0208" 7616
"../../../Engine/Content/EngineMaterials/Substrate/Glints2/dict_0002_0219.uasset" 7617
"/Engine/EngineMaterials/Substrate/Glints2/dict_0002_0207" 7618
"/Engine/EngineMaterials/Substrate/Glints2/dict_0002_0206" 7619
"/Engine/EngineMaterials/Substrate/Glints2/dict_0002_0213" 7620
"/Engine/EngineMaterials/Substrate/Glints2/dict_0002_0212" 7621
"/Engine/EngineMaterials/Substrate/Glints2/dict_0002_0219" 7622
"../../../Engine/Content/EngineMaterials/Substrate/Glints2/dict_0002_0220.uasset" 7623
"../../../Engine/Content/EngineMaterials/Substrate/Glints2/dict_0002_0218.uasset" 7624
"/Engine/EngineMaterials/Substrate/Glints2/dict_0002_0217" 7625
"/Engine/EngineMaterials/Substrate/Glints2/dict_0002_0216" 7626
"/Engine/EngineMaterials/Substrate/Glints2/dict_0002_0218" 7627
"/Engine/EngineMaterials/Substrate/Glints2/dict_0002_0220" 7628
"../../../Engine/Content/EngineMaterials/Substrate/Glints2/dict_0002_0222.uasset" 7629
"../../../Engine/Content/EngineMaterials/Substrate/Glints2/dict_0002_0223.uasset" 7630
"../../../Engine/Content/EngineMaterials/Substrate/Glints2/dict_0002_0224.uasset" 7631
"../../../Engine/Content/EngineMaterials/Substrate/Glints2/dict_0002_0228.uasset" 7632
"../../../Engine/Content/EngineMaterials/Substrate/Glints2/dict_0002_0229.uasset" 7633
"../../../Engine/Content/EngineMaterials/Substrate/Glints2/dict_0002_0226.uasset" 7634
"../../../Engine/Content/EngineMaterials/Substrate/Glints2/dict_0002_0231.uasset" 7635
"../../../Engine/Content/EngineMaterials/Substrate/Glints2/dict_0002_0227.uasset" 7636
"../../../Engine/Content/EngineMaterials/Substrate/Glints2/dict_0002_0230.uasset" 7637
"../../../Engine/Content/EngineMaterials/Substrate/Glints2/dict_0002_0232.uasset" 7638
"../../../Engine/Content/EngineMaterials/Substrate/Glints2/dict_0002_0233.uasset" 7639
"../../../Engine/Content/EngineMaterials/Substrate/Glints2/dict_0002_0234.uasset" 7640
"../../../Engine/Content/EngineMaterials/Substrate/Glints2/dict_0002_0236.uasset" 7641
"/Engine/EngineMaterials/Substrate/Glints2/dict_0002_0236" 7642
"/Engine/EngineMaterials/Substrate/Glints2/dict_0002_0234" 7643
"../../../Engine/Content/EngineMaterials/Substrate/Glints2/dict_0002_0215.uasset" 7644
"/Engine/EngineMaterials/Substrate/Glints2/dict_0002_0223" 7645
"../../../Engine/Content/EngineMaterials/Substrate/Glints2/dict_0002_0235.uasset" 7646
"../../../Engine/Content/EngineMaterials/Substrate/Glints2/dict_0002_0239.uasset" 7647
"../../../Engine/Content/EngineMaterials/Substrate/Glints2/dict_0002_0237.uasset" 7648
"/Engine/EngineMaterials/Substrate/Glints2/dict_0002_0233" 7649
"/Engine/EngineMaterials/Substrate/Glints2/dict_0002_0222" 7650
"/Engine/EngineMaterials/Substrate/Glints2/dict_0002_0232" 7651
"/Engine/EngineMaterials/Substrate/Glints2/dict_0002_0231" 7652
"/Engine/EngineMaterials/Substrate/Glints2/dict_0002_0230" 7653
"/Engine/EngineMaterials/Substrate/Glints2/dict_0002_0229" 7654
"/Engine/EngineMaterials/Substrate/Glints2/dict_0002_0228" 7655
"../../../Engine/Content/EngineMaterials/Substrate/Glints2/dict_0002_0238.uasset" 7656
"/Engine/EngineMaterials/Substrate/Glints2/dict_0002_0227" 7657
"../../../Engine/Content/EngineMaterials/Substrate/Glints2/dict_0002_0240.uasset" 7658
"/Engine/EngineMaterials/Substrate/Glints2/dict_0002_0226" 7659
"/Engine/EngineMaterials/Substrate/Glints2/dict_0002_0224" 7660
"/Engine/EngineMaterials/Substrate/Glints2/dict_0002_0235" 7661
"/Engine/EngineMaterials/Substrate/Glints2/dict_0002_0240" 7662
"/Engine/EngineMaterials/Substrate/Glints2/dict_0002_0239" 7663
"../../../Engine/Content/EngineMaterials/Substrate/Glints2/dict_0002_0243.uasset" 7664
"/Engine/EngineMaterials/Substrate/Glints2/dict_0002_0215" 7665
"../../../Engine/Content/EngineMaterials/Substrate/Glints2/dict_0002_0244.uasset" 7666
"/Engine/EngineMaterials/Substrate/Glints2/dict_0002_0238" 7667
"../../../Engine/Content/EngineMaterials/Substrate/Glints2/dict_0002_0225.uasset" 7668
"/Engine/EngineMaterials/Substrate/Glints2/dict_0002_0237" 7669
"/Engine/EngineMaterials/Substrate/Glints2/dict_0002_0244" 7670
"/Engine/EngineMaterials/Substrate/Glints2/dict_0002_0243" 7671
"../../../Engine/Content/EngineMaterials/Substrate/Glints2/dict_0002_0245.uasset" 7672
"/Engine/EngineMaterials/Substrate/Glints2/dict_0002_0225" 7673
"../../../Engine/Content/EngineMaterials/Substrate/Glints2/dict_0002_0249.uasset" 7674
"/Engine/EngineMaterials/Substrate/Glints2/dict_0002_0245" 7675
"../../../Engine/Content/EngineMaterials/Substrate/Glints2/dict_0002_0248.uasset" 7676
"/Engine/EngineMaterials/Substrate/Glints2/dict_0002_0249" 7677
"/Engine/EngineMaterials/Substrate/Glints2/dict_0002_0248" 7678
"../../../Engine/Content/EngineMaterials/Substrate/Glints2/dict_0002_0221.uasset" 7679
"../../../Engine/Content/EngineMaterials/Substrate/Glints2/dict_0002_0246.uasset" 7680
"../../../Engine/Content/EngineMaterials/Substrate/Glints2/dict_0002_0250.uasset" 7681
"../../../Engine/Content/EngineMaterials/Substrate/Glints2/dict_0002_0242.uasset" 7682
"../../../Engine/Content/EngineMaterials/Substrate/Glints2/dict_0002_0247.uasset" 7683
"../../../Engine/Content/EngineMaterials/Substrate/Glints2/dict_0002_0241.uasset" 7684
"../../../Engine/Content/EngineMaterials/Substrate/Glints2/dict_0002_0251.uasset" 7685
"../../../Engine/Content/EngineMaterials/Substrate/Glints2/dict_0002_0252.uasset" 7686
"../../../Engine/Content/EngineMaterials/Substrate/Glints2/dict_0002_0254.uasset" 7687
"../../../Engine/Content/EngineMaterials/Substrate/Glints2/dict_0002_0255.uasset" 7688
"../../../Engine/Content/EngineMaterials/Substrate/Glints2/dict_0003_0000.uasset" 7689
"../../../Engine/Content/EngineMaterials/Substrate/Glints2/dict_0003_0001.uasset" 7690
"../../../Engine/Content/EngineMaterials/Substrate/Glints2/dict_0003_0003.uasset" 7691
"../../../Engine/Content/EngineMaterials/Substrate/Glints2/dict_0003_0008.uasset" 7692
"/Engine/EngineMaterials/Substrate/Glints2/dict_0002_0247" 7693
"/Engine/EngineMaterials/Substrate/Glints2/dict_0002_0221" 7694
"../../../Engine/Content/EngineMaterials/Substrate/Glints2/dict_0003_0007.uasset" 7695
"/Engine/EngineMaterials/Substrate/Glints2/dict_0003_0001" 7696
"../../../Engine/Content/EngineMaterials/Substrate/Glints2/dict_0003_0011.uasset" 7697
"/Engine/EngineMaterials/Substrate/Glints2/dict_0002_0242" 7698
"../../../Engine/Content/EngineMaterials/Substrate/Glints2/dict_0003_0002.uasset" 7699
"/Engine/EngineMaterials/Substrate/Glints2/dict_0002_0241" 7700
"../../../Engine/Content/EngineMaterials/Substrate/Glints2/dict_0003_0013.uasset" 7701
"/Engine/EngineMaterials/Substrate/Glints2/dict_0002_0251" 7702
"../../../Engine/Content/EngineMaterials/Substrate/Glints2/dict_0003_0012.uasset" 7703
"/Engine/EngineMaterials/Substrate/Glints2/dict_0002_0246" 7704
"/Engine/EngineMaterials/Substrate/Glints2/dict_0003_0000" 7705
"/Engine/EngineMaterials/Substrate/Glints2/dict_0002_0255" 7706
"../../../Engine/Content/EngineMaterials/Substrate/Glints2/dict_0003_0006.uasset" 7707
"/Engine/EngineMaterials/Substrate/Glints2/dict_0002_0250" 7708
"/Engine/EngineMaterials/Substrate/Glints2/dict_0002_0254" 7709
"/Engine/EngineMaterials/Substrate/Glints2/dict_0002_0252" 7710
"/Engine/EngineMaterials/Substrate/Glints2/dict_0003_0008" 7711
"../../../Engine/Content/EngineMaterials/Substrate/Glints2/dict_0003_0010.uasset" 7712
"/Engine/EngineMaterials/Substrate/Glints2/dict_0003_0007" 7713
"/Engine/EngineMaterials/Substrate/Glints2/dict_0003_0006" 7714
"/Engine/EngineMaterials/Substrate/Glints2/dict_0003_0003" 7715
"/Engine/EngineMaterials/Substrate/Glints2/dict_0003_0002" 7716
"/Engine/EngineMaterials/Substrate/Glints2/dict_0003_0013" 7717
"/Engine/EngineMaterials/Substrate/Glints2/dict_0003_0012" 7718
"/Engine/EngineMaterials/Substrate/Glints2/dict_0003_0011" 7719
"/Engine/EngineMaterials/Substrate/Glints2/dict_0003_0010" 7720
"../../../Engine/Content/EngineMaterials/Substrate/Glints2/dict_0003_0014.uasset" 7721
"../../../Engine/Content/EngineMaterials/Substrate/Glints2/dict_0003_0015.uasset" 7722
"../../../Engine/Content/EngineMaterials/Substrate/Glints2/dict_0003_0017.uasset" 7723
"/Engine/EngineMaterials/Substrate/Glints2/dict_0003_0017" 7724
"/Engine/EngineMaterials/Substrate/Glints2/dict_0003_0014" 7725
"../../../Engine/Content/EngineMaterials/Substrate/Glints2/dict_0003_0016.uasset" 7726
"/Engine/EngineMaterials/Substrate/Glints2/dict_0003_0015" 7727
"../../../Engine/Content/EngineMaterials/Substrate/Glints2/dict_0003_0020.uasset" 7728
"/Engine/EngineMaterials/Substrate/Glints2/dict_0003_0020" 7729
"/Engine/EngineMaterials/Substrate/Glints2/dict_0003_0016" 7730
"../../../Engine/Content/EngineMaterials/Substrate/Glints2/dict_0003_0019.uasset" 7731
"/Engine/EngineMaterials/Substrate/Glints2/dict_0003_0019" 7732
"../../../Engine/Content/EngineMaterials/Substrate/Glints2/dict_0003_0009.uasset" 7733
"../../../Engine/Content/EngineMaterials/Substrate/Glints2/dict_0003_0021.uasset" 7734
"../../../Engine/Content/EngineMaterials/Substrate/Glints2/dict_0002_0253.uasset" 7735
"../../../Engine/Content/EngineMaterials/Substrate/Glints2/dict_0003_0025.uasset" 7736
"../../../Engine/Content/EngineMaterials/Substrate/Glints2/dict_0003_0004.uasset" 7737
"../../../Engine/Content/EngineMaterials/Substrate/Glints2/dict_0003_0024.uasset" 7738
"../../../Engine/Content/EngineMaterials/Substrate/Glints2/dict_0003_0027.uasset" 7739
"../../../Engine/Content/EngineMaterials/Substrate/Glints2/dict_0003_0028.uasset" 7740
"../../../Engine/Content/EngineMaterials/Substrate/Glints2/dict_0003_0023.uasset" 7741
"../../../Engine/Content/EngineMaterials/Substrate/Glints2/dict_0003_0026.uasset" 7742
"../../../Engine/Content/EngineMaterials/Substrate/Glints2/dict_0003_0029.uasset" 7743
"../../../Engine/Content/EngineMaterials/Substrate/Glints2/dict_0003_0022.uasset" 7744
"../../../Engine/Content/EngineMaterials/Substrate/Glints2/dict_0003_0030.uasset" 7745
"/Engine/EngineMaterials/Substrate/Glints2/dict_0003_0004" 7746
"/Engine/EngineMaterials/Substrate/Glints2/dict_0003_0030" 7747
"/Engine/EngineMaterials/Substrate/Glints2/dict_0003_0029" 7748
"/Engine/EngineMaterials/Substrate/Glints2/dict_0003_0028" 7749
"/Engine/EngineMaterials/Substrate/Glints2/dict_0003_0027" 7750
"/Engine/EngineMaterials/Substrate/Glints2/dict_0003_0026" 7751
"../../../Engine/Content/EngineMaterials/Substrate/Glints2/dict_0003_0032.uasset" 7752
"../../../Engine/Content/EngineMaterials/Substrate/Glints2/dict_0003_0005.uasset" 7753
"../../../Engine/Content/EngineMaterials/Substrate/Glints2/dict_0003_0035.uasset" 7754
"/Engine/EngineMaterials/Substrate/Glints2/dict_0003_0025" 7755
"../../../Engine/Content/EngineMaterials/Substrate/Glints2/dict_0003_0033.uasset" 7756
"/Engine/EngineMaterials/Substrate/Glints2/dict_0003_0024" 7757
"../../../Engine/Content/EngineMaterials/Substrate/Glints2/dict_0003_0036.uasset" 7758
"/Engine/EngineMaterials/Substrate/Glints2/dict_0003_0023" 7759
"/Engine/EngineMaterials/Substrate/Glints2/dict_0003_0009" 7760
"/Engine/EngineMaterials/Substrate/Glints2/dict_0003_0022" 7761
"/Engine/EngineMaterials/Substrate/Glints2/dict_0002_0253" 7762
"../../../Engine/Content/EngineMaterials/Substrate/Glints2/dict_0003_0034.uasset" 7763
"/Engine/EngineMaterials/Substrate/Glints2/dict_0003_0021" 7764
"/Engine/EngineMaterials/Substrate/Glints2/dict_0003_0032" 7765
"/Engine/EngineMaterials/Substrate/Glints2/dict_0003_0005" 7766
"../../../Engine/Content/EngineMaterials/Substrate/Glints2/dict_0003_0037.uasset" 7767
"../../../Engine/Content/EngineMaterials/Substrate/Glints2/dict_0003_0039.uasset" 7768
"../../../Engine/Content/EngineMaterials/Substrate/Glints2/dict_0003_0041.uasset" 7769
"/Engine/EngineMaterials/Substrate/Glints2/dict_0003_0036" 7770
"/Engine/EngineMaterials/Substrate/Glints2/dict_0003_0035" 7771
"/Engine/EngineMaterials/Substrate/Glints2/dict_0003_0034" 7772
"/Engine/EngineMaterials/Substrate/Glints2/dict_0003_0033" 7773
"/Engine/EngineMaterials/Substrate/Glints2/dict_0003_0039" 7774
"/Engine/EngineMaterials/Substrate/Glints2/dict_0003_0037" 7775
"/Engine/EngineMaterials/Substrate/Glints2/dict_0003_0041" 7776
"../../../Engine/Content/EngineMaterials/Substrate/Glints2/dict_0003_0040.uasset" 7777
"../../../Engine/Content/EngineMaterials/Substrate/Glints2/dict_0003_0042.uasset" 7778
"../../../Engine/Content/EngineMaterials/Substrate/Glints2/dict_0003_0046.uasset" 7779
"../../../Engine/Content/EngineMaterials/Substrate/Glints2/dict_0003_0043.uasset" 7780
"../../../Engine/Content/EngineMaterials/Substrate/Glints2/dict_0003_0018.uasset" 7781
"../../../Engine/Content/EngineMaterials/Substrate/Glints2/dict_0003_0045.uasset" 7782
"../../../Engine/Content/EngineMaterials/Substrate/Glints2/dict_0003_0047.uasset" 7783
"../../../Engine/Content/EngineMaterials/Substrate/Glints2/dict_0003_0044.uasset" 7784
"../../../Engine/Content/EngineMaterials/Substrate/Glints2/dict_0003_0049.uasset" 7785
"../../../Engine/Content/EngineMaterials/Substrate/Glints2/dict_0003_0050.uasset" 7786
"../../../Engine/Content/EngineMaterials/Substrate/Glints2/dict_0003_0048.uasset" 7787
"../../../Engine/Content/EngineMaterials/Substrate/Glints2/dict_0003_0052.uasset" 7788
"../../../Engine/Content/EngineMaterials/Substrate/Glints2/dict_0003_0053.uasset" 7789
"/Engine/EngineMaterials/Substrate/Glints2/dict_0003_0044" 7790
"../../../Engine/Content/EngineMaterials/Substrate/Glints2/dict_0003_0038.uasset" 7791
"/Engine/EngineMaterials/Substrate/Glints2/dict_0003_0040" 7792
"/Engine/EngineMaterials/Substrate/Glints2/dict_0003_0046" 7793
"/Engine/EngineMaterials/Substrate/Glints2/dict_0003_0047" 7794
"../../../Engine/Content/EngineMaterials/Substrate/Glints2/dict_0003_0057.uasset" 7795
"/Engine/EngineMaterials/Substrate/Glints2/dict_0003_0043" 7796
"/Engine/EngineMaterials/Substrate/Glints2/dict_0003_0045" 7797
"/Engine/EngineMaterials/Substrate/Glints2/dict_0003_0018" 7798
"/Engine/EngineMaterials/Substrate/Glints2/dict_0003_0053" 7799
"../../../Engine/Content/EngineMaterials/Substrate/Glints2/dict_0003_0056.uasset" 7800
"/Engine/EngineMaterials/Substrate/Glints2/dict_0003_0052" 7801
"/Engine/EngineMaterials/Substrate/Glints2/dict_0003_0050" 7802
"../../../Engine/Content/EngineMaterials/Substrate/Glints2/dict_0003_0060.uasset" 7803
"../../../Engine/Content/EngineMaterials/Substrate/Glints2/dict_0003_0062.uasset" 7804
"../../../Engine/Content/EngineMaterials/Substrate/Glints2/dict_0003_0061.uasset" 7805
"/Engine/EngineMaterials/Substrate/Glints2/dict_0003_0049" 7806
"../../../Engine/Content/EngineMaterials/Substrate/Glints2/dict_0003_0058.uasset" 7807
"/Engine/EngineMaterials/Substrate/Glints2/dict_0003_0042" 7808
"/Engine/EngineMaterials/Substrate/Glints2/dict_0003_0048" 7809
"/Engine/EngineMaterials/Substrate/Glints2/dict_0003_0038" 7810
"../../../Engine/Content/EngineMaterials/Substrate/Glints2/dict_0003_0063.uasset" 7811
"/Engine/EngineMaterials/Substrate/Glints2/dict_0003_0060" 7812
"../../../Engine/Content/EngineMaterials/Substrate/Glints2/dict_0003_0051.uasset" 7813
"../../../Engine/Content/EngineMaterials/Substrate/Glints2/dict_0003_0031.uasset" 7814
"/Engine/EngineMaterials/Substrate/Glints2/dict_0003_0058" 7815
"/Engine/EngineMaterials/Substrate/Glints2/dict_0003_0057" 7816
"/Engine/EngineMaterials/Substrate/Glints2/dict_0003_0056" 7817
"/Engine/EngineMaterials/Substrate/Glints2/dict_0003_0062" 7818
"/Engine/EngineMaterials/Substrate/Glints2/dict_0003_0061" 7819
"/Engine/EngineMaterials/Substrate/Glints2/dict_0003_0031" 7820
"/Engine/EngineMaterials/Substrate/Glints2/dict_0003_0063" 7821
"/Engine/EngineMaterials/Substrate/Glints2/dict_0003_0051" 7822
"../../../Engine/Content/EngineMaterials/Substrate/Glints2/dict_0003_0059.uasset" 7823
"../../../Engine/Content/EngineMaterials/Substrate/Glints2/dict_0003_0065.uasset" 7824
"../../../Engine/Content/EngineMaterials/Substrate/Glints2/dict_0003_0067.uasset" 7825
"../../../Engine/Content/EngineMaterials/Substrate/Glints2/dict_0003_0066.uasset" 7826
"../../../Engine/Content/EngineMaterials/Substrate/Glints2/dict_0003_0069.uasset" 7827
"../../../Engine/Content/EngineMaterials/Substrate/Glints2/dict_0003_0071.uasset" 7828
"../../../Engine/Content/EngineMaterials/Substrate/Glints2/dict_0003_0054.uasset" 7829
"../../../Engine/Content/EngineMaterials/Substrate/Glints2/dict_0003_0068.uasset" 7830
"../../../Engine/Content/EngineMaterials/Substrate/Glints2/dict_0003_0070.uasset" 7831
"../../../Engine/Content/EngineMaterials/Substrate/Glints2/dict_0003_0064.uasset" 7832
"../../../Engine/Content/EngineMaterials/Substrate/Glints2/dict_0003_0072.uasset" 7833
"../../../Engine/Content/EngineMaterials/Substrate/Glints2/dict_0003_0055.uasset" 7834
"../../../Engine/Content/EngineMaterials/Substrate/Glints2/dict_0003_0074.uasset" 7835
"../../../Engine/Content/EngineMaterials/Substrate/Glints2/dict_0003_0076.uasset" 7836
"../../../Engine/Content/EngineMaterials/Substrate/Glints2/dict_0003_0078.uasset" 7837
"/Engine/EngineMaterials/Substrate/Glints2/dict_0003_0078" 7838
"../../../Engine/Content/EngineMaterials/Substrate/Glints2/dict_0003_0079.uasset" 7839
"/Engine/EngineMaterials/Substrate/Glints2/dict_0003_0069" 7840
"/Engine/EngineMaterials/Substrate/Glints2/dict_0003_0066" 7841
"/Engine/EngineMaterials/Substrate/Glints2/dict_0003_0065" 7842
"/Engine/EngineMaterials/Substrate/Glints2/dict_0003_0068" 7843
"../../../Engine/Content/EngineMaterials/Substrate/Glints2/dict_0003_0080.uasset" 7844
"/Engine/EngineMaterials/Substrate/Glints2/dict_0003_0064" 7845
"/Engine/EngineMaterials/Substrate/Glints2/dict_0003_0059" 7846
"/Engine/EngineMaterials/Substrate/Glints2/dict_0003_0055" 7847
"../../../Engine/Content/EngineMaterials/Substrate/Glints2/dict_0003_0081.uasset" 7848
"../../../Engine/Content/EngineMaterials/Substrate/Glints2/dict_0003_0075.uasset" 7849
"/Engine/EngineMaterials/Substrate/Glints2/dict_0003_0054" 7850
"/Engine/EngineMaterials/Substrate/Glints2/dict_0003_0076" 7851
"/Engine/EngineMaterials/Substrate/Glints2/dict_0003_0074" 7852
"../../../Engine/Content/EngineMaterials/Substrate/Glints2/dict_0003_0084.uasset" 7853
"/Engine/EngineMaterials/Substrate/Glints2/dict_0003_0067" 7854
"/Engine/EngineMaterials/Substrate/Glints2/dict_0003_0072" 7855
"../../../Engine/Content/EngineMaterials/Substrate/Glints2/dict_0003_0083.uasset" 7856
"/Engine/EngineMaterials/Substrate/Glints2/dict_0003_0071" 7857
"/Engine/EngineMaterials/Substrate/Glints2/dict_0003_0070" 7858
"../../../Engine/Content/EngineMaterials/Substrate/Glints2/dict_0003_0082.uasset" 7859
"../../../Engine/Content/EngineMaterials/Substrate/Glints2/dict_0003_0086.uasset" 7860
"/Engine/EngineMaterials/Substrate/Glints2/dict_0003_0082" 7861
"/Engine/EngineMaterials/Substrate/Glints2/dict_0003_0081" 7862
"../../../Engine/Content/EngineMaterials/Substrate/Glints2/dict_0003_0087.uasset" 7863
"/Engine/EngineMaterials/Substrate/Glints2/dict_0003_0080" 7864
"../../../Engine/Content/EngineMaterials/Substrate/Glints2/dict_0003_0077.uasset" 7865
"../../../Engine/Content/EngineMaterials/Substrate/Glints2/dict_0003_0088.uasset" 7866
"/Engine/EngineMaterials/Substrate/Glints2/dict_0003_0079" 7867
"/Engine/EngineMaterials/Substrate/Glints2/dict_0003_0086" 7868
"../../../Engine/Content/EngineMaterials/Substrate/Glints2/dict_0003_0089.uasset" 7869
"/Engine/EngineMaterials/Substrate/Glints2/dict_0003_0084" 7870
"/Engine/EngineMaterials/Substrate/Glints2/dict_0003_0075" 7871
"/Engine/EngineMaterials/Substrate/Glints2/dict_0003_0083" 7872
"/Engine/EngineMaterials/Substrate/Glints2/dict_0003_0077" 7873
"/Engine/EngineMaterials/Substrate/Glints2/dict_0003_0089" 7874
"/Engine/EngineMaterials/Substrate/Glints2/dict_0003_0088" 7875
"/Engine/EngineMaterials/Substrate/Glints2/dict_0003_0087" 7876
"../../../Engine/Content/EngineMaterials/Substrate/Glints2/dict_0003_0090.uasset" 7877
"../../../Engine/Content/EngineMaterials/Substrate/Glints2/dict_0003_0073.uasset" 7878
"../../../Engine/Content/EngineMaterials/Substrate/Glints2/dict_0003_0093.uasset" 7879
"../../../Engine/Content/EngineMaterials/Substrate/Glints2/dict_0003_0097.uasset" 7880
"../../../Engine/Content/EngineMaterials/Substrate/Glints2/dict_0003_0094.uasset" 7881
"../../../Engine/Content/EngineMaterials/Substrate/Glints2/dict_0003_0085.uasset" 7882
"../../../Engine/Content/EngineMaterials/Substrate/Glints2/dict_0003_0098.uasset" 7883
"../../../Engine/Content/EngineMaterials/Substrate/Glints2/dict_0003_0096.uasset" 7884
"../../../Engine/Content/EngineMaterials/Substrate/Glints2/dict_0003_0100.uasset" 7885
"../../../Engine/Content/EngineMaterials/Substrate/Glints2/dict_0003_0095.uasset" 7886
"../../../Engine/Content/EngineMaterials/Substrate/Glints2/dict_0003_0099.uasset" 7887
"../../../Engine/Content/EngineMaterials/Substrate/Glints2/dict_0003_0101.uasset" 7888
"../../../Engine/Content/EngineMaterials/Substrate/Glints2/dict_0003_0104.uasset" 7889
"/Engine/EngineMaterials/Substrate/Glints2/dict_0003_0104" 7890
"/Engine/EngineMaterials/Substrate/Glints2/dict_0003_0101" 7891
"../../../Engine/Content/EngineMaterials/Substrate/Glints2/dict_0003_0107.uasset" 7892
"../../../Engine/Content/EngineMaterials/Substrate/Glints2/dict_0003_0106.uasset" 7893
"../../../Engine/Content/EngineMaterials/Substrate/Glints2/dict_0003_0110.uasset" 7894
"/Engine/EngineMaterials/Substrate/Glints2/dict_0003_0085" 7895
"../../../Engine/Content/EngineMaterials/Substrate/Glints2/dict_0003_0091.uasset" 7896
"/Engine/EngineMaterials/Substrate/Glints2/dict_0003_0100" 7897
"../../../Engine/Content/EngineMaterials/Substrate/Glints2/dict_0003_0103.uasset" 7898
"../../../Engine/Content/EngineMaterials/Substrate/Glints2/dict_0003_0108.uasset" 7899
"/Engine/EngineMaterials/Substrate/Glints2/dict_0003_0099" 7900
"../../../Engine/Content/EngineMaterials/Substrate/Glints2/dict_0003_0102.uasset" 7901
"/Engine/EngineMaterials/Substrate/Glints2/dict_0003_0098" 7902
"/Engine/EngineMaterials/Substrate/Glints2/dict_0003_0097" 7903
"/Engine/EngineMaterials/Substrate/Glints2/dict_0003_0096" 7904
"/Engine/EngineMaterials/Substrate/Glints2/dict_0003_0090" 7905
"../../../Engine/Content/EngineMaterials/Substrate/Glints2/dict_0003_0109.uasset" 7906
"/Engine/EngineMaterials/Substrate/Glints2/dict_0003_0073" 7907
"/Engine/EngineMaterials/Substrate/Glints2/dict_0003_0095" 7908
"/Engine/EngineMaterials/Substrate/Glints2/dict_0003_0094" 7909
"/Engine/EngineMaterials/Substrate/Glints2/dict_0003_0093" 7910
"../../../Engine/Content/EngineMaterials/Substrate/Glints2/dict_0003_0092.uasset" 7911
"/Engine/EngineMaterials/Substrate/Glints2/dict_0003_0107" 7912
"../../../Engine/Content/EngineMaterials/Substrate/Glints2/dict_0003_0112.uasset" 7913
"/Engine/EngineMaterials/Substrate/Glints2/dict_0003_0106" 7914
"/Engine/EngineMaterials/Substrate/Glints2/dict_0003_0103" 7915
"../../../Engine/Content/EngineMaterials/Substrate/Glints2/dict_0003_0105.uasset" 7916
"/Engine/EngineMaterials/Substrate/Glints2/dict_0003_0102" 7917
"/Engine/EngineMaterials/Substrate/Glints2/dict_0003_0091" 7918
"/Engine/EngineMaterials/Substrate/Glints2/dict_0003_0110" 7919
"/Engine/EngineMaterials/Substrate/Glints2/dict_0003_0109" 7920
"/Engine/EngineMaterials/Substrate/Glints2/dict_0003_0108" 7921
"/Engine/EngineMaterials/Substrate/Glints2/dict_0003_0112" 7922
"../../../Engine/Content/EngineMaterials/Substrate/Glints2/dict_0003_0113.uasset" 7923
"../../../Engine/Content/EngineMaterials/Substrate/Glints2/dict_0003_0116.uasset" 7924
"/Engine/EngineMaterials/Substrate/Glints2/dict_0003_0105" 7925
"/Engine/EngineMaterials/Substrate/Glints2/dict_0003_0092" 7926
"/Engine/EngineMaterials/Substrate/Glints2/dict_0003_0113" 7927
"/Engine/EngineMaterials/Substrate/Glints2/dict_0003_0116" 7928
"../../../Engine/Content/EngineMaterials/Substrate/Glints2/dict_0003_0114.uasset" 7929
"../../../Engine/Content/EngineMaterials/Substrate/Glints2/dict_0003_0117.uasset" 7930
"../../../Engine/Content/EngineMaterials/Substrate/Glints2/dict_0003_0111.uasset" 7931
"../../../Engine/Content/EngineMaterials/Substrate/Glints2/dict_0003_0119.uasset" 7932
"../../../Engine/Content/EngineMaterials/Substrate/Glints2/dict_0003_0118.uasset" 7933
"../../../Engine/Content/EngineMaterials/Substrate/Glints2/dict_0003_0122.uasset" 7934
"../../../Engine/Content/EngineMaterials/Substrate/Glints2/dict_0003_0125.uasset" 7935
"../../../Engine/Content/EngineMaterials/Substrate/Glints2/dict_0003_0126.uasset" 7936
"../../../Engine/Content/EngineMaterials/Substrate/Glints2/dict_0003_0124.uasset" 7937
"../../../Engine/Content/EngineMaterials/Substrate/Glints2/dict_0003_0127.uasset" 7938
"../../../Engine/Content/EngineMaterials/Substrate/Glints2/dict_0003_0121.uasset" 7939
"../../../Engine/Content/EngineMaterials/Substrate/Glints2/dict_0003_0123.uasset" 7940
"../../../Engine/Content/EngineMaterials/Substrate/Glints2/dict_0003_0128.uasset" 7941
"../../../Engine/Content/EngineMaterials/Substrate/Glints2/dict_0003_0130.uasset" 7942
"/Engine/EngineMaterials/Substrate/Glints2/dict_0003_0114" 7943
"../../../Engine/Content/EngineMaterials/Substrate/Glints2/dict_0003_0131.uasset" 7944
"/Engine/EngineMaterials/Substrate/Glints2/dict_0003_0119" 7945
"/Engine/EngineMaterials/Substrate/Glints2/dict_0003_0118" 7946
"/Engine/EngineMaterials/Substrate/Glints2/dict_0003_0117" 7947
"/Engine/EngineMaterials/Substrate/Glints2/dict_0003_0111" 7948
"/Engine/EngineMaterials/Substrate/Glints2/dict_0003_0130" 7949
"/Engine/EngineMaterials/Substrate/Glints2/dict_0003_0128" 7950
"../../../Engine/Content/EngineMaterials/Substrate/Glints2/dict_0003_0133.uasset" 7951
"/Engine/EngineMaterials/Substrate/Glints2/dict_0003_0127" 7952
"/Engine/EngineMaterials/Substrate/Glints2/dict_0003_0126" 7953
"../../../Engine/Content/EngineMaterials/Substrate/Glints2/dict_0003_0134.uasset" 7954
"/Engine/EngineMaterials/Substrate/Glints2/dict_0003_0125" 7955
"../../../Engine/Content/EngineMaterials/Substrate/Glints2/dict_0003_0120.uasset" 7956
"/Engine/EngineMaterials/Substrate/Glints2/dict_0003_0124" 7957
"/Engine/EngineMaterials/Substrate/Glints2/dict_0003_0123" 7958
"../../../Engine/Content/EngineMaterials/Substrate/Glints2/dict_0003_0132.uasset" 7959
"../../../Engine/Content/EngineMaterials/Substrate/Glints2/dict_0003_0135.uasset" 7960
"/Engine/EngineMaterials/Substrate/Glints2/dict_0003_0122" 7961
"../../../Engine/Content/EngineMaterials/Substrate/Glints2/dict_0003_0136.uasset" 7962
"/Engine/EngineMaterials/Substrate/Glints2/dict_0003_0121" 7963
"/Engine/EngineMaterials/Substrate/Glints2/dict_0003_0132" 7964
"/Engine/EngineMaterials/Substrate/Glints2/dict_0003_0131" 7965
"/Engine/EngineMaterials/Substrate/Glints2/dict_0003_0136" 7966
"/Engine/EngineMaterials/Substrate/Glints2/dict_0003_0135" 7967
"/Engine/EngineMaterials/Substrate/Glints2/dict_0003_0134" 7968
"/Engine/EngineMaterials/Substrate/Glints2/dict_0003_0133" 7969
"/Engine/EngineMaterials/Substrate/Glints2/dict_0003_0120" 7970
"../../../Engine/Content/EngineMaterials/Substrate/Glints2/dict_0003_0140.uasset" 7971
"../../../Engine/Content/EngineMaterials/Substrate/Glints2/dict_0003_0141.uasset" 7972
"../../../Engine/Content/EngineMaterials/Substrate/Glints2/dict_0003_0138.uasset" 7973
"../../../Engine/Content/EngineMaterials/Substrate/Glints2/dict_0003_0115.uasset" 7974
"../../../Engine/Content/EngineMaterials/Substrate/Glints2/dict_0003_0142.uasset" 7975
"../../../Engine/Content/EngineMaterials/Substrate/Glints2/dict_0003_0137.uasset" 7976
"../../../Engine/Content/EngineMaterials/Substrate/Glints2/dict_0003_0143.uasset" 7977
"../../../Engine/Content/EngineMaterials/Substrate/Glints2/dict_0003_0145.uasset" 7978
"../../../Engine/Content/EngineMaterials/Substrate/Glints2/dict_0003_0129.uasset" 7979
"../../../Engine/Content/EngineMaterials/Substrate/Glints2/dict_0003_0144.uasset" 7980
"../../../Engine/Content/EngineMaterials/Substrate/Glints2/dict_0003_0139.uasset" 7981
"/Engine/EngineMaterials/Substrate/Glints2/dict_0003_0115" 7982
"/Engine/EngineMaterials/Substrate/Glints2/dict_0003_0145" 7983
"/Engine/EngineMaterials/Substrate/Glints2/dict_0003_0143" 7984
"/Engine/EngineMaterials/Substrate/Glints2/dict_0003_0140" 7985
"/Engine/EngineMaterials/Substrate/Glints2/dict_0003_0139" 7986
"../../../Engine/Content/EngineMaterials/Substrate/Glints2/dict_0003_0153.uasset" 7987
"../../../Engine/Content/EngineMaterials/Substrate/Glints2/dict_0003_0155.uasset" 7988
"../../../Engine/Content/EngineMaterials/Substrate/Glints2/dict_0003_0151.uasset" 7989
"../../../Engine/Content/EngineMaterials/Substrate/Glints2/dict_0003_0150.uasset" 7990
"../../../Engine/Content/EngineMaterials/Substrate/Glints2/dict_0003_0157.uasset" 7991
"../../../Engine/Content/EngineMaterials/Substrate/Glints2/dict_0003_0154.uasset" 7992
"/Engine/EngineMaterials/Substrate/Glints2/dict_0003_0142" 7993
"/Engine/EngineMaterials/Substrate/Glints2/dict_0003_0141" 7994
"/Engine/EngineMaterials/Substrate/Glints2/dict_0003_0138" 7995
"/Engine/EngineMaterials/Substrate/Glints2/dict_0003_0144" 7996
"/Engine/EngineMaterials/Substrate/Glints2/dict_0003_0129" 7997
"/Engine/EngineMaterials/Substrate/Glints2/dict_0003_0157" 7998
"/Engine/EngineMaterials/Substrate/Glints2/dict_0003_0155" 7999
"/Engine/EngineMaterials/Substrate/Glints2/dict_0003_0154" 8000
"/Engine/EngineMaterials/Substrate/Glints2/dict_0003_0153" 8001
"/Engine/EngineMaterials/Substrate/Glints2/dict_0003_0151" 8002
"/Engine/EngineMaterials/Substrate/Glints2/dict_0003_0150" 8003
"../../../Engine/Content/EngineMaterials/Substrate/Glints2/dict_0003_0161.uasset" 8004
"../../../Engine/Content/EngineMaterials/Substrate/Glints2/dict_0003_0158.uasset" 8005
"../../../Engine/Content/EngineMaterials/Substrate/Glints2/dict_0003_0163.uasset" 8006
"../../../Engine/Content/EngineMaterials/Substrate/Glints2/dict_0003_0159.uasset" 8007
"../../../Engine/Content/EngineMaterials/Substrate/Glints2/dict_0003_0162.uasset" 8008
"../../../Engine/Content/EngineMaterials/Substrate/Glints2/dict_0003_0160.uasset" 8009
"../../../Engine/Content/EngineMaterials/Substrate/Glints2/dict_0003_0164.uasset" 8010
"../../../Engine/Content/EngineMaterials/Substrate/Glints2/dict_0003_0166.uasset" 8011
"../../../Engine/Content/EngineMaterials/Substrate/Glints2/dict_0003_0167.uasset" 8012
"../../../Engine/Content/EngineMaterials/Substrate/Glints2/dict_0003_0168.uasset" 8013
"/Engine/EngineMaterials/Substrate/Glints2/dict_0003_0159" 8014
"../../../Engine/Content/EngineMaterials/Substrate/Glints2/dict_0003_0169.uasset" 8015
"../../../Engine/Content/EngineMaterials/Substrate/Glints2/dict_0003_0165.uasset" 8016
"/Engine/EngineMaterials/Substrate/Glints2/dict_0003_0158" 8017
"/Engine/EngineMaterials/Substrate/Glints2/dict_0003_0166" 8018
"/Engine/EngineMaterials/Substrate/Glints2/dict_0003_0137" 8019
"/Engine/EngineMaterials/Substrate/Glints2/dict_0003_0168" 8020
"/Engine/EngineMaterials/Substrate/Glints2/dict_0003_0164" 8021
"/Engine/EngineMaterials/Substrate/Glints2/dict_0003_0163" 8022
"/Engine/EngineMaterials/Substrate/Glints2/dict_0003_0167" 8023
"/Engine/EngineMaterials/Substrate/Glints2/dict_0003_0162" 8024
"/Engine/EngineMaterials/Substrate/Glints2/dict_0003_0161" 8025
"/Engine/EngineMaterials/Substrate/Glints2/dict_0003_0160" 8026
"/Engine/EngineMaterials/Substrate/Glints2/dict_0003_0169" 8027
"/Engine/EngineMaterials/Substrate/Glints2/dict_0003_0165" 8028
"../../../Engine/Content/EngineMaterials/Substrate/Glints2/dict_0003_0172.uasset" 8029
"../../../Engine/Content/EngineMaterials/Substrate/Glints2/dict_0003_0171.uasset" 8030
"../../../Engine/Content/EngineMaterials/Substrate/Glints2/dict_0003_0173.uasset" 8031
"../../../Engine/Content/EngineMaterials/Substrate/Glints2/dict_0003_0175.uasset" 8032
"../../../Engine/Content/EngineMaterials/Substrate/Glints2/dict_0003_0174.uasset" 8033
"../../../Engine/Content/EngineMaterials/Substrate/Glints2/dict_0003_0176.uasset" 8034
"../../../Engine/Content/EngineMaterials/Substrate/Glints2/dict_0003_0177.uasset" 8035
"../../../Engine/Content/EngineMaterials/Substrate/Glints2/dict_0003_0178.uasset" 8036
"../../../Engine/Content/EngineMaterials/Substrate/Glints2/dict_0003_0179.uasset" 8037
"../../../Engine/Content/EngineMaterials/Substrate/Glints2/dict_0003_0180.uasset" 8038
"../../../Engine/Content/EngineMaterials/Substrate/Glints2/dict_0003_0181.uasset" 8039
"../../../Engine/Content/EngineMaterials/Substrate/Glints2/dict_0003_0182.uasset" 8040
"/Engine/EngineMaterials/Substrate/Glints2/dict_0003_0176" 8041
"/Engine/EngineMaterials/Substrate/Glints2/dict_0003_0175" 8042
"/Engine/EngineMaterials/Substrate/Glints2/dict_0003_0174" 8043
"/Engine/EngineMaterials/Substrate/Glints2/dict_0003_0173" 8044
"/Engine/EngineMaterials/Substrate/Glints2/dict_0003_0172" 8045
"/Engine/EngineMaterials/Substrate/Glints2/dict_0003_0182" 8046
"/Engine/EngineMaterials/Substrate/Glints2/dict_0003_0171" 8047
"/Engine/EngineMaterials/Substrate/Glints2/dict_0003_0181" 8048
"/Engine/EngineMaterials/Substrate/Glints2/dict_0003_0180" 8049
"/Engine/EngineMaterials/Substrate/Glints2/dict_0003_0179" 8050
"../../../Engine/Content/EngineMaterials/Substrate/Glints2/dict_0003_0183.uasset" 8051
"/Engine/EngineMaterials/Substrate/Glints2/dict_0003_0178" 8052
"../../../Engine/Content/EngineMaterials/Substrate/Glints2/dict_0003_0184.uasset" 8053
"/Engine/EngineMaterials/Substrate/Glints2/dict_0003_0177" 8054
"../../../Engine/Content/EngineMaterials/Substrate/Glints2/dict_0003_0185.uasset" 8055
"/Engine/EngineMaterials/Substrate/Glints2/dict_0003_0185" 8056
"../../../Engine/Content/EngineMaterials/Substrate/Glints2/dict_0003_0186.uasset" 8057
"/Engine/EngineMaterials/Substrate/Glints2/dict_0003_0184" 8058
"/Engine/EngineMaterials/Substrate/Glints2/dict_0003_0183" 8059
"/Engine/EngineMaterials/Substrate/Glints2/dict_0003_0186" 8060
"../../../Engine/Content/EngineMaterials/Substrate/Glints2/dict_0003_0188.uasset" 8061
"../../../Engine/Content/EngineMaterials/Substrate/Glints2/dict_0003_0187.uasset" 8062
"../../../Engine/Content/EngineMaterials/Substrate/Glints2/dict_0003_0189.uasset" 8063
"../../../Engine/Content/EngineMaterials/Substrate/Glints2/dict_0003_0190.uasset" 8064
"../../../Engine/Content/EngineMaterials/Substrate/Glints2/dict_0003_0191.uasset" 8065
"../../../Engine/Content/EngineMaterials/Substrate/Glints2/dict_0003_0192.uasset" 8066
"../../../Engine/Content/EngineMaterials/Substrate/Glints2/dict_0003_0152.uasset" 8067
"../../../Engine/Content/EngineMaterials/Substrate/Glints2/dict_0003_0194.uasset" 8068
"../../../Engine/Content/EngineMaterials/Substrate/Glints2/dict_0003_0193.uasset" 8069
"/Engine/EngineMaterials/Substrate/Glints2/dict_0003_0193" 8070
"../../../Engine/Content/EngineMaterials/Substrate/Glints2/dict_0003_0195.uasset" 8071
"/Engine/EngineMaterials/Substrate/Glints2/dict_0003_0192" 8072
"../../../Engine/Content/EngineMaterials/Substrate/Glints2/dict_0003_0196.uasset" 8073
"/Engine/EngineMaterials/Substrate/Glints2/dict_0003_0191" 8074
"/Engine/EngineMaterials/Substrate/Glints2/dict_0003_0190" 8075
"../../../Engine/Content/EngineMaterials/Substrate/Glints2/dict_0003_0197.uasset" 8076
"/Engine/EngineMaterials/Substrate/Glints2/dict_0003_0194" 8077
"../../../Engine/Content/EngineMaterials/Substrate/Glints2/dict_0003_0198.uasset" 8078
"/Engine/EngineMaterials/Substrate/Glints2/dict_0003_0189" 8079
"/Engine/EngineMaterials/Substrate/Glints2/dict_0003_0188" 8080
"/Engine/EngineMaterials/Substrate/Glints2/dict_0003_0187" 8081
"/Engine/EngineMaterials/Substrate/Glints2/dict_0003_0152" 8082
"/Engine/EngineMaterials/Substrate/Glints2/dict_0003_0195" 8083
"../../../Engine/Content/EngineMaterials/Substrate/Glints2/dict_0003_0200.uasset" 8084
"/Engine/EngineMaterials/Substrate/Glints2/dict_0003_0198" 8085
"/Engine/EngineMaterials/Substrate/Glints2/dict_0003_0197" 8086
"/Engine/EngineMaterials/Substrate/Glints2/dict_0003_0196" 8087
"/Engine/EngineMaterials/Substrate/Glints2/dict_0003_0200" 8088
"../../../Engine/Content/EngineMaterials/Substrate/Glints2/dict_0003_0202.uasset" 8089
"../../../Engine/Content/EngineMaterials/Substrate/Glints2/dict_0003_0203.uasset" 8090
"../../../Engine/Content/EngineMaterials/Substrate/Glints2/dict_0003_0204.uasset" 8091
"../../../Engine/Content/EngineMaterials/Substrate/Glints2/dict_0003_0205.uasset" 8092
"../../../Engine/Content/EngineMaterials/Substrate/Glints2/dict_0003_0206.uasset" 8093
"../../../Engine/Content/EngineMaterials/Substrate/Glints2/dict_0003_0208.uasset" 8094
"../../../Engine/Content/EngineMaterials/Substrate/Glints2/dict_0003_0207.uasset" 8095
"../../../Engine/Content/EngineMaterials/Substrate/Glints2/dict_0003_0209.uasset" 8096
"../../../Engine/Content/EngineMaterials/Substrate/Glints2/dict_0003_0210.uasset" 8097
"/Engine/EngineMaterials/Substrate/Glints2/dict_0003_0207" 8098
"/Engine/EngineMaterials/Substrate/Glints2/dict_0003_0206" 8099
"/Engine/EngineMaterials/Substrate/Glints2/dict_0003_0205" 8100
"../../../Engine/Content/EngineMaterials/Substrate/Glints2/dict_0003_0211.uasset" 8101
"/Engine/EngineMaterials/Substrate/Glints2/dict_0003_0204" 8102
"/Engine/EngineMaterials/Substrate/Glints2/dict_0003_0203" 8103
"/Engine/EngineMaterials/Substrate/Glints2/dict_0003_0202" 8104
"/Engine/EngineMaterials/Substrate/Glints2/dict_0003_0210" 8105
"/Engine/EngineMaterials/Substrate/Glints2/dict_0003_0209" 8106
"/Engine/EngineMaterials/Substrate/Glints2/dict_0003_0208" 8107
"/Engine/EngineMaterials/Substrate/Glints2/dict_0003_0211" 8108
"../../../Engine/Content/EngineMaterials/Substrate/Glints2/dict_0003_0213.uasset" 8109
"../../../Engine/Content/EngineMaterials/Substrate/Glints2/dict_0003_0212.uasset" 8110
"../../../Engine/Content/EngineMaterials/Substrate/Glints2/dict_0003_0214.uasset" 8111
"../../../Engine/Content/EngineMaterials/Substrate/Glints2/dict_0003_0215.uasset" 8112
"../../../Engine/Content/EngineMaterials/Substrate/Glints2/dict_0003_0216.uasset" 8113
"../../../Engine/Content/EngineMaterials/Substrate/Glints2/dict_0003_0217.uasset" 8114
"../../../Engine/Content/EngineMaterials/Substrate/Glints2/dict_0003_0218.uasset" 8115
"../../../Engine/Content/EngineMaterials/Substrate/Glints2/dict_0003_0219.uasset" 8116
"../../../Engine/Content/EngineMaterials/Substrate/Glints2/dict_0003_0220.uasset" 8117
"../../../Engine/Content/EngineMaterials/Substrate/Glints2/dict_0003_0221.uasset" 8118
"/Engine/EngineMaterials/Substrate/Glints2/dict_0003_0220" 8119
"/Engine/EngineMaterials/Substrate/Glints2/dict_0003_0219" 8120
"/Engine/EngineMaterials/Substrate/Glints2/dict_0003_0218" 8121
"/Engine/EngineMaterials/Substrate/Glints2/dict_0003_0217" 8122
"/Engine/EngineMaterials/Substrate/Glints2/dict_0003_0216" 8123
"/Engine/EngineMaterials/Substrate/Glints2/dict_0003_0215" 8124
"/Engine/EngineMaterials/Substrate/Glints2/dict_0003_0214" 8125
"/Engine/EngineMaterials/Substrate/Glints2/dict_0003_0213" 8126
"/Engine/EngineMaterials/Substrate/Glints2/dict_0003_0212" 8127
"/Engine/EngineMaterials/Substrate/Glints2/dict_0003_0221" 8128
"../../../Engine/Content/EngineMaterials/Substrate/Glints2/dict_0003_0222.uasset" 8129
"../../../Engine/Content/EngineMaterials/Substrate/Glints2/dict_0003_0223.uasset" 8130
"../../../Engine/Content/EngineMaterials/Substrate/Glints2/dict_0003_0224.uasset" 8131
"../../../Engine/Content/EngineMaterials/Substrate/Glints2/dict_0003_0225.uasset" 8132
"../../../Engine/Content/EngineMaterials/Substrate/Glints2/dict_0003_0226.uasset" 8133
"../../../Engine/Content/EngineMaterials/Substrate/Glints2/dict_0003_0229.uasset" 8134
"../../../Engine/Content/EngineMaterials/Substrate/Glints2/dict_0003_0228.uasset" 8135
"../../../Engine/Content/EngineMaterials/Substrate/Glints2/dict_0003_0227.uasset" 8136
"../../../Engine/Content/EngineMaterials/Substrate/Glints2/dict_0003_0230.uasset" 8137
"../../../Engine/Content/EngineMaterials/Substrate/Glints2/dict_0003_0231.uasset" 8138
"/Engine/EngineMaterials/Substrate/Glints2/dict_0003_0231" 8139
"/Engine/EngineMaterials/Substrate/Glints2/dict_0003_0230" 8140
"/Engine/EngineMaterials/Substrate/Glints2/dict_0003_0229" 8141
"/Engine/EngineMaterials/Substrate/Glints2/dict_0003_0224" 8142
"/Engine/EngineMaterials/Substrate/Glints2/dict_0003_0225" 8143
"/Engine/EngineMaterials/Substrate/Glints2/dict_0003_0223" 8144
"/Engine/EngineMaterials/Substrate/Glints2/dict_0003_0228" 8145
"/Engine/EngineMaterials/Substrate/Glints2/dict_0003_0222" 8146
"../../../Engine/Content/EngineMaterials/Substrate/Glints2/dict_0003_0232.uasset" 8147
"../../../Engine/Content/EngineMaterials/Substrate/Glints2/dict_0003_0234.uasset" 8148
"/Engine/EngineMaterials/Substrate/Glints2/dict_0003_0227" 8149
"../../../Engine/Content/EngineMaterials/Substrate/Glints2/dict_0003_0233.uasset" 8150
"/Engine/EngineMaterials/Substrate/Glints2/dict_0003_0226" 8151
"/Engine/EngineMaterials/Substrate/Glints2/dict_0003_0234" 8152
"../../../Engine/Content/EngineMaterials/Substrate/Glints2/dict_0003_0235.uasset" 8153
"/Engine/EngineMaterials/Substrate/Glints2/dict_0003_0233" 8154
"../../../Engine/Content/EngineMaterials/Substrate/Glints2/dict_0003_0236.uasset" 8155
"/Engine/EngineMaterials/Substrate/Glints2/dict_0003_0232" 8156
"/Engine/EngineMaterials/Substrate/Glints2/dict_0003_0235" 8157
"/Engine/EngineMaterials/Substrate/Glints2/dict_0003_0236" 8158
"../../../Engine/Content/EngineMaterials/Substrate/Glints2/dict_0003_0237.uasset" 8159
"../../../Engine/Content/EngineMaterials/Substrate/Glints2/dict_0003_0238.uasset" 8160
"../../../Engine/Content/EngineMaterials/Substrate/Glints2/dict_0003_0239.uasset" 8161
"../../../Engine/Content/EngineMaterials/Substrate/Glints2/dict_0003_0240.uasset" 8162
"../../../Engine/Content/EngineMaterials/Substrate/Glints2/dict_0003_0241.uasset" 8163
"../../../Engine/Content/EngineMaterials/Substrate/Glints2/dict_0003_0242.uasset" 8164
"../../../Engine/Content/EngineMaterials/Substrate/Glints2/dict_0003_0243.uasset" 8165
"/Engine/EngineMaterials/Substrate/Glints2/dict_0003_0242" 8166
"../../../Engine/Content/EngineMaterials/Substrate/Glints2/dict_0003_0244.uasset" 8167
"../../../Engine/Content/EngineMaterials/Substrate/Glints2/dict_0003_0245.uasset" 8168
"/Engine/EngineMaterials/Substrate/Glints2/dict_0003_0241" 8169
"/Engine/EngineMaterials/Substrate/Glints2/dict_0003_0240" 8170
"../../../Engine/Content/EngineMaterials/Substrate/Glints2/dict_0003_0246.uasset" 8171
"/Engine/EngineMaterials/Substrate/Glints2/dict_0003_0239" 8172
"/Engine/EngineMaterials/Substrate/Glints2/dict_0003_0238" 8173
"/Engine/EngineMaterials/Substrate/Glints2/dict_0003_0237" 8174
"/Engine/EngineMaterials/Substrate/Glints2/dict_0003_0245" 8175
"/Engine/EngineMaterials/Substrate/Glints2/dict_0003_0244" 8176
"/Engine/EngineMaterials/Substrate/Glints2/dict_0003_0243" 8177
"/Engine/EngineMaterials/Substrate/Glints2/dict_0003_0246" 8178
"../../../Engine/Content/EngineMaterials/Substrate/Glints2/dict_0003_0247.uasset" 8179
"../../../Engine/Content/EngineMaterials/Substrate/Glints2/dict_0003_0248.uasset" 8180
"../../../Engine/Content/EngineMaterials/Substrate/Glints2/dict_0003_0249.uasset" 8181
"../../../Engine/Content/EngineMaterials/Substrate/Glints2/dict_0003_0250.uasset" 8182
"../../../Engine/Content/EngineMaterials/Substrate/Glints2/dict_0003_0251.uasset" 8183
"/Engine/EngineMaterials/Substrate/Glints2/dict_0003_0251" 8184
"/Engine/EngineMaterials/Substrate/Glints2/dict_0003_0250" 8185
"/Engine/EngineMaterials/Substrate/Glints2/dict_0003_0249" 8186
"/Engine/EngineMaterials/Substrate/Glints2/dict_0003_0248" 8187
"/Engine/EngineMaterials/Substrate/Glints2/dict_0003_0247" 8188
"../../../Engine/Content/EngineMaterials/Substrate/Glints2/dict_0003_0254.uasset" 8189
"../../../Engine/Content/EngineMaterials/Substrate/Glints2/dict_0003_0252.uasset" 8190
"../../../Engine/Content/EngineMaterials/Substrate/Glints2/dict_0004_0000.uasset" 8191
"../../../Engine/Content/EngineMaterials/Substrate/Glints2/dict_0003_0253.uasset" 8192
"../../../Engine/Content/EngineMaterials/Substrate/Glints2/dict_0003_0255.uasset" 8193
"/Engine/EngineMaterials/Substrate/Glints2/dict_0004_0000" 8194
"/Engine/EngineMaterials/Substrate/Glints2/dict_0003_0255" 8195
"/Engine/EngineMaterials/Substrate/Glints2/dict_0003_0254" 8196
"../../../Engine/Content/EngineMaterials/Substrate/Glints2/dict_0004_0001.uasset" 8197
"/Engine/EngineMaterials/Substrate/Glints2/dict_0003_0253" 8198
"../../../Engine/Content/EngineMaterials/Substrate/Glints2/dict_0004_0004.uasset" 8199
"../../../Engine/Content/EngineMaterials/Substrate/Glints2/dict_0004_0003.uasset" 8200
"../../../Engine/Content/EngineMaterials/Substrate/Glints2/dict_0004_0005.uasset" 8201
"/Engine/EngineMaterials/Substrate/Glints2/dict_0003_0252" 8202
"../../../Engine/Content/EngineMaterials/Substrate/Glints2/dict_0004_0002.uasset" 8203
"/Engine/EngineMaterials/Substrate/Glints2/dict_0004_0002" 8204
"/Engine/EngineMaterials/Substrate/Glints2/dict_0004_0001" 8205
"/Engine/EngineMaterials/Substrate/Glints2/dict_0004_0004" 8206
"/Engine/EngineMaterials/Substrate/Glints2/dict_0004_0005" 8207
"/Engine/EngineMaterials/Substrate/Glints2/dict_0004_0003" 8208
"../../../Engine/Content/EngineMaterials/Substrate/Glints2/dict_0004_0007.uasset" 8209
"../../../Engine/Content/EngineMaterials/Substrate/Glints2/dict_0004_0006.uasset" 8210
"../../../Engine/Content/EngineMaterials/Substrate/Glints2/dict_0004_0008.uasset" 8211
"../../../Engine/Content/EngineMaterials/Substrate/Glints2/dict_0004_0010.uasset" 8212
"../../../Engine/Content/EngineMaterials/Substrate/Glints2/dict_0004_0009.uasset" 8213
"../../../Engine/Content/EngineMaterials/Substrate/Glints2/dict_0003_0201.uasset" 8214
"../../../Engine/Content/EngineMaterials/Substrate/Glints2/dict_0004_0011.uasset" 8215
"/Engine/EngineMaterials/Substrate/Glints2/dict_0003_0201" 8216
"../../../Engine/Content/EngineMaterials/Substrate/Glints2/dict_0004_0012.uasset" 8217
"../../../Engine/Content/EngineMaterials/Substrate/Glints2/dict_0004_0013.uasset" 8218
"/Engine/EngineMaterials/Substrate/Glints2/dict_0004_0010" 8219
"/Engine/EngineMaterials/Substrate/Glints2/dict_0004_0009" 8220
"../../../Engine/Content/EngineMaterials/Substrate/Glints2/dict_0004_0015.uasset" 8221
"../../../Engine/Content/EngineMaterials/Substrate/Glints2/dict_0004_0014.uasset" 8222
"/Engine/EngineMaterials/Substrate/Glints2/dict_0004_0008" 8223
"/Engine/EngineMaterials/Substrate/Glints2/dict_0004_0007" 8224
"/Engine/EngineMaterials/Substrate/Glints2/dict_0004_0006" 8225
"/Engine/EngineMaterials/Substrate/Glints2/dict_0004_0011" 8226
"/Engine/EngineMaterials/Substrate/Glints2/dict_0004_0014" 8227
"/Engine/EngineMaterials/Substrate/Glints2/dict_0004_0013" 8228
"/Engine/EngineMaterials/Substrate/Glints2/dict_0004_0012" 8229
"/Engine/EngineMaterials/Substrate/Glints2/dict_0004_0015" 8230
"../../../Engine/Content/EngineMaterials/Substrate/Glints2/dict_0004_0018.uasset" 8231
"../../../Engine/Content/EngineMaterials/Substrate/Glints2/dict_0003_0156.uasset" 8232
"../../../Engine/Content/EngineMaterials/Substrate/Glints2/dict_0004_0017.uasset" 8233
"../../../Engine/Content/EngineMaterials/Substrate/Glints2/dict_0004_0019.uasset" 8234
"../../../Engine/Content/EngineMaterials/Substrate/Glints2/dict_0004_0020.uasset" 8235
"../../../Engine/Content/EngineMaterials/Substrate/Glints2/dict_0004_0021.uasset" 8236
"../../../Engine/Content/EngineMaterials/Substrate/Glints2/dict_0004_0022.uasset" 8237
"../../../Engine/Content/EngineMaterials/Substrate/Glints2/dict_0004_0023.uasset" 8238
"../../../Engine/Content/EngineMaterials/Substrate/Glints2/dict_0004_0024.uasset" 8239
"../../../Engine/Content/EngineMaterials/Substrate/Glints2/dict_0004_0025.uasset" 8240
"/Engine/EngineMaterials/Substrate/Glints2/dict_0004_0024" 8241
"../../../Engine/Content/EngineMaterials/Substrate/Glints2/dict_0004_0026.uasset" 8242
"/Engine/EngineMaterials/Substrate/Glints2/dict_0004_0023" 8243
"../../../Engine/Content/EngineMaterials/Substrate/Glints2/dict_0004_0027.uasset" 8244
"/Engine/EngineMaterials/Substrate/Glints2/dict_0004_0022" 8245
"/Engine/EngineMaterials/Substrate/Glints2/dict_0004_0021" 8246
"/Engine/EngineMaterials/Substrate/Glints2/dict_0003_0156" 8247
"/Engine/EngineMaterials/Substrate/Glints2/dict_0004_0020" 8248
"/Engine/EngineMaterials/Substrate/Glints2/dict_0004_0019" 8249
"/Engine/EngineMaterials/Substrate/Glints2/dict_0004_0018" 8250
"/Engine/EngineMaterials/Substrate/Glints2/dict_0004_0017" 8251
"../../../Engine/Content/EngineMaterials/Substrate/Glints2/dict_0004_0028.uasset" 8252
"/Engine/EngineMaterials/Substrate/Glints2/dict_0004_0027" 8253
"/Engine/EngineMaterials/Substrate/Glints2/dict_0004_0026" 8254
"/Engine/EngineMaterials/Substrate/Glints2/dict_0004_0025" 8255
"/Engine/EngineMaterials/Substrate/Glints2/dict_0004_0028" 8256
"../../../Engine/Content/EngineMaterials/Substrate/Glints2/dict_0004_0029.uasset" 8257
"../../../Engine/Content/EngineMaterials/Substrate/Glints2/dict_0004_0031.uasset" 8258
"../../../Engine/Content/EngineMaterials/Substrate/Glints2/dict_0004_0030.uasset" 8259
"../../../Engine/Content/EngineMaterials/Substrate/Glints2/dict_0004_0032.uasset" 8260
"../../../Engine/Content/EngineMaterials/Substrate/Glints2/dict_0004_0033.uasset" 8261
"../../../Engine/Content/EngineMaterials/Substrate/Glints2/dict_0003_0170.uasset" 8262
"../../../Engine/Content/EngineMaterials/Substrate/Glints2/dict_0004_0034.uasset" 8263
"../../../Engine/Content/EngineMaterials/Substrate/Glints2/dict_0004_0035.uasset" 8264
"../../../Engine/Content/EngineMaterials/Substrate/Glints2/dict_0004_0037.uasset" 8265
"../../../Engine/Content/EngineMaterials/Substrate/Glints2/dict_0004_0036.uasset" 8266
"../../../Engine/Content/EngineMaterials/Substrate/Glints2/dict_0004_0039.uasset" 8267
"/Engine/EngineMaterials/Substrate/Glints2/dict_0004_0029" 8268
"/Engine/EngineMaterials/Substrate/Glints2/dict_0004_0039" 8269
"../../../Engine/Content/EngineMaterials/Substrate/Glints2/dict_0004_0041.uasset" 8270
"/Engine/EngineMaterials/Substrate/Glints2/dict_0004_0036" 8271
"../../../Engine/Content/EngineMaterials/Substrate/Glints2/dict_0004_0038.uasset" 8272
"/Engine/EngineMaterials/Substrate/Glints2/dict_0003_0170" 8273
"/Engine/EngineMaterials/Substrate/Glints2/dict_0004_0035" 8274
"../../../Engine/Content/EngineMaterials/Substrate/Glints2/dict_0004_0042.uasset" 8275
"/Engine/EngineMaterials/Substrate/Glints2/dict_0004_0034" 8276
"/Engine/EngineMaterials/Substrate/Glints2/dict_0004_0033" 8277
"../../../Engine/Content/EngineMaterials/Substrate/Glints2/dict_0004_0043.uasset" 8278
"../../../Engine/Content/EngineMaterials/Substrate/Glints2/dict_0004_0044.uasset" 8279
"../../../Engine/Content/EngineMaterials/Substrate/Glints2/dict_0004_0045.uasset" 8280
"/Engine/EngineMaterials/Substrate/Glints2/dict_0004_0032" 8281
"/Engine/EngineMaterials/Substrate/Glints2/dict_0004_0031" 8282
"/Engine/EngineMaterials/Substrate/Glints2/dict_0004_0037" 8283
"../../../Engine/Content/EngineMaterials/Substrate/Glints2/dict_0004_0046.uasset" 8284
"/Engine/EngineMaterials/Substrate/Glints2/dict_0004_0030" 8285
"/Engine/EngineMaterials/Substrate/Glints2/dict_0004_0046" 8286
"/Engine/EngineMaterials/Substrate/Glints2/dict_0004_0038" 8287
"/Engine/EngineMaterials/Substrate/Glints2/dict_0004_0045" 8288
"/Engine/EngineMaterials/Substrate/Glints2/dict_0004_0044" 8289
"../../../Engine/Content/EngineMaterials/Substrate/Glints2/dict_0004_0047.uasset" 8290
"/Engine/EngineMaterials/Substrate/Glints2/dict_0004_0043" 8291
"/Engine/EngineMaterials/Substrate/Glints2/dict_0004_0042" 8292
"../../../Engine/Content/EngineMaterials/Substrate/Glints2/dict_0004_0048.uasset" 8293
"/Engine/EngineMaterials/Substrate/Glints2/dict_0004_0041" 8294
"/Engine/EngineMaterials/Substrate/Glints2/dict_0004_0048" 8295
"/Engine/EngineMaterials/Substrate/Glints2/dict_0004_0047" 8296
"../../../Engine/Content/EngineMaterials/Substrate/Glints2/dict_0004_0049.uasset" 8297
"../../../Engine/Content/EngineMaterials/Substrate/Glints2/dict_0004_0050.uasset" 8298
"../../../Engine/Content/EngineMaterials/Substrate/Glints2/dict_0004_0051.uasset" 8299
"../../../Engine/Content/EngineMaterials/Substrate/Glints2/dict_0004_0052.uasset" 8300
"../../../Engine/Content/EngineMaterials/Substrate/Glints2/dict_0004_0040.uasset" 8301
"../../../Engine/Content/EngineMaterials/Substrate/Glints2/dict_0004_0053.uasset" 8302
"../../../Engine/Content/EngineMaterials/Substrate/Glints2/dict_0004_0054.uasset" 8303
"../../../Engine/Content/EngineMaterials/Substrate/Glints2/dict_0004_0056.uasset" 8304
"../../../Engine/Content/EngineMaterials/Substrate/Glints2/dict_0004_0055.uasset" 8305
"../../../Engine/Content/EngineMaterials/Substrate/Glints2/dict_0004_0057.uasset" 8306
"../../../Engine/Content/EngineMaterials/Substrate/Glints2/dict_0004_0058.uasset" 8307
"/Engine/EngineMaterials/Substrate/Glints2/dict_0004_0040" 8308
"/Engine/EngineMaterials/Substrate/Glints2/dict_0004_0053" 8309
"/Engine/EngineMaterials/Substrate/Glints2/dict_0004_0049" 8310
"/Engine/EngineMaterials/Substrate/Glints2/dict_0004_0058" 8311
"/Engine/EngineMaterials/Substrate/Glints2/dict_0004_0057" 8312
"/Engine/EngineMaterials/Substrate/Glints2/dict_0004_0056" 8313
"/Engine/EngineMaterials/Substrate/Glints2/dict_0004_0052" 8314
"/Engine/EngineMaterials/Substrate/Glints2/dict_0004_0051" 8315
"../../../Engine/Content/EngineMaterials/Substrate/Glints2/dict_0004_0060.uasset" 8316
"../../../Engine/Content/EngineMaterials/Substrate/Glints2/dict_0004_0061.uasset" 8317
"/Engine/EngineMaterials/Substrate/Glints2/dict_0004_0055" 8318
"/Engine/EngineMaterials/Substrate/Glints2/dict_0004_0050" 8319
"/Engine/EngineMaterials/Substrate/Glints2/dict_0004_0054" 8320
"../../../Engine/Content/EngineMaterials/Substrate/Glints2/dict_0004_0062.uasset" 8321
"../../../Engine/Content/EngineMaterials/Substrate/Glints2/dict_0004_0064.uasset" 8322
"/Engine/EngineMaterials/Substrate/Glints2/dict_0004_0062" 8323
"../../../Engine/Content/EngineMaterials/Substrate/Glints2/dict_0004_0063.uasset" 8324
"/Engine/EngineMaterials/Substrate/Glints2/dict_0004_0061" 8325
"/Engine/EngineMaterials/Substrate/Glints2/dict_0004_0060" 8326
"/Engine/EngineMaterials/Substrate/Glints2/dict_0004_0064" 8327
"../../../Engine/Content/EngineMaterials/Substrate/Glints2/dict_0004_0065.uasset" 8328
"/Engine/EngineMaterials/Substrate/Glints2/dict_0004_0063" 8329
"/Engine/EngineMaterials/Substrate/Glints2/dict_0004_0065" 8330
"../../../Engine/Content/EngineMaterials/Substrate/Glints2/dict_0004_0059.uasset" 8331
"../../../Engine/Content/EngineMaterials/Substrate/Glints2/dict_0004_0067.uasset" 8332
"../../../Engine/Content/EngineMaterials/Substrate/Glints2/dict_0004_0066.uasset" 8333
"../../../Engine/Content/EngineMaterials/Substrate/Glints2/dict_0004_0068.uasset" 8334
"../../../Engine/Content/EngineMaterials/Substrate/Glints2/dict_0004_0070.uasset" 8335
"../../../Engine/Content/EngineMaterials/Substrate/Glints2/dict_0004_0069.uasset" 8336
"../../../Engine/Content/EngineMaterials/Substrate/Glints2/dict_0004_0071.uasset" 8337
"/Engine/EngineMaterials/Substrate/Glints2/dict_0004_0071" 8338
"/Engine/EngineMaterials/Substrate/Glints2/dict_0004_0070" 8339
"/Engine/EngineMaterials/Substrate/Glints2/dict_0004_0069" 8340
"/Engine/EngineMaterials/Substrate/Glints2/dict_0004_0068" 8341
"../../../Engine/Content/EngineMaterials/Substrate/Glints2/dict_0004_0076.uasset" 8342
"/Engine/EngineMaterials/Substrate/Glints2/dict_0004_0059" 8343
"../../../Engine/Content/EngineMaterials/Substrate/Glints2/dict_0004_0073.uasset" 8344
"/Engine/EngineMaterials/Substrate/Glints2/dict_0004_0067" 8345
"../../../Engine/Content/EngineMaterials/Substrate/Glints2/dict_0004_0074.uasset" 8346
"../../../Engine/Content/EngineMaterials/Substrate/Glints2/dict_0004_0078.uasset" 8347
"../../../Engine/Content/EngineMaterials/Substrate/Glints2/dict_0004_0075.uasset" 8348
"/Engine/EngineMaterials/Substrate/Glints2/dict_0004_0066" 8349
"../../../Engine/Content/EngineMaterials/Substrate/Glints2/dict_0004_0077.uasset" 8350
"/Engine/EngineMaterials/Substrate/Glints2/dict_0004_0073" 8351
"/Engine/EngineMaterials/Substrate/Glints2/dict_0004_0078" 8352
"/Engine/EngineMaterials/Substrate/Glints2/dict_0004_0077" 8353
"/Engine/EngineMaterials/Substrate/Glints2/dict_0004_0076" 8354
"/Engine/EngineMaterials/Substrate/Glints2/dict_0004_0075" 8355
"/Engine/EngineMaterials/Substrate/Glints2/dict_0004_0074" 8356
"../../../Engine/Content/EngineMaterials/Substrate/Glints2/dict_0004_0079.uasset" 8357
"../../../Engine/Content/EngineMaterials/Substrate/Glints2/dict_0003_0148.uasset" 8358
"../../../Engine/Content/EngineMaterials/Substrate/Glints2/dict_0004_0082.uasset" 8359
"../../../Engine/Content/EngineMaterials/Substrate/Glints2/dict_0004_0080.uasset" 8360
"../../../Engine/Content/EngineMaterials/Substrate/Glints2/dict_0004_0083.uasset" 8361
"../../../Engine/Content/EngineMaterials/Substrate/Glints2/dict_0004_0084.uasset" 8362
"../../../Engine/Content/EngineMaterials/Substrate/Glints2/dict_0004_0081.uasset" 8363
"../../../Engine/Content/EngineMaterials/Substrate/Glints2/dict_0004_0085.uasset" 8364
"../../../Engine/Content/EngineMaterials/Substrate/Glints2/dict_0004_0087.uasset" 8365
"../../../Engine/Content/EngineMaterials/Substrate/Glints2/dict_0004_0088.uasset" 8366
"/Engine/EngineMaterials/Substrate/Glints2/dict_0004_0084" 8367
"../../../Engine/Content/EngineMaterials/Substrate/Glints2/dict_0004_0089.uasset" 8368
"../../../Engine/Content/EngineMaterials/Substrate/Glints2/dict_0004_0090.uasset" 8369
"/Engine/EngineMaterials/Substrate/Glints2/dict_0004_0083" 8370
"/Engine/EngineMaterials/Substrate/Glints2/dict_0004_0082" 8371
"/Engine/EngineMaterials/Substrate/Glints2/dict_0004_0088" 8372
"/Engine/EngineMaterials/Substrate/Glints2/dict_0004_0087" 8373
"/Engine/EngineMaterials/Substrate/Glints2/dict_0004_0085" 8374
"/Engine/EngineMaterials/Substrate/Glints2/dict_0004_0081" 8375
"/Engine/EngineMaterials/Substrate/Glints2/dict_0004_0080" 8376
"/Engine/EngineMaterials/Substrate/Glints2/dict_0004_0079" 8377
"../../../Engine/Content/EngineMaterials/Substrate/Glints2/dict_0004_0091.uasset" 8378
"/Engine/EngineMaterials/Substrate/Glints2/dict_0003_0148" 8379
"/Engine/EngineMaterials/Substrate/Glints2/dict_0004_0089" 8380
"/Engine/EngineMaterials/Substrate/Glints2/dict_0004_0091" 8381
"/Engine/EngineMaterials/Substrate/Glints2/dict_0004_0090" 8382
"../../../Engine/Content/EngineMaterials/Substrate/Glints2/dict_0004_0093.uasset" 8383
"../../../Engine/Content/EngineMaterials/Substrate/Glints2/dict_0004_0092.uasset" 8384
"../../../Engine/Content/EngineMaterials/Substrate/Glints2/dict_0004_0094.uasset" 8385
"../../../Engine/Content/EngineMaterials/Substrate/Glints2/dict_0004_0095.uasset" 8386
"../../../Engine/Content/EngineMaterials/Substrate/Glints2/dict_0004_0096.uasset" 8387
"../../../Engine/Content/EngineMaterials/Substrate/Glints2/dict_0004_0097.uasset" 8388
"../../../Engine/Content/EngineMaterials/Substrate/Glints2/dict_0004_0098.uasset" 8389
"../../../Engine/Content/EngineMaterials/Substrate/Glints2/dict_0004_0099.uasset" 8390
"../../../Engine/Content/EngineMaterials/Substrate/Glints2/dict_0004_0102.uasset" 8391
"../../../Engine/Content/EngineMaterials/Substrate/Glints2/dict_0004_0101.uasset" 8392
"../../../Engine/Content/EngineMaterials/Substrate/Glints2/dict_0004_0100.uasset" 8393
"/Engine/EngineMaterials/Substrate/Glints2/dict_0004_0097" 8394
"/Engine/EngineMaterials/Substrate/Glints2/dict_0004_0096" 8395
"/Engine/EngineMaterials/Substrate/Glints2/dict_0004_0095" 8396
"/Engine/EngineMaterials/Substrate/Glints2/dict_0004_0094" 8397
"/Engine/EngineMaterials/Substrate/Glints2/dict_0004_0093" 8398
"/Engine/EngineMaterials/Substrate/Glints2/dict_0004_0092" 8399
"/Engine/EngineMaterials/Substrate/Glints2/dict_0004_0102" 8400
"/Engine/EngineMaterials/Substrate/Glints2/dict_0004_0101" 8401
"/Engine/EngineMaterials/Substrate/Glints2/dict_0004_0100" 8402
"/Engine/EngineMaterials/Substrate/Glints2/dict_0004_0099" 8403
"../../../Engine/Content/EngineMaterials/Substrate/Glints2/dict_0004_0104.uasset" 8404
"../../../Engine/Content/EngineMaterials/Substrate/Glints2/dict_0004_0105.uasset" 8405
"/Engine/EngineMaterials/Substrate/Glints2/dict_0004_0098" 8406
"../../../Engine/Content/EngineMaterials/Substrate/Glints2/dict_0004_0103.uasset" 8407
"../../../Engine/Content/EngineMaterials/Substrate/Glints2/dict_0004_0106.uasset" 8408
"../../../Engine/Content/EngineMaterials/Substrate/Glints2/dict_0004_0107.uasset" 8409
"/Engine/EngineMaterials/Substrate/Glints2/dict_0004_0103" 8410
"/Engine/EngineMaterials/Substrate/Glints2/dict_0004_0106" 8411
"/Engine/EngineMaterials/Substrate/Glints2/dict_0004_0105" 8412
"../../../Engine/Content/EngineMaterials/Substrate/Glints2/dict_0004_0108.uasset" 8413
"/Engine/EngineMaterials/Substrate/Glints2/dict_0004_0104" 8414
"/Engine/EngineMaterials/Substrate/Glints2/dict_0004_0108" 8415
"/Engine/EngineMaterials/Substrate/Glints2/dict_0004_0107" 8416
"../../../Engine/Content/EngineMaterials/Substrate/Glints2/dict_0004_0109.uasset" 8417
"../../../Engine/Content/EngineMaterials/Substrate/Glints2/dict_0004_0110.uasset" 8418
"../../../Engine/Content/EngineMaterials/Substrate/Glints2/dict_0004_0113.uasset" 8419
"../../../Engine/Content/EngineMaterials/Substrate/Glints2/dict_0004_0112.uasset" 8420
"../../../Engine/Content/EngineMaterials/Substrate/Glints2/dict_0004_0114.uasset" 8421
"../../../Engine/Content/EngineMaterials/Substrate/Glints2/dict_0004_0111.uasset" 8422
"../../../Engine/Content/EngineMaterials/Substrate/Glints2/dict_0004_0115.uasset" 8423
"/Engine/EngineMaterials/Substrate/Glints2/dict_0004_0113" 8424
"/Engine/EngineMaterials/Substrate/Glints2/dict_0004_0112" 8425
"../../../Engine/Content/EngineMaterials/Substrate/Glints2/dict_0004_0116.uasset" 8426
"/Engine/EngineMaterials/Substrate/Glints2/dict_0004_0111" 8427
"/Engine/EngineMaterials/Substrate/Glints2/dict_0004_0110" 8428
"/Engine/EngineMaterials/Substrate/Glints2/dict_0004_0109" 8429
"../../../Engine/Content/EngineMaterials/Substrate/Glints2/dict_0004_0118.uasset" 8430
"/Engine/EngineMaterials/Substrate/Glints2/dict_0004_0115" 8431
"/Engine/EngineMaterials/Substrate/Glints2/dict_0004_0114" 8432
"../../../Engine/Content/EngineMaterials/Substrate/Glints2/dict_0004_0117.uasset" 8433
"/Engine/EngineMaterials/Substrate/Glints2/dict_0004_0116" 8434
"/Engine/EngineMaterials/Substrate/Glints2/dict_0004_0118" 8435
"../../../Engine/Content/EngineMaterials/Substrate/Glints2/dict_0004_0119.uasset" 8436
"/Engine/EngineMaterials/Substrate/Glints2/dict_0004_0117" 8437
"/Engine/EngineMaterials/Substrate/Glints2/dict_0004_0119" 8438
"../../../Engine/Content/EngineMaterials/Substrate/Glints2/dict_0004_0120.uasset" 8439
"../../../Engine/Content/EngineMaterials/Substrate/Glints2/dict_0004_0121.uasset" 8440
"../../../Engine/Content/EngineMaterials/Substrate/Glints2/dict_0004_0122.uasset" 8441
"../../../Engine/Content/EngineMaterials/Substrate/Glints2/dict_0004_0123.uasset" 8442
"../../../Engine/Content/EngineMaterials/Substrate/Glints2/dict_0004_0124.uasset" 8443
"../../../Engine/Content/EngineMaterials/Substrate/Glints2/dict_0004_0125.uasset" 8444
"../../../Engine/Content/EngineMaterials/Substrate/Glints2/dict_0004_0127.uasset" 8445
"../../../Engine/Content/EngineMaterials/Substrate/Glints2/dict_0003_0199.uasset" 8446
"../../../Engine/Content/EngineMaterials/Substrate/Glints2/dict_0003_0149.uasset" 8447
"../../../Engine/Content/EngineMaterials/Substrate/Glints2/dict_0004_0126.uasset" 8448
"../../../Engine/Content/EngineMaterials/Substrate/Glints2/dict_0004_0016.uasset" 8449
"../../../Engine/Content/EngineMaterials/Substrate/Glints2/dict_0004_0072.uasset" 8450
"/Engine/EngineMaterials/Substrate/Glints2/dict_0004_0072" 8451
"/Engine/EngineMaterials/Substrate/Glints2/dict_0004_0127" 8452
"../../../Engine/Content/EngineMaterials/Substrate/Glints2/dict_0004_0129.uasset" 8453
"/Engine/EngineMaterials/Substrate/Glints2/dict_0004_0126" 8454
"/Engine/EngineMaterials/Substrate/Glints2/dict_0004_0125" 8455
"../../../Engine/Content/EngineMaterials/Substrate/Glints2/dict_0004_0130.uasset" 8456
"/Engine/EngineMaterials/Substrate/Glints2/dict_0004_0124" 8457
"/Engine/EngineMaterials/Substrate/Glints2/dict_0004_0123" 8458
"../../../Engine/Content/EngineMaterials/Substrate/Glints2/dict_0004_0128.uasset" 8459
"/Engine/EngineMaterials/Substrate/Glints2/dict_0004_0122" 8460
"/Engine/EngineMaterials/Substrate/Glints2/dict_0003_0199" 8461
"/Engine/EngineMaterials/Substrate/Glints2/dict_0004_0121" 8462
"../../../Engine/Content/EngineMaterials/Substrate/Glints2/dict_0004_0131.uasset" 8463
"/Engine/EngineMaterials/Substrate/Glints2/dict_0004_0120" 8464
"/Engine/EngineMaterials/Substrate/Glints2/dict_0004_0016" 8465
"/Engine/EngineMaterials/Substrate/Glints2/dict_0003_0149" 8466
"/Engine/EngineMaterials/Substrate/Glints2/dict_0004_0131" 8467
"/Engine/EngineMaterials/Substrate/Glints2/dict_0004_0130" 8468
"/Engine/EngineMaterials/Substrate/Glints2/dict_0004_0129" 8469
"/Engine/EngineMaterials/Substrate/Glints2/dict_0004_0128" 8470
"../../../Engine/Content/EngineMaterials/Substrate/Glints2/dict_0004_0132.uasset" 8471
"../../../Engine/Content/EngineMaterials/Substrate/Glints2/dict_0004_0135.uasset" 8472
"/Engine/EngineMaterials/Substrate/Glints2/dict_0004_0132" 8473
"/Engine/EngineMaterials/Substrate/Glints2/dict_0004_0135" 8474
"../../../Engine/Content/EngineMaterials/Substrate/Glints2/dict_0004_0138.uasset" 8475
"../../../Engine/Content/EngineMaterials/Substrate/Glints2/dict_0004_0139.uasset" 8476
"../../../Engine/Content/EngineMaterials/Substrate/Glints2/dict_0004_0140.uasset" 8477
"../../../Engine/Content/EngineMaterials/Substrate/Glints2/dict_0004_0141.uasset" 8478
"../../../Engine/Content/EngineMaterials/Substrate/Glints2/dict_0004_0142.uasset" 8479
"../../../Engine/Content/EngineMaterials/Substrate/Glints2/dict_0004_0143.uasset" 8480
"../../../Engine/Content/EngineMaterials/Substrate/Glints2/dict_0004_0144.uasset" 8481
"../../../Engine/Content/EngineMaterials/Substrate/Glints2/dict_0004_0145.uasset" 8482
"../../../Engine/Content/EngineMaterials/Substrate/Glints2/dict_0004_0146.uasset" 8483
"../../../Engine/Content/EngineMaterials/Substrate/Glints2/dict_0004_0147.uasset" 8484
"/Engine/EngineMaterials/Substrate/Glints2/dict_0004_0143" 8485
"/Engine/EngineMaterials/Substrate/Glints2/dict_0004_0140" 8486
"/Engine/EngineMaterials/Substrate/Glints2/dict_0004_0139" 8487
"/Engine/EngineMaterials/Substrate/Glints2/dict_0004_0138" 8488
"/Engine/EngineMaterials/Substrate/Glints2/dict_0004_0147" 8489
"../../../Engine/Content/EngineMaterials/Substrate/Glints2/dict_0004_0148.uasset" 8490
"/Engine/EngineMaterials/Substrate/Glints2/dict_0004_0146" 8491
"/Engine/EngineMaterials/Substrate/Glints2/dict_0004_0144" 8492
"/Engine/EngineMaterials/Substrate/Glints2/dict_0004_0142" 8493
"/Engine/EngineMaterials/Substrate/Glints2/dict_0004_0145" 8494
"/Engine/EngineMaterials/Substrate/Glints2/dict_0004_0141" 8495
"../../../Engine/Content/EngineMaterials/Substrate/Glints2/dict_0004_0150.uasset" 8496
"/Engine/EngineMaterials/Substrate/Glints2/dict_0004_0150" 8497
"../../../Engine/Content/EngineMaterials/Substrate/Glints2/dict_0004_0149.uasset" 8498
"../../../Engine/Content/EngineMaterials/Substrate/Glints2/dict_0004_0151.uasset" 8499
"/Engine/EngineMaterials/Substrate/Glints2/dict_0004_0148" 8500
"../../../Engine/Content/EngineMaterials/Substrate/Glints2/dict_0004_0152.uasset" 8501
"/Engine/EngineMaterials/Substrate/Glints2/dict_0004_0152" 8502
"/Engine/EngineMaterials/Substrate/Glints2/dict_0004_0151" 8503
"/Engine/EngineMaterials/Substrate/Glints2/dict_0004_0149" 8504
"../../../Engine/Content/EngineMaterials/Substrate/Glints2/dict_0004_0153.uasset" 8505
"../../../Engine/Content/EngineMaterials/Substrate/Glints2/dict_0004_0154.uasset" 8506
"../../../Engine/Content/EngineMaterials/Substrate/Glints2/dict_0003_0146.uasset" 8507
"../../../Engine/Content/EngineMaterials/Substrate/Glints2/dict_0004_0155.uasset" 8508
"../../../Engine/Content/EngineMaterials/Substrate/Glints2/dict_0004_0157.uasset" 8509
"../../../Engine/Content/EngineMaterials/Substrate/Glints2/dict_0004_0158.uasset" 8510
"../../../Engine/Content/EngineMaterials/Substrate/Glints2/dict_0004_0156.uasset" 8511
"../../../Engine/Content/EngineMaterials/Substrate/Glints2/dict_0004_0160.uasset" 8512
"../../../Engine/Content/EngineMaterials/Substrate/Glints2/dict_0004_0159.uasset" 8513
"/Engine/EngineMaterials/Substrate/Glints2/dict_0004_0160" 8514
"../../../Engine/Content/EngineMaterials/Substrate/Glints2/dict_0004_0162.uasset" 8515
"/Engine/EngineMaterials/Substrate/Glints2/dict_0004_0156" 8516
"/Engine/EngineMaterials/Substrate/Glints2/dict_0004_0155" 8517
"../../../Engine/Content/EngineMaterials/Substrate/Glints2/dict_0004_0164.uasset" 8518
"/Engine/EngineMaterials/Substrate/Glints2/dict_0004_0154" 8519
"../../../Engine/Content/EngineMaterials/Substrate/Glints2/dict_0004_0163.uasset" 8520
"/Engine/EngineMaterials/Substrate/Glints2/dict_0004_0153" 8521
"/Engine/EngineMaterials/Substrate/Glints2/dict_0004_0159" 8522
"/Engine/EngineMaterials/Substrate/Glints2/dict_0004_0158" 8523
"/Engine/EngineMaterials/Substrate/Glints2/dict_0004_0157" 8524
"../../../Engine/Content/EngineMaterials/Substrate/Glints2/dict_0004_0167.uasset" 8525
"/Engine/EngineMaterials/Substrate/Glints2/dict_0003_0146" 8526
"/Engine/EngineMaterials/Substrate/Glints2/dict_0004_0162" 8527
"../../../Engine/Content/EngineMaterials/Substrate/Glints2/dict_0004_0166.uasset" 8528
"/Engine/EngineMaterials/Substrate/Glints2/dict_0004_0167" 8529
"../../../Engine/Content/EngineMaterials/Substrate/Glints2/dict_0004_0165.uasset" 8530
"/Engine/EngineMaterials/Substrate/Glints2/dict_0004_0164" 8531
"/Engine/EngineMaterials/Substrate/Glints2/dict_0004_0163" 8532
"/Engine/EngineMaterials/Substrate/Glints2/dict_0004_0166" 8533
"/Engine/EngineMaterials/Substrate/Glints2/dict_0004_0165" 8534
"../../../Engine/Content/EngineMaterials/Substrate/Glints2/dict_0004_0168.uasset" 8535
"../../../Engine/Content/EngineMaterials/Substrate/Glints2/dict_0004_0170.uasset" 8536
"../../../Engine/Content/EngineMaterials/Substrate/Glints2/dict_0004_0169.uasset" 8537
"../../../Engine/Content/EngineMaterials/Substrate/Glints2/dict_0004_0171.uasset" 8538
"../../../Engine/Content/EngineMaterials/Substrate/Glints2/dict_0004_0172.uasset" 8539
"../../../Engine/Content/EngineMaterials/Substrate/Glints2/dict_0004_0173.uasset" 8540
"../../../Engine/Content/EngineMaterials/Substrate/Glints2/dict_0004_0174.uasset" 8541
"../../../Engine/Content/EngineMaterials/Substrate/Glints2/dict_0004_0175.uasset" 8542
"../../../Engine/Content/EngineMaterials/Substrate/Glints2/dict_0004_0176.uasset" 8543
"../../../Engine/Content/EngineMaterials/Substrate/Glints2/dict_0004_0177.uasset" 8544
"/Engine/EngineMaterials/Substrate/Glints2/dict_0004_0172" 8545
"../../../Engine/Content/EngineMaterials/Substrate/Glints2/dict_0004_0178.uasset" 8546
"/Engine/EngineMaterials/Substrate/Glints2/dict_0004_0171" 8547
"/Engine/EngineMaterials/Substrate/Glints2/dict_0004_0170" 8548
"/Engine/EngineMaterials/Substrate/Glints2/dict_0004_0169" 8549
"/Engine/EngineMaterials/Substrate/Glints2/dict_0004_0177" 8550
"/Engine/EngineMaterials/Substrate/Glints2/dict_0004_0176" 8551
"/Engine/EngineMaterials/Substrate/Glints2/dict_0004_0174" 8552
"/Engine/EngineMaterials/Substrate/Glints2/dict_0004_0175" 8553
"../../../Engine/Content/EngineMaterials/Substrate/Glints2/dict_0004_0180.uasset" 8554
"/Engine/EngineMaterials/Substrate/Glints2/dict_0004_0173" 8555
"/Engine/EngineMaterials/Substrate/Glints2/dict_0004_0168" 8556
"/Engine/EngineMaterials/Substrate/Glints2/dict_0004_0180" 8557
"/Engine/EngineMaterials/Substrate/Glints2/dict_0004_0178" 8558
"../../../Engine/Content/EngineMaterials/Substrate/Glints2/dict_0004_0181.uasset" 8559
"../../../Engine/Content/EngineMaterials/Substrate/Glints2/dict_0004_0179.uasset" 8560
"../../../Engine/Content/EngineMaterials/Substrate/Glints2/dict_0004_0183.uasset" 8561
"../../../Engine/Content/EngineMaterials/Substrate/Glints2/dict_0004_0182.uasset" 8562
"../../../Engine/Content/EngineMaterials/Substrate/Glints2/dict_0004_0184.uasset" 8563
"../../../Engine/Content/EngineMaterials/Substrate/Glints2/dict_0004_0185.uasset" 8564
"../../../Engine/Content/EngineMaterials/Substrate/Glints2/dict_0004_0188.uasset" 8565
"../../../Engine/Content/EngineMaterials/Substrate/Glints2/dict_0004_0186.uasset" 8566
"../../../Engine/Content/EngineMaterials/Substrate/Glints2/dict_0004_0189.uasset" 8567
"../../../Engine/Content/EngineMaterials/Substrate/Glints2/dict_0004_0190.uasset" 8568
"../../../Engine/Content/EngineMaterials/Substrate/Glints2/dict_0004_0187.uasset" 8569
"/Engine/EngineMaterials/Substrate/Glints2/dict_0004_0186" 8570
"/Engine/EngineMaterials/Substrate/Glints2/dict_0004_0185" 8571
"/Engine/EngineMaterials/Substrate/Glints2/dict_0004_0184" 8572
"/Engine/EngineMaterials/Substrate/Glints2/dict_0004_0183" 8573
"/Engine/EngineMaterials/Substrate/Glints2/dict_0004_0182" 8574
"/Engine/EngineMaterials/Substrate/Glints2/dict_0004_0190" 8575
"/Engine/EngineMaterials/Substrate/Glints2/dict_0004_0181" 8576
"../../../Engine/Content/EngineMaterials/Substrate/Glints2/dict_0004_0191.uasset" 8577
"/Engine/EngineMaterials/Substrate/Glints2/dict_0004_0189" 8578
"/Engine/EngineMaterials/Substrate/Glints2/dict_0004_0188" 8579
"/Engine/EngineMaterials/Substrate/Glints2/dict_0004_0179" 8580
"../../../Engine/Content/EngineMaterials/Substrate/Glints2/dict_0004_0193.uasset" 8581
"/Engine/EngineMaterials/Substrate/Glints2/dict_0004_0187" 8582
"/Engine/EngineMaterials/Substrate/Glints2/dict_0004_0193" 8583
"../../../Engine/Content/EngineMaterials/Substrate/Glints2/dict_0004_0192.uasset" 8584
"/Engine/EngineMaterials/Substrate/Glints2/dict_0004_0191" 8585
"/Engine/EngineMaterials/Substrate/Glints2/dict_0004_0192" 8586
"../../../Engine/Content/EngineMaterials/Substrate/Glints2/dict_0004_0194.uasset" 8587
"../../../Engine/Content/EngineMaterials/Substrate/Glints2/dict_0004_0195.uasset" 8588
"../../../Engine/Content/EngineMaterials/Substrate/Glints2/dict_0004_0196.uasset" 8589
"../../../Engine/Content/EngineMaterials/Substrate/Glints2/dict_0004_0197.uasset" 8590
"../../../Engine/Content/EngineMaterials/Substrate/Glints2/dict_0004_0198.uasset" 8591
"../../../Engine/Content/EngineMaterials/Substrate/Glints2/dict_0004_0199.uasset" 8592
"../../../Engine/Content/EngineMaterials/Substrate/Glints2/dict_0004_0200.uasset" 8593
"../../../Engine/Content/EngineMaterials/Substrate/Glints2/dict_0004_0201.uasset" 8594
"../../../Engine/Content/EngineMaterials/Substrate/Glints2/dict_0004_0202.uasset" 8595
"/Engine/EngineMaterials/Substrate/Glints2/dict_0004_0201" 8596
"/Engine/EngineMaterials/Substrate/Glints2/dict_0004_0200" 8597
"/Engine/EngineMaterials/Substrate/Glints2/dict_0004_0199" 8598
"/Engine/EngineMaterials/Substrate/Glints2/dict_0004_0198" 8599
"../../../Engine/Content/EngineMaterials/Substrate/Glints2/dict_0004_0204.uasset" 8600
"/Engine/EngineMaterials/Substrate/Glints2/dict_0004_0197" 8601
"../../../Engine/Content/EngineMaterials/Substrate/Glints2/dict_0004_0203.uasset" 8602
"/Engine/EngineMaterials/Substrate/Glints2/dict_0004_0196" 8603
"/Engine/EngineMaterials/Substrate/Glints2/dict_0004_0195" 8604
"/Engine/EngineMaterials/Substrate/Glints2/dict_0004_0194" 8605
"../../../Engine/Content/EngineMaterials/Substrate/Glints2/dict_0004_0205.uasset" 8606
"/Engine/EngineMaterials/Substrate/Glints2/dict_0004_0202" 8607
"/Engine/EngineMaterials/Substrate/Glints2/dict_0004_0204" 8608
"/Engine/EngineMaterials/Substrate/Glints2/dict_0004_0203" 8609
"/Engine/EngineMaterials/Substrate/Glints2/dict_0004_0205" 8610
"../../../Engine/Content/EngineMaterials/Substrate/Glints2/dict_0004_0206.uasset" 8611
"../../../Engine/Content/EngineMaterials/Substrate/Glints2/dict_0004_0207.uasset" 8612
"../../../Engine/Content/EngineMaterials/Substrate/Glints2/dict_0004_0209.uasset" 8613
"../../../Engine/Content/EngineMaterials/Substrate/Glints2/dict_0004_0208.uasset" 8614
"../../../Engine/Content/EngineMaterials/Substrate/Glints2/dict_0004_0210.uasset" 8615
"../../../Engine/Content/EngineMaterials/Substrate/Glints2/dict_0004_0211.uasset" 8616
"../../../Engine/Content/EngineMaterials/Substrate/Glints2/dict_0004_0212.uasset" 8617
"../../../Engine/Content/EngineMaterials/Substrate/Glints2/dict_0004_0133.uasset" 8618
"../../../Engine/Content/EngineMaterials/Substrate/Glints2/dict_0004_0213.uasset" 8619
"../../../Engine/Content/EngineMaterials/Substrate/Glints2/dict_0004_0136.uasset" 8620
"../../../Engine/Content/EngineMaterials/Substrate/Glints2/dict_0004_0214.uasset" 8621
"../../../Engine/Content/EngineMaterials/Substrate/Glints2/dict_0004_0215.uasset" 8622
"/Engine/EngineMaterials/Substrate/Glints2/dict_0004_0214" 8623
"../../../Engine/Content/EngineMaterials/Substrate/Glints2/dict_0004_0216.uasset" 8624
"/Engine/EngineMaterials/Substrate/Glints2/dict_0004_0213" 8625
"/Engine/EngineMaterials/Substrate/Glints2/dict_0004_0136" 8626
"/Engine/EngineMaterials/Substrate/Glints2/dict_0004_0212" 8627
"/Engine/EngineMaterials/Substrate/Glints2/dict_0004_0211" 8628
"../../../Engine/Content/EngineMaterials/Substrate/Glints2/dict_0004_0217.uasset" 8629
"../../../Engine/Content/EngineMaterials/Substrate/Glints2/dict_0004_0218.uasset" 8630
"/Engine/EngineMaterials/Substrate/Glints2/dict_0004_0133" 8631
"/Engine/EngineMaterials/Substrate/Glints2/dict_0004_0210" 8632
"../../../Engine/Content/EngineMaterials/Substrate/Glints2/dict_0004_0220.uasset" 8633
"/Engine/EngineMaterials/Substrate/Glints2/dict_0004_0209" 8634
"/Engine/EngineMaterials/Substrate/Glints2/dict_0004_0208" 8635
"/Engine/EngineMaterials/Substrate/Glints2/dict_0004_0207" 8636
"/Engine/EngineMaterials/Substrate/Glints2/dict_0004_0206" 8637
"/Engine/EngineMaterials/Substrate/Glints2/dict_0004_0215" 8638
"/Engine/EngineMaterials/Substrate/Glints2/dict_0004_0220" 8639
"../../../Engine/Content/EngineMaterials/Substrate/Glints2/dict_0004_0222.uasset" 8640
"/Engine/EngineMaterials/Substrate/Glints2/dict_0004_0217" 8641
"/Engine/EngineMaterials/Substrate/Glints2/dict_0004_0218" 8642
"/Engine/EngineMaterials/Substrate/Glints2/dict_0004_0216" 8643
"/Engine/EngineMaterials/Substrate/Glints2/dict_0004_0222" 8644
"../../../Engine/Content/EngineMaterials/Substrate/Glints2/dict_0004_0223.uasset" 8645
"../../../Engine/Content/EngineMaterials/Substrate/Glints2/dict_0004_0224.uasset" 8646
"../../../Engine/Content/EngineMaterials/Substrate/Glints2/dict_0004_0225.uasset" 8647
"../../../Engine/Content/EngineMaterials/Substrate/Glints2/dict_0004_0227.uasset" 8648
"../../../Engine/Content/EngineMaterials/Substrate/Glints2/dict_0004_0226.uasset" 8649
"../../../Engine/Content/EngineMaterials/Substrate/Glints2/dict_0004_0228.uasset" 8650
"../../../Engine/Content/EngineMaterials/Substrate/Glints2/dict_0004_0230.uasset" 8651
"../../../Engine/Content/EngineMaterials/Substrate/Glints2/dict_0004_0229.uasset" 8652
"../../../Engine/Content/EngineMaterials/Substrate/Glints2/dict_0004_0231.uasset" 8653
"../../../Engine/Content/EngineMaterials/Substrate/Glints2/dict_0004_0232.uasset" 8654
"../../../Engine/Content/EngineMaterials/Substrate/Glints2/dict_0004_0233.uasset" 8655
"/Engine/EngineMaterials/Substrate/Glints2/dict_0004_0230" 8656
"/Engine/EngineMaterials/Substrate/Glints2/dict_0004_0226" 8657
"/Engine/EngineMaterials/Substrate/Glints2/dict_0004_0225" 8658
"/Engine/EngineMaterials/Substrate/Glints2/dict_0004_0224" 8659
"/Engine/EngineMaterials/Substrate/Glints2/dict_0004_0223" 8660
"/Engine/EngineMaterials/Substrate/Glints2/dict_0004_0229" 8661
"../../../Engine/Content/EngineMaterials/Substrate/Glints2/dict_0004_0234.uasset" 8662
"/Engine/EngineMaterials/Substrate/Glints2/dict_0004_0233" 8663
"/Engine/EngineMaterials/Substrate/Glints2/dict_0004_0232" 8664
"/Engine/EngineMaterials/Substrate/Glints2/dict_0004_0231" 8665
"/Engine/EngineMaterials/Substrate/Glints2/dict_0004_0228" 8666
"../../../Engine/Content/EngineMaterials/Substrate/Glints2/dict_0004_0235.uasset" 8667
"/Engine/EngineMaterials/Substrate/Glints2/dict_0004_0227" 8668
"/Engine/EngineMaterials/Substrate/Glints2/dict_0004_0235" 8669
"/Engine/EngineMaterials/Substrate/Glints2/dict_0004_0234" 8670
"../../../Engine/Content/EngineMaterials/Substrate/Glints2/dict_0004_0238.uasset" 8671
"../../../Engine/Content/EngineMaterials/Substrate/Glints2/dict_0004_0237.uasset" 8672
"../../../Engine/Content/EngineMaterials/Substrate/Glints2/dict_0004_0137.uasset" 8673
"../../../Engine/Content/EngineMaterials/Substrate/Glints2/dict_0004_0134.uasset" 8674
"../../../Engine/Content/EngineMaterials/Substrate/Glints2/dict_0004_0239.uasset" 8675
"../../../Engine/Content/EngineMaterials/Substrate/Glints2/dict_0004_0236.uasset" 8676
"../../../Engine/Content/EngineMaterials/Substrate/Glints2/dict_0004_0240.uasset" 8677
"../../../Engine/Content/EngineMaterials/Substrate/Glints2/dict_0004_0241.uasset" 8678
"../../../Engine/Content/EngineMaterials/Substrate/Glints2/dict_0004_0245.uasset" 8679
"../../../Engine/Content/EngineMaterials/Substrate/Glints2/dict_0004_0242.uasset" 8680
"../../../Engine/Content/EngineMaterials/Substrate/Glints2/dict_0004_0243.uasset" 8681
"../../../Engine/Content/EngineMaterials/Substrate/Glints2/dict_0004_0244.uasset" 8682
"../../../Engine/Content/EngineMaterials/Substrate/Glints2/dict_0004_0246.uasset" 8683
"../../../Engine/Content/EngineMaterials/Substrate/Glints2/dict_0004_0247.uasset" 8684
"/Engine/EngineMaterials/Substrate/Glints2/dict_0004_0246" 8685
"../../../Engine/Content/EngineMaterials/Substrate/Glints2/dict_0004_0248.uasset" 8686
"/Engine/EngineMaterials/Substrate/Glints2/dict_0004_0241" 8687
"/Engine/EngineMaterials/Substrate/Glints2/dict_0004_0137" 8688
"/Engine/EngineMaterials/Substrate/Glints2/dict_0004_0240" 8689
"/Engine/EngineMaterials/Substrate/Glints2/dict_0004_0239" 8690
"/Engine/EngineMaterials/Substrate/Glints2/dict_0004_0238" 8691
"/Engine/EngineMaterials/Substrate/Glints2/dict_0004_0237" 8692
"../../../Engine/Content/EngineMaterials/Substrate/Glints2/dict_0004_0249.uasset" 8693
"/Engine/EngineMaterials/Substrate/Glints2/dict_0004_0236" 8694
"/Engine/EngineMaterials/Substrate/Glints2/dict_0004_0247" 8695
"/Engine/EngineMaterials/Substrate/Glints2/dict_0004_0245" 8696
"/Engine/EngineMaterials/Substrate/Glints2/dict_0004_0244" 8697
"/Engine/EngineMaterials/Substrate/Glints2/dict_0004_0134" 8698
"../../../Engine/Content/EngineMaterials/Substrate/Glints2/dict_0004_0250.uasset" 8699
"../../../Engine/Content/EngineMaterials/Substrate/Glints2/dict_0004_0251.uasset" 8700
"/Engine/EngineMaterials/Substrate/Glints2/dict_0004_0243" 8701
"../../../Engine/Content/EngineMaterials/Substrate/Glints2/dict_0004_0254.uasset" 8702
"../../../Engine/Content/EngineMaterials/Substrate/Glints2/dict_0004_0253.uasset" 8703
"../../../Engine/Content/EngineMaterials/Substrate/Glints2/dict_0004_0252.uasset" 8704
"/Engine/EngineMaterials/Substrate/Glints2/dict_0004_0242" 8705
"/Engine/EngineMaterials/Substrate/Glints2/dict_0004_0254" 8706
"/Engine/EngineMaterials/Substrate/Glints2/dict_0004_0253" 8707
"/Engine/EngineMaterials/Substrate/Glints2/dict_0004_0252" 8708
"/Engine/EngineMaterials/Substrate/Glints2/dict_0004_0251" 8709
"/Engine/EngineMaterials/Substrate/Glints2/dict_0004_0250" 8710
"../../../Engine/Content/EngineMaterials/Substrate/Glints2/dict_0004_0255.uasset" 8711
"/Engine/EngineMaterials/Substrate/Glints2/dict_0004_0249" 8712
"/Engine/EngineMaterials/Substrate/Glints2/dict_0004_0248" 8713
"../../../Engine/Content/EngineMaterials/Substrate/Glints2/dict_0005_0000.uasset" 8714
"/Engine/EngineMaterials/Substrate/Glints2/dict_0005_0000" 8715
"/Engine/EngineMaterials/Substrate/Glints2/dict_0004_0255" 8716
"../../../Engine/Content/EngineMaterials/Substrate/Glints2/dict_0005_0001.uasset" 8717
"../../../Engine/Content/EngineMaterials/Substrate/Glints2/dict_0005_0003.uasset" 8718
"../../../Engine/Content/EngineMaterials/Substrate/Glints2/dict_0005_0002.uasset" 8719
"../../../Engine/Content/EngineMaterials/Substrate/Glints2/dict_0005_0006.uasset" 8720
"../../../Engine/Content/EngineMaterials/Substrate/Glints2/dict_0005_0005.uasset" 8721
"../../../Engine/Content/EngineMaterials/Substrate/Glints2/dict_0005_0004.uasset" 8722
"../../../Engine/Content/EngineMaterials/Substrate/Glints2/dict_0005_0008.uasset" 8723
"../../../Engine/Content/EngineMaterials/Substrate/Glints2/dict_0005_0007.uasset" 8724
"../../../Engine/Content/EngineMaterials/Substrate/Glints2/dict_0005_0010.uasset" 8725
"../../../Engine/Content/EngineMaterials/Substrate/Glints2/dict_0005_0009.uasset" 8726
"../../../Engine/Content/EngineMaterials/Substrate/Glints2/dict_0005_0013.uasset" 8727
"../../../Engine/Content/EngineMaterials/Substrate/Glints2/dict_0005_0011.uasset" 8728
"../../../Engine/Content/EngineMaterials/Substrate/Glints2/dict_0005_0012.uasset" 8729
"/Engine/EngineMaterials/Substrate/Glints2/dict_0005_0002" 8730
"/Engine/EngineMaterials/Substrate/Glints2/dict_0005_0001" 8731
"/Engine/EngineMaterials/Substrate/Glints2/dict_0005_0013" 8732
"/Engine/EngineMaterials/Substrate/Glints2/dict_0005_0010" 8733
"/Engine/EngineMaterials/Substrate/Glints2/dict_0005_0004" 8734
"/Engine/EngineMaterials/Substrate/Glints2/dict_0005_0003" 8735
"../../../Engine/Content/EngineMaterials/Substrate/Glints2/dict_0005_0015.uasset" 8736
"../../../Engine/Content/EngineMaterials/Substrate/Glints2/dict_0005_0014.uasset" 8737
"/Engine/EngineMaterials/Substrate/Glints2/dict_0005_0009" 8738
"../../../Engine/Content/EngineMaterials/Substrate/Glints2/dict_0005_0016.uasset" 8739
"/Engine/EngineMaterials/Substrate/Glints2/dict_0005_0008" 8740
"/Engine/EngineMaterials/Substrate/Glints2/dict_0005_0007" 8741
"/Engine/EngineMaterials/Substrate/Glints2/dict_0005_0006" 8742
"/Engine/EngineMaterials/Substrate/Glints2/dict_0005_0005" 8743
"/Engine/EngineMaterials/Substrate/Glints2/dict_0005_0016" 8744
"/Engine/EngineMaterials/Substrate/Glints2/dict_0005_0015" 8745
"/Engine/EngineMaterials/Substrate/Glints2/dict_0005_0014" 8746
"/Engine/EngineMaterials/Substrate/Glints2/dict_0005_0012" 8747
"/Engine/EngineMaterials/Substrate/Glints2/dict_0005_0011" 8748
"../../../Engine/Content/EngineMaterials/Substrate/Glints2/dict_0005_0020.uasset" 8749
"../../../Engine/Content/EngineMaterials/Substrate/Glints2/dict_0005_0017.uasset" 8750
"../../../Engine/Content/EngineMaterials/Substrate/Glints2/dict_0005_0021.uasset" 8751
"../../../Engine/Content/EngineMaterials/Substrate/Glints2/dict_0005_0018.uasset" 8752
"../../../Engine/Content/EngineMaterials/Substrate/Glints2/dict_0005_0019.uasset" 8753
"../../../Engine/Content/EngineMaterials/Substrate/Glints2/dict_0005_0023.uasset" 8754
"../../../Engine/Content/EngineMaterials/Substrate/Glints2/dict_0005_0022.uasset" 8755
"../../../Engine/Content/EngineMaterials/Substrate/Glints2/dict_0005_0024.uasset" 8756
"../../../Engine/Content/EngineMaterials/Substrate/Glints2/dict_0005_0025.uasset" 8757
"../../../Engine/Content/EngineMaterials/Substrate/Glints2/dict_0005_0026.uasset" 8758
"../../../Engine/Content/EngineMaterials/Substrate/Glints2/dict_0005_0027.uasset" 8759
"../../../Engine/Content/EngineMaterials/Substrate/Glints2/dict_0005_0028.uasset" 8760
"../../../Engine/Content/EngineMaterials/Substrate/Glints2/dict_0005_0029.uasset" 8761
"../../../Engine/Content/EngineMaterials/Substrate/Glints2/dict_0005_0030.uasset" 8762
"/Engine/EngineMaterials/Substrate/Glints2/dict_0005_0027" 8763
"/Engine/EngineMaterials/Substrate/Glints2/dict_0005_0026" 8764
"../../../Engine/Content/EngineMaterials/Substrate/Glints2/dict_0005_0031.uasset" 8765
"/Engine/EngineMaterials/Substrate/Glints2/dict_0005_0018" 8766
"/Engine/EngineMaterials/Substrate/Glints2/dict_0005_0017" 8767
"/Engine/EngineMaterials/Substrate/Glints2/dict_0005_0025" 8768
"/Engine/EngineMaterials/Substrate/Glints2/dict_0005_0024" 8769
"../../../Engine/Content/EngineMaterials/Substrate/Glints2/dict_0005_0032.uasset" 8770
"../../../Engine/Content/EngineMaterials/Substrate/Glints2/dict_0004_0221.uasset" 8771
"/Engine/EngineMaterials/Substrate/Glints2/dict_0005_0030" 8772
"/Engine/EngineMaterials/Substrate/Glints2/dict_0005_0023" 8773
"/Engine/EngineMaterials/Substrate/Glints2/dict_0005_0029" 8774
"/Engine/EngineMaterials/Substrate/Glints2/dict_0005_0028" 8775
"../../../Engine/Content/EngineMaterials/Substrate/Glints2/dict_0005_0033.uasset" 8776
"/Engine/EngineMaterials/Substrate/Glints2/dict_0005_0022" 8777
"/Engine/EngineMaterials/Substrate/Glints2/dict_0005_0021" 8778
"/Engine/EngineMaterials/Substrate/Glints2/dict_0005_0020" 8779
"../../../Engine/Content/EngineMaterials/Substrate/Glints2/dict_0005_0035.uasset" 8780
"/Engine/EngineMaterials/Substrate/Glints2/dict_0005_0019" 8781
"../../../Engine/Content/EngineMaterials/Substrate/Glints2/dict_0005_0034.uasset" 8782
"/Engine/EngineMaterials/Substrate/Glints2/dict_0005_0035" 8783
"/Engine/EngineMaterials/Substrate/Glints2/dict_0005_0034" 8784
"../../../Engine/Content/EngineMaterials/Substrate/Glints2/dict_0005_0036.uasset" 8785
"../../../Engine/Content/EngineMaterials/Substrate/Glints2/dict_0005_0037.uasset" 8786
"../../../Engine/Content/EngineMaterials/Substrate/Glints2/dict_0005_0038.uasset" 8787
"/Engine/EngineMaterials/Substrate/Glints2/dict_0004_0221" 8788
"/Engine/EngineMaterials/Substrate/Glints2/dict_0005_0033" 8789
"/Engine/EngineMaterials/Substrate/Glints2/dict_0005_0032" 8790
"/Engine/EngineMaterials/Substrate/Glints2/dict_0005_0031" 8791
"/Engine/EngineMaterials/Substrate/Glints2/dict_0005_0038" 8792
"/Engine/EngineMaterials/Substrate/Glints2/dict_0005_0037" 8793
"/Engine/EngineMaterials/Substrate/Glints2/dict_0005_0036" 8794
"../../../Engine/Content/EngineMaterials/Substrate/Glints2/dict_0005_0039.uasset" 8795
"../../../Engine/Content/EngineMaterials/Substrate/Glints2/dict_0005_0042.uasset" 8796
"../../../Engine/Content/EngineMaterials/Substrate/Glints2/dict_0005_0041.uasset" 8797
"../../../Engine/Content/EngineMaterials/Substrate/Glints2/dict_0005_0043.uasset" 8798
"../../../Engine/Content/EngineMaterials/Substrate/Glints2/dict_0005_0044.uasset" 8799
"../../../Engine/Content/EngineMaterials/Substrate/Glints2/dict_0005_0046.uasset" 8800
"../../../Engine/Content/EngineMaterials/Substrate/Glints2/dict_0005_0047.uasset" 8801
"../../../Engine/Content/EngineMaterials/Substrate/Glints2/dict_0005_0045.uasset" 8802
"../../../Engine/Content/EngineMaterials/Substrate/Glints2/dict_0005_0048.uasset" 8803
"../../../Engine/Content/EngineMaterials/Substrate/Glints2/dict_0005_0049.uasset" 8804
"../../../Engine/Content/EngineMaterials/Substrate/Glints2/dict_0005_0050.uasset" 8805
"../../../Engine/Content/EngineMaterials/Substrate/Glints2/dict_0005_0051.uasset" 8806
"/Engine/EngineMaterials/Substrate/Glints2/dict_0005_0043" 8807
"../../../Engine/Content/EngineMaterials/Substrate/Glints2/dict_0005_0052.uasset" 8808
"/Engine/EngineMaterials/Substrate/Glints2/dict_0005_0042" 8809
"/Engine/EngineMaterials/Substrate/Glints2/dict_0005_0041" 8810
"/Engine/EngineMaterials/Substrate/Glints2/dict_0005_0039" 8811
"../../../Engine/Content/EngineMaterials/Substrate/Glints2/dict_0005_0054.uasset" 8812
"../../../Engine/Content/EngineMaterials/Substrate/Glints2/dict_0005_0053.uasset" 8813
"/Engine/EngineMaterials/Substrate/Glints2/dict_0005_0051" 8814
"/Engine/EngineMaterials/Substrate/Glints2/dict_0005_0050" 8815
"/Engine/EngineMaterials/Substrate/Glints2/dict_0005_0049" 8816
"/Engine/EngineMaterials/Substrate/Glints2/dict_0005_0048" 8817
"../../../Engine/Content/EngineMaterials/Substrate/Glints2/dict_0005_0055.uasset" 8818
"/Engine/EngineMaterials/Substrate/Glints2/dict_0005_0047" 8819
"/Engine/EngineMaterials/Substrate/Glints2/dict_0005_0046" 8820
"/Engine/EngineMaterials/Substrate/Glints2/dict_0005_0045" 8821
"/Engine/EngineMaterials/Substrate/Glints2/dict_0005_0044" 8822
"../../../Engine/Content/EngineMaterials/Substrate/Glints2/dict_0005_0056.uasset" 8823
"/Engine/EngineMaterials/Substrate/Glints2/dict_0005_0056" 8824
"/Engine/EngineMaterials/Substrate/Glints2/dict_0005_0055" 8825
"/Engine/EngineMaterials/Substrate/Glints2/dict_0005_0054" 8826
"/Engine/EngineMaterials/Substrate/Glints2/dict_0005_0053" 8827
"/Engine/EngineMaterials/Substrate/Glints2/dict_0005_0052" 8828
"../../../Engine/Content/EngineMaterials/Substrate/Glints2/dict_0005_0059.uasset" 8829
"../../../Engine/Content/EngineMaterials/Substrate/Glints2/dict_0005_0057.uasset" 8830
"/Engine/EngineMaterials/Substrate/Glints2/dict_0005_0059" 8831
"/Engine/EngineMaterials/Substrate/Glints2/dict_0005_0057" 8832
"../../../Engine/Content/EngineMaterials/Substrate/Glints2/dict_0005_0060.uasset" 8833
"../../../Engine/Content/EngineMaterials/Substrate/Glints2/dict_0005_0061.uasset" 8834
"../../../Engine/Content/EngineMaterials/Substrate/Glints2/dict_0003_0147.uasset" 8835
"../../../Engine/Content/EngineMaterials/Substrate/Glints2/dict_0005_0062.uasset" 8836
"../../../Engine/Content/EngineMaterials/Substrate/Glints2/dict_0005_0058.uasset" 8837
"../../../Engine/Content/EngineMaterials/Substrate/Glints2/dict_0005_0063.uasset" 8838
"../../../Engine/Content/EngineMaterials/Substrate/Glints2/dict_0005_0064.uasset" 8839
"../../../Engine/Content/EngineMaterials/Substrate/Glints2/dict_0005_0066.uasset" 8840
"../../../Engine/Content/EngineMaterials/Substrate/Glints2/dict_0005_0065.uasset" 8841
"../../../Engine/Content/EngineMaterials/Substrate/Glints2/dict_0005_0067.uasset" 8842
"../../../Engine/Content/EngineMaterials/Substrate/Glints2/dict_0005_0070.uasset" 8843
"../../../Engine/Content/EngineMaterials/Substrate/Glints2/dict_0005_0069.uasset" 8844
"/Engine/EngineMaterials/Substrate/Glints2/dict_0005_0066" 8845
"../../../Engine/Content/EngineMaterials/Substrate/Glints2/dict_0005_0071.uasset" 8846
"../../../Engine/Content/EngineMaterials/Substrate/Glints2/dict_0005_0072.uasset" 8847
"/Engine/EngineMaterials/Substrate/Glints2/dict_0005_0065" 8848
"/Engine/EngineMaterials/Substrate/Glints2/dict_0005_0064" 8849
"../../../Engine/Content/EngineMaterials/Substrate/Glints2/dict_0005_0073.uasset" 8850
"/Engine/EngineMaterials/Substrate/Glints2/dict_0005_0063" 8851
"/Engine/EngineMaterials/Substrate/Glints2/dict_0005_0062" 8852
"/Engine/EngineMaterials/Substrate/Glints2/dict_0005_0061" 8853
"/Engine/EngineMaterials/Substrate/Glints2/dict_0005_0060" 8854
"/Engine/EngineMaterials/Substrate/Glints2/dict_0005_0058" 8855
"/Engine/EngineMaterials/Substrate/Glints2/dict_0005_0070" 8856
"/Engine/EngineMaterials/Substrate/Glints2/dict_0005_0069" 8857
"../../../Engine/Content/EngineMaterials/Substrate/Glints2/dict_0005_0074.uasset" 8858
"/Engine/EngineMaterials/Substrate/Glints2/dict_0003_0147" 8859
"../../../Engine/Content/EngineMaterials/Substrate/Glints2/dict_0005_0075.uasset" 8860
"/Engine/EngineMaterials/Substrate/Glints2/dict_0005_0067" 8861
"../../../Engine/Content/EngineMaterials/Substrate/Glints2/dict_0005_0076.uasset" 8862
"../../../Engine/Content/EngineMaterials/Substrate/Glints2/dict_0005_0077.uasset" 8863
"/Engine/EngineMaterials/Substrate/Glints2/dict_0005_0077" 8864
"../../../Engine/Content/EngineMaterials/Substrate/Glints2/dict_0005_0078.uasset" 8865
"/Engine/EngineMaterials/Substrate/Glints2/dict_0005_0076" 8866
"/Engine/EngineMaterials/Substrate/Glints2/dict_0005_0075" 8867
"/Engine/EngineMaterials/Substrate/Glints2/dict_0005_0074" 8868
"/Engine/EngineMaterials/Substrate/Glints2/dict_0005_0073" 8869
"/Engine/EngineMaterials/Substrate/Glints2/dict_0005_0072" 8870
"/Engine/EngineMaterials/Substrate/Glints2/dict_0005_0071" 8871
"/Engine/EngineMaterials/Substrate/Glints2/dict_0005_0078" 8872
"../../../Engine/Content/EngineMaterials/Substrate/Glints2/dict_0005_0081.uasset" 8873
"../../../Engine/Content/EngineMaterials/Substrate/Glints2/dict_0005_0079.uasset" 8874
"../../../Engine/Content/EngineMaterials/Substrate/Glints2/dict_0005_0080.uasset" 8875
"../../../Engine/Content/EngineMaterials/Substrate/Glints2/dict_0005_0068.uasset" 8876
"../../../Engine/Content/EngineMaterials/Substrate/Glints2/dict_0005_0084.uasset" 8877
"../../../Engine/Content/EngineMaterials/Substrate/Glints2/dict_0005_0082.uasset" 8878
"../../../Engine/Content/EngineMaterials/Substrate/Glints2/dict_0005_0086.uasset" 8879
"../../../Engine/Content/EngineMaterials/Substrate/Glints2/dict_0005_0085.uasset" 8880
"../../../Engine/Content/EngineMaterials/Substrate/Glints2/dict_0005_0083.uasset" 8881
"../../../Engine/Content/EngineMaterials/Substrate/Glints2/dict_0005_0088.uasset" 8882
"../../../Engine/Content/EngineMaterials/Substrate/Glints2/dict_0005_0087.uasset" 8883
"../../../Engine/Content/EngineMaterials/Substrate/Glints2/dict_0005_0091.uasset" 8884
"/Engine/EngineMaterials/Substrate/Glints2/dict_0005_0085" 8885
"../../../Engine/Content/EngineMaterials/Substrate/Glints2/dict_0005_0093.uasset" 8886
"../../../Engine/Content/EngineMaterials/Substrate/Glints2/dict_0005_0092.uasset" 8887
"../../../Engine/Content/EngineMaterials/Substrate/Glints2/dict_0005_0094.uasset" 8888
"../../../Engine/Content/EngineMaterials/Substrate/Glints2/dict_0005_0089.uasset" 8889
"/Engine/EngineMaterials/Substrate/Glints2/dict_0005_0083" 8890
"../../../Engine/Content/EngineMaterials/Substrate/Glints2/dict_0005_0095.uasset" 8891
"/Engine/EngineMaterials/Substrate/Glints2/dict_0005_0082" 8892
"/Engine/EngineMaterials/Substrate/Glints2/dict_0005_0081" 8893
"/Engine/EngineMaterials/Substrate/Glints2/dict_0005_0080" 8894
"/Engine/EngineMaterials/Substrate/Glints2/dict_0005_0091" 8895
"/Engine/EngineMaterials/Substrate/Glints2/dict_0005_0084" 8896
"/Engine/EngineMaterials/Substrate/Glints2/dict_0005_0079" 8897
"/Engine/EngineMaterials/Substrate/Glints2/dict_0005_0088" 8898
"/Engine/EngineMaterials/Substrate/Glints2/dict_0005_0087" 8899
"../../../Engine/Content/EngineMaterials/Substrate/Glints2/dict_0005_0096.uasset" 8900
"/Engine/EngineMaterials/Substrate/Glints2/dict_0005_0068" 8901
"../../../Engine/Content/EngineMaterials/Substrate/Glints2/dict_0005_0097.uasset" 8902
"/Engine/EngineMaterials/Substrate/Glints2/dict_0005_0086" 8903
"/Engine/EngineMaterials/Substrate/Glints2/dict_0005_0097" 8904
"/Engine/EngineMaterials/Substrate/Glints2/dict_0005_0096" 8905
"/Engine/EngineMaterials/Substrate/Glints2/dict_0005_0095" 8906
"/Engine/EngineMaterials/Substrate/Glints2/dict_0005_0094" 8907
"/Engine/EngineMaterials/Substrate/Glints2/dict_0005_0093" 8908
"/Engine/EngineMaterials/Substrate/Glints2/dict_0005_0092" 8909
"/Engine/EngineMaterials/Substrate/Glints2/dict_0005_0089" 8910
"../../../Engine/Content/EngineMaterials/Substrate/Glints2/dict_0005_0098.uasset" 8911
"../../../Engine/Content/EngineMaterials/Substrate/Glints2/dict_0005_0100.uasset" 8912
"/Engine/EngineMaterials/Substrate/Glints2/dict_0005_0098" 8913
"/Engine/EngineMaterials/Substrate/Glints2/dict_0005_0100" 8914
"../../../Engine/Content/EngineMaterials/Substrate/Glints2/dict_0005_0102.uasset" 8915
"../../../Engine/Content/EngineMaterials/Substrate/Glints2/dict_0005_0101.uasset" 8916
"../../../Engine/Content/EngineMaterials/Substrate/Glints2/dict_0005_0099.uasset" 8917
"../../../Engine/Content/EngineMaterials/Substrate/Glints2/dict_0005_0103.uasset" 8918
"../../../Engine/Content/EngineMaterials/Substrate/Glints2/dict_0005_0105.uasset" 8919
"../../../Engine/Content/EngineMaterials/Substrate/Glints2/dict_0005_0104.uasset" 8920
"../../../Engine/Content/EngineMaterials/Substrate/Glints2/dict_0005_0106.uasset" 8921
"../../../Engine/Content/EngineMaterials/Substrate/Glints2/dict_0005_0107.uasset" 8922
"../../../Engine/Content/EngineMaterials/Substrate/Glints2/dict_0005_0108.uasset" 8923
"../../../Engine/Content/EngineMaterials/Substrate/Glints2/dict_0005_0109.uasset" 8924
"../../../Engine/Content/EngineMaterials/Substrate/Glints2/dict_0005_0110.uasset" 8925
"../../../Engine/Content/EngineMaterials/Substrate/Glints2/dict_0005_0112.uasset" 8926
"../../../Engine/Content/EngineMaterials/Substrate/Glints2/dict_0005_0111.uasset" 8927
"../../../Engine/Content/EngineMaterials/Substrate/Glints2/dict_0005_0113.uasset" 8928
"/Engine/EngineMaterials/Substrate/Glints2/dict_0005_0105" 8929
"/Engine/EngineMaterials/Substrate/Glints2/dict_0005_0104" 8930
"/Engine/EngineMaterials/Substrate/Glints2/dict_0005_0103" 8931
"/Engine/EngineMaterials/Substrate/Glints2/dict_0005_0113" 8932
"/Engine/EngineMaterials/Substrate/Glints2/dict_0005_0102" 8933
"../../../Engine/Content/EngineMaterials/Substrate/Glints2/dict_0005_0114.uasset" 8934
"/Engine/EngineMaterials/Substrate/Glints2/dict_0005_0112" 8935
"../../../Engine/Content/EngineMaterials/Substrate/Glints2/dict_0005_0116.uasset" 8936
"/Engine/EngineMaterials/Substrate/Glints2/dict_0005_0111" 8937
"/Engine/EngineMaterials/Substrate/Glints2/dict_0005_0110" 8938
"../../../Engine/Content/EngineMaterials/Substrate/Glints2/dict_0005_0115.uasset" 8939
"/Engine/EngineMaterials/Substrate/Glints2/dict_0005_0101" 8940
"/Engine/EngineMaterials/Substrate/Glints2/dict_0005_0099" 8941
"/Engine/EngineMaterials/Substrate/Glints2/dict_0005_0109" 8942
"../../../Engine/Content/EngineMaterials/Substrate/Glints2/dict_0005_0117.uasset" 8943
"/Engine/EngineMaterials/Substrate/Glints2/dict_0005_0108" 8944
"/Engine/EngineMaterials/Substrate/Glints2/dict_0005_0107" 8945
"/Engine/EngineMaterials/Substrate/Glints2/dict_0005_0106" 8946
"../../../Engine/Content/EngineMaterials/Substrate/Glints2/dict_0005_0118.uasset" 8947
"/Engine/EngineMaterials/Substrate/Glints2/dict_0005_0117" 8948
"/Engine/EngineMaterials/Substrate/Glints2/dict_0005_0116" 8949
"/Engine/EngineMaterials/Substrate/Glints2/dict_0005_0115" 8950
"../../../Engine/Content/EngineMaterials/Substrate/Glints2/dict_0005_0119.uasset" 8951
"/Engine/EngineMaterials/Substrate/Glints2/dict_0005_0114" 8952
"/Engine/EngineMaterials/Substrate/Glints2/dict_0005_0119" 8953
"/Engine/EngineMaterials/Substrate/Glints2/dict_0005_0118" 8954
"../../../Engine/Content/EngineMaterials/Substrate/Glints2/dict_0005_0121.uasset" 8955
"../../../Engine/Content/EngineMaterials/Substrate/Glints2/dict_0005_0122.uasset" 8956
"../../../Engine/Content/EngineMaterials/Substrate/Glints2/dict_0005_0120.uasset" 8957
"../../../Engine/Content/EngineMaterials/Substrate/Glints2/dict_0005_0124.uasset" 8958
"../../../Engine/Content/EngineMaterials/Substrate/Glints2/dict_0005_0123.uasset" 8959
"../../../Engine/Content/EngineMaterials/Substrate/Glints2/dict_0004_0161.uasset" 8960
"../../../Engine/Content/EngineMaterials/Substrate/Glints2/dict_0005_0125.uasset" 8961
"../../../Engine/Content/EngineMaterials/Substrate/Glints2/dict_0005_0126.uasset" 8962
"../../../Engine/Content/EngineMaterials/Substrate/Glints2/dict_0005_0127.uasset" 8963
"../../../Engine/Content/EngineMaterials/Substrate/Glints2/dict_0005_0128.uasset" 8964
"../../../Engine/Content/EngineMaterials/Substrate/Glints2/dict_0005_0129.uasset" 8965
"../../../Engine/Content/EngineMaterials/Substrate/Glints2/dict_0005_0130.uasset" 8966
"../../../Engine/Content/EngineMaterials/Substrate/Glints2/dict_0005_0131.uasset" 8967
"../../../Engine/Content/EngineMaterials/Substrate/Glints2/dict_0005_0132.uasset" 8968
"/Engine/EngineMaterials/Substrate/Glints2/dict_0005_0124" 8969
"../../../Engine/Content/EngineMaterials/Substrate/Glints2/dict_0005_0133.uasset" 8970
"/Engine/EngineMaterials/Substrate/Glints2/dict_0005_0123" 8971
"/Engine/EngineMaterials/Substrate/Glints2/dict_0005_0122" 8972
"/Engine/EngineMaterials/Substrate/Glints2/dict_0005_0121" 8973
"/Engine/EngineMaterials/Substrate/Glints2/dict_0005_0120" 8974
"/Engine/EngineMaterials/Substrate/Glints2/dict_0004_0161" 8975
"/Engine/EngineMaterials/Substrate/Glints2/dict_0005_0132" 8976
"/Engine/EngineMaterials/Substrate/Glints2/dict_0005_0126" 8977
"/Engine/EngineMaterials/Substrate/Glints2/dict_0005_0131" 8978
"/Engine/EngineMaterials/Substrate/Glints2/dict_0005_0125" 8979
"/Engine/EngineMaterials/Substrate/Glints2/dict_0005_0130" 8980
"../../../Engine/Content/EngineMaterials/Substrate/Glints2/dict_0005_0135.uasset" 8981
"/Engine/EngineMaterials/Substrate/Glints2/dict_0005_0129" 8982
"../../../Engine/Content/EngineMaterials/Substrate/Glints2/dict_0005_0137.uasset" 8983
"/Engine/EngineMaterials/Substrate/Glints2/dict_0005_0128" 8984
"/Engine/EngineMaterials/Substrate/Glints2/dict_0005_0127" 8985
"../../../Engine/Content/EngineMaterials/Substrate/Glints2/dict_0005_0136.uasset" 8986
"../../../Engine/Content/EngineMaterials/Substrate/Glints2/dict_0005_0138.uasset" 8987
"../../../Engine/Content/EngineMaterials/Substrate/Glints2/dict_0005_0141.uasset" 8988
"/Engine/EngineMaterials/Substrate/Glints2/dict_0005_0138" 8989
"../../../Engine/Content/EngineMaterials/Substrate/Glints2/dict_0005_0140.uasset" 8990
"/Engine/EngineMaterials/Substrate/Glints2/dict_0005_0137" 8991
"/Engine/EngineMaterials/Substrate/Glints2/dict_0005_0136" 8992
"/Engine/EngineMaterials/Substrate/Glints2/dict_0005_0135" 8993
"../../../Engine/Content/EngineMaterials/Substrate/Glints2/dict_0005_0139.uasset" 8994
"/Engine/EngineMaterials/Substrate/Glints2/dict_0005_0133" 8995
"/Engine/EngineMaterials/Substrate/Glints2/dict_0005_0141" 8996
"../../../Engine/Content/EngineMaterials/Substrate/Glints2/dict_0005_0142.uasset" 8997
"/Engine/EngineMaterials/Substrate/Glints2/dict_0005_0140" 8998
"/Engine/EngineMaterials/Substrate/Glints2/dict_0005_0139" 8999
"/Engine/EngineMaterials/Substrate/Glints2/dict_0005_0142" 9000
"../../../Engine/Content/EngineMaterials/Substrate/Glints2/dict_0005_0143.uasset" 9001
"../../../Engine/Content/EngineMaterials/Substrate/Glints2/dict_0005_0144.uasset" 9002
"../../../Engine/Content/EngineMaterials/Substrate/Glints2/dict_0005_0148.uasset" 9003
"../../../Engine/Content/EngineMaterials/Substrate/Glints2/dict_0005_0147.uasset" 9004
"../../../Engine/Content/EngineMaterials/Substrate/Glints2/dict_0005_0145.uasset" 9005
"../../../Engine/Content/EngineMaterials/Substrate/Glints2/dict_0005_0146.uasset" 9006
"../../../Engine/Content/EngineMaterials/Substrate/Glints2/dict_0005_0149.uasset" 9007
"../../../Engine/Content/EngineMaterials/Substrate/Glints2/dict_0005_0150.uasset" 9008
"../../../Engine/Content/EngineMaterials/Substrate/Glints2/dict_0005_0151.uasset" 9009
"../../../Engine/Content/EngineMaterials/Substrate/Glints2/dict_0005_0153.uasset" 9010
"../../../Engine/Content/EngineMaterials/Substrate/Glints2/dict_0005_0154.uasset" 9011
"/Engine/EngineMaterials/Substrate/Glints2/dict_0005_0144" 9012
"../../../Engine/Content/EngineMaterials/Substrate/Glints2/dict_0005_0152.uasset" 9013
"/Engine/EngineMaterials/Substrate/Glints2/dict_0005_0143" 9014
"../../../Engine/Content/EngineMaterials/Substrate/Glints2/dict_0005_0134.uasset" 9015
"/Engine/EngineMaterials/Substrate/Glints2/dict_0005_0146" 9016
"/Engine/EngineMaterials/Substrate/Glints2/dict_0005_0151" 9017
"/Engine/EngineMaterials/Substrate/Glints2/dict_0005_0145" 9018
"/Engine/EngineMaterials/Substrate/Glints2/dict_0005_0150" 9019
"/Engine/EngineMaterials/Substrate/Glints2/dict_0005_0149" 9020
"/Engine/EngineMaterials/Substrate/Glints2/dict_0005_0148" 9021
"/Engine/EngineMaterials/Substrate/Glints2/dict_0005_0147" 9022
"/Engine/EngineMaterials/Substrate/Glints2/dict_0005_0134" 9023
"../../../Engine/Content/EngineMaterials/Substrate/Glints2/dict_0005_0156.uasset" 9024
"/Engine/EngineMaterials/Substrate/Glints2/dict_0005_0154" 9025
"/Engine/EngineMaterials/Substrate/Glints2/dict_0005_0153" 9026
"/Engine/EngineMaterials/Substrate/Glints2/dict_0005_0152" 9027
"/Engine/EngineMaterials/Substrate/Glints2/dict_0005_0156" 9028
"../../../Engine/Content/EngineMaterials/Substrate/Glints2/dict_0004_0086.uasset" 9029
"../../../Engine/Content/EngineMaterials/Substrate/Glints2/dict_0005_0160.uasset" 9030
"../../../Engine/Content/EngineMaterials/Substrate/Glints2/dict_0005_0157.uasset" 9031
"../../../Engine/Content/EngineMaterials/Substrate/Glints2/dict_0005_0162.uasset" 9032
"../../../Engine/Content/EngineMaterials/Substrate/Glints2/dict_0005_0159.uasset" 9033
"../../../Engine/Content/EngineMaterials/Substrate/Glints2/dict_0005_0155.uasset" 9034
"../../../Engine/Content/EngineMaterials/Substrate/Glints2/dict_0005_0164.uasset" 9035
"../../../Engine/Content/EngineMaterials/Substrate/Glints2/dict_0005_0158.uasset" 9036
"../../../Engine/Content/EngineMaterials/Substrate/Glints2/dict_0005_0163.uasset" 9037
"../../../Engine/Content/EngineMaterials/Substrate/Glints2/dict_0005_0161.uasset" 9038
"../../../Engine/Content/EngineMaterials/Substrate/Glints2/dict_0005_0040.uasset" 9039
"/Engine/EngineMaterials/Substrate/Glints2/dict_0005_0160" 9040
"/Engine/EngineMaterials/Substrate/Glints2/dict_0005_0159" 9041
"/Engine/EngineMaterials/Substrate/Glints2/dict_0005_0158" 9042
"/Engine/EngineMaterials/Substrate/Glints2/dict_0005_0040" 9043
"/Engine/EngineMaterials/Substrate/Glints2/dict_0004_0086" 9044
"/Engine/EngineMaterials/Substrate/Glints2/dict_0005_0164" 9045
"../../../Engine/Content/EngineMaterials/Substrate/Glints2/dict_0005_0165.uasset" 9046
"../../../Engine/Content/EngineMaterials/Substrate/Glints2/dict_0005_0170.uasset" 9047
"../../../Engine/Content/EngineMaterials/Substrate/Glints2/dict_0005_0169.uasset" 9048
"/Engine/EngineMaterials/Substrate/Glints2/dict_0005_0163" 9049
"../../../Engine/Content/EngineMaterials/Substrate/Glints2/dict_0005_0168.uasset" 9050
"/Engine/EngineMaterials/Substrate/Glints2/dict_0005_0157" 9051
"../../../Engine/Content/EngineMaterials/Substrate/Glints2/dict_0005_0167.uasset" 9052
"../../../Engine/Content/EngineMaterials/Substrate/Glints2/dict_0005_0166.uasset" 9053
"/Engine/EngineMaterials/Substrate/Glints2/dict_0005_0162" 9054
"../../../Engine/Content/EngineMaterials/Substrate/Glints2/dict_0005_0174.uasset" 9055
"../../../Engine/Content/EngineMaterials/Substrate/Glints2/dict_0005_0171.uasset" 9056
"/Engine/EngineMaterials/Substrate/Glints2/dict_0005_0161" 9057
"../../../Engine/Content/EngineMaterials/Substrate/Glints2/dict_0005_0172.uasset" 9058
"/Engine/EngineMaterials/Substrate/Glints2/dict_0005_0155" 9059
"/Engine/EngineMaterials/Substrate/Glints2/dict_0005_0169" 9060
"/Engine/EngineMaterials/Substrate/Glints2/dict_0005_0168" 9061
"/Engine/EngineMaterials/Substrate/Glints2/dict_0005_0167" 9062
"/Engine/EngineMaterials/Substrate/Glints2/dict_0005_0166" 9063
"/Engine/EngineMaterials/Substrate/Glints2/dict_0005_0165" 9064
"/Engine/EngineMaterials/Substrate/Glints2/dict_0005_0174" 9065
"/Engine/EngineMaterials/Substrate/Glints2/dict_0005_0172" 9066
"/Engine/EngineMaterials/Substrate/Glints2/dict_0005_0171" 9067
"/Engine/EngineMaterials/Substrate/Glints2/dict_0005_0170" 9068
"../../../Engine/Content/EngineMaterials/Substrate/Glints2/dict_0005_0178.uasset" 9069
"../../../Engine/Content/EngineMaterials/Substrate/Glints2/dict_0005_0183.uasset" 9070
"../../../Engine/Content/EngineMaterials/Substrate/Glints2/dict_0005_0177.uasset" 9071
"../../../Engine/Content/EngineMaterials/Substrate/Glints2/dict_0005_0179.uasset" 9072
"../../../Engine/Content/EngineMaterials/Substrate/Glints2/dict_0005_0176.uasset" 9073
"../../../Engine/Content/EngineMaterials/Substrate/Glints2/dict_0005_0180.uasset" 9074
"../../../Engine/Content/EngineMaterials/Substrate/Glints2/dict_0005_0184.uasset" 9075
"../../../Engine/Content/EngineMaterials/Substrate/Glints2/dict_0005_0182.uasset" 9076
"../../../Engine/Content/EngineMaterials/Substrate/Glints2/dict_0005_0189.uasset" 9077
"../../../Engine/Content/EngineMaterials/Substrate/Glints2/dict_0005_0187.uasset" 9078
"../../../Engine/Content/EngineMaterials/Substrate/Glints2/dict_0005_0185.uasset" 9079
"../../../Engine/Content/EngineMaterials/Substrate/Glints2/dict_0005_0188.uasset" 9080
"../../../Engine/Content/EngineMaterials/Substrate/Glints2/dict_0005_0186.uasset" 9081
"/Engine/EngineMaterials/Substrate/Glints2/dict_0005_0178" 9082
"../../../Engine/Content/EngineMaterials/Substrate/Glints2/dict_0005_0190.uasset" 9083
"/Engine/EngineMaterials/Substrate/Glints2/dict_0005_0177" 9084
"/Engine/EngineMaterials/Substrate/Glints2/dict_0005_0189" 9085
"/Engine/EngineMaterials/Substrate/Glints2/dict_0005_0188" 9086
"../../../Engine/Content/EngineMaterials/Substrate/Glints2/dict_0005_0192.uasset" 9087
"/Engine/EngineMaterials/Substrate/Glints2/dict_0005_0187" 9088
"/Engine/EngineMaterials/Substrate/Glints2/dict_0005_0183" 9089
"../../../Engine/Content/EngineMaterials/Substrate/Glints2/dict_0005_0191.uasset" 9090
"/Engine/EngineMaterials/Substrate/Glints2/dict_0005_0176" 9091
"/Engine/EngineMaterials/Substrate/Glints2/dict_0005_0186" 9092
"/Engine/EngineMaterials/Substrate/Glints2/dict_0005_0182" 9093
"/Engine/EngineMaterials/Substrate/Glints2/dict_0005_0185" 9094
"/Engine/EngineMaterials/Substrate/Glints2/dict_0005_0184" 9095
"/Engine/EngineMaterials/Substrate/Glints2/dict_0005_0180" 9096
"/Engine/EngineMaterials/Substrate/Glints2/dict_0005_0179" 9097
"/Engine/EngineMaterials/Substrate/Glints2/dict_0005_0192" 9098
"/Engine/EngineMaterials/Substrate/Glints2/dict_0005_0191" 9099
"/Engine/EngineMaterials/Substrate/Glints2/dict_0005_0190" 9100
"../../../Engine/Content/EngineMaterials/Substrate/Glints2/dict_0005_0197.uasset" 9101
"../../../Engine/Content/EngineMaterials/Substrate/Glints2/dict_0005_0193.uasset" 9102
"../../../Engine/Content/EngineMaterials/Substrate/Glints2/dict_0005_0196.uasset" 9103
"../../../Engine/Content/EngineMaterials/Substrate/Glints2/dict_0005_0195.uasset" 9104
"../../../Engine/Content/EngineMaterials/Substrate/Glints2/dict_0005_0198.uasset" 9105
"../../../Engine/Content/EngineMaterials/Substrate/Glints2/dict_0005_0194.uasset" 9106
"../../../Engine/Content/EngineMaterials/Substrate/Glints2/dict_0005_0199.uasset" 9107
"../../../Engine/Content/EngineMaterials/Substrate/Glints2/dict_0005_0200.uasset" 9108
"../../../Engine/Content/EngineMaterials/Substrate/Glints2/dict_0005_0201.uasset" 9109
"../../../Engine/Content/EngineMaterials/Substrate/Glints2/dict_0005_0202.uasset" 9110
"../../../Engine/Content/EngineMaterials/Substrate/Glints2/dict_0005_0204.uasset" 9111
"../../../Engine/Content/EngineMaterials/Substrate/Glints2/dict_0005_0206.uasset" 9112
"../../../Engine/Content/EngineMaterials/Substrate/Glints2/dict_0005_0205.uasset" 9113
"../../../Engine/Content/EngineMaterials/Substrate/Glints2/dict_0005_0203.uasset" 9114
"../../../Engine/Content/EngineMaterials/Substrate/Glints2/dict_0005_0207.uasset" 9115
"/Engine/EngineMaterials/Substrate/Glints2/dict_0005_0194" 9116
"/Engine/EngineMaterials/Substrate/Glints2/dict_0005_0193" 9117
"/Engine/EngineMaterials/Substrate/Glints2/dict_0005_0203" 9118
"/Engine/EngineMaterials/Substrate/Glints2/dict_0005_0202" 9119
"/Engine/EngineMaterials/Substrate/Glints2/dict_0005_0201" 9120
"/Engine/EngineMaterials/Substrate/Glints2/dict_0005_0200" 9121
"/Engine/EngineMaterials/Substrate/Glints2/dict_0005_0199" 9122
"/Engine/EngineMaterials/Substrate/Glints2/dict_0005_0207" 9123
"/Engine/EngineMaterials/Substrate/Glints2/dict_0005_0206" 9124
"/Engine/EngineMaterials/Substrate/Glints2/dict_0005_0205" 9125
"/Engine/EngineMaterials/Substrate/Glints2/dict_0005_0204" 9126
"/Engine/EngineMaterials/Substrate/Glints2/dict_0005_0198" 9127
"../../../Engine/Content/EngineMaterials/Substrate/Glints2/dict_0005_0208.uasset" 9128
"../../../Engine/Content/EngineMaterials/Substrate/Glints2/dict_0005_0210.uasset" 9129
"/Engine/EngineMaterials/Substrate/Glints2/dict_0005_0197" 9130
"/Engine/EngineMaterials/Substrate/Glints2/dict_0005_0196" 9131
"../../../Engine/Content/EngineMaterials/Substrate/Glints2/dict_0005_0212.uasset" 9132
"../../../Engine/Content/EngineMaterials/Substrate/Glints2/dict_0005_0211.uasset" 9133
"/Engine/EngineMaterials/Substrate/Glints2/dict_0005_0195" 9134
"../../../Engine/Content/EngineMaterials/Substrate/Glints2/dict_0005_0214.uasset" 9135
"/Engine/EngineMaterials/Substrate/Glints2/dict_0005_0214" 9136
"../../../Engine/Content/EngineMaterials/Substrate/Glints2/dict_0005_0209.uasset" 9137
"/Engine/EngineMaterials/Substrate/Glints2/dict_0005_0212" 9138
"../../../Engine/Content/EngineMaterials/Substrate/Glints2/dict_0005_0215.uasset" 9139
"/Engine/EngineMaterials/Substrate/Glints2/dict_0005_0211" 9140
"../../../Engine/Content/EngineMaterials/Substrate/Glints2/dict_0005_0213.uasset" 9141
"/Engine/EngineMaterials/Substrate/Glints2/dict_0005_0210" 9142
"/Engine/EngineMaterials/Substrate/Glints2/dict_0005_0208" 9143
"/Engine/EngineMaterials/Substrate/Glints2/dict_0005_0215" 9144
"/Engine/EngineMaterials/Substrate/Glints2/dict_0005_0213" 9145
"/Engine/EngineMaterials/Substrate/Glints2/dict_0005_0209" 9146
"../../../Engine/Content/EngineMaterials/Substrate/Glints2/dict_0005_0217.uasset" 9147
"../../../Engine/Content/EngineMaterials/Substrate/Glints2/dict_0005_0219.uasset" 9148
"../../../Engine/Content/EngineMaterials/Substrate/Glints2/dict_0005_0216.uasset" 9149
"../../../Engine/Content/EngineMaterials/Substrate/Glints2/dict_0005_0221.uasset" 9150
"../../../Engine/Content/EngineMaterials/Substrate/Glints2/dict_0005_0218.uasset" 9151
"../../../Engine/Content/EngineMaterials/Substrate/Glints2/dict_0005_0220.uasset" 9152
"../../../Engine/Content/EngineMaterials/Substrate/Glints2/dict_0005_0223.uasset" 9153
"../../../Engine/Content/EngineMaterials/Substrate/Glints2/dict_0005_0222.uasset" 9154
"/Engine/EngineMaterials/Substrate/Glints2/dict_0005_0216" 9155
"../../../Engine/Content/EngineMaterials/Substrate/Glints2/dict_0005_0227.uasset" 9156
"../../../Engine/Content/EngineMaterials/Substrate/Glints2/dict_0005_0224.uasset" 9157
"../../../Engine/Content/EngineMaterials/Substrate/Glints2/dict_0005_0228.uasset" 9158
"../../../Engine/Content/EngineMaterials/Substrate/Glints2/dict_0005_0225.uasset" 9159
"/Engine/EngineMaterials/Substrate/Glints2/dict_0005_0219" 9160
"/Engine/EngineMaterials/Substrate/Glints2/dict_0005_0218" 9161
"/Engine/EngineMaterials/Substrate/Glints2/dict_0005_0217" 9162
"../../../Engine/Content/EngineMaterials/Substrate/Glints2/dict_0005_0226.uasset" 9163
"/Engine/EngineMaterials/Substrate/Glints2/dict_0005_0223" 9164
"/Engine/EngineMaterials/Substrate/Glints2/dict_0005_0222" 9165
"../../../Engine/Content/EngineMaterials/Substrate/Glints2/dict_0005_0229.uasset" 9166
"/Engine/EngineMaterials/Substrate/Glints2/dict_0005_0221" 9167
"/Engine/EngineMaterials/Substrate/Glints2/dict_0005_0220" 9168
"/Engine/EngineMaterials/Substrate/Glints2/dict_0005_0229" 9169
"../../../Engine/Content/EngineMaterials/Substrate/Glints2/dict_0005_0231.uasset" 9170
"../../../Engine/Content/EngineMaterials/Substrate/Glints2/dict_0005_0230.uasset" 9171
"/Engine/EngineMaterials/Substrate/Glints2/dict_0005_0228" 9172
"/Engine/EngineMaterials/Substrate/Glints2/dict_0005_0227" 9173
"/Engine/EngineMaterials/Substrate/Glints2/dict_0005_0226" 9174
"/Engine/EngineMaterials/Substrate/Glints2/dict_0005_0225" 9175
"/Engine/EngineMaterials/Substrate/Glints2/dict_0005_0224" 9176
"/Engine/EngineMaterials/Substrate/Glints2/dict_0005_0231" 9177
"/Engine/EngineMaterials/Substrate/Glints2/dict_0005_0230" 9178
"../../../Engine/Content/EngineMaterials/Substrate/Glints2/dict_0005_0234.uasset" 9179
"../../../Engine/Content/EngineMaterials/Substrate/Glints2/dict_0005_0232.uasset" 9180
"../../../Engine/Content/EngineMaterials/Substrate/Glints2/dict_0005_0235.uasset" 9181
"../../../Engine/Content/EngineMaterials/Substrate/Glints2/dict_0005_0233.uasset" 9182
"../../../Engine/Content/EngineMaterials/Substrate/Glints2/dict_0005_0236.uasset" 9183
"../../../Engine/Content/EngineMaterials/Substrate/Glints2/dict_0005_0173.uasset" 9184
"../../../Engine/Content/EngineMaterials/Substrate/Glints2/dict_0005_0237.uasset" 9185
"../../../Engine/Content/EngineMaterials/Substrate/Glints2/dict_0005_0239.uasset" 9186
"../../../Engine/Content/EngineMaterials/Substrate/Glints2/dict_0005_0238.uasset" 9187
"../../../Engine/Content/EngineMaterials/Substrate/Glints2/dict_0005_0240.uasset" 9188
"../../../Engine/Content/EngineMaterials/Substrate/Glints2/dict_0005_0241.uasset" 9189
"../../../Engine/Content/EngineMaterials/Substrate/Glints2/dict_0005_0243.uasset" 9190
"../../../Engine/Content/EngineMaterials/Substrate/Glints2/dict_0005_0242.uasset" 9191
"/Engine/EngineMaterials/Substrate/Glints2/dict_0005_0234" 9192
"../../../Engine/Content/EngineMaterials/Substrate/Glints2/dict_0005_0246.uasset" 9193
"/Engine/EngineMaterials/Substrate/Glints2/dict_0005_0233" 9194
"/Engine/EngineMaterials/Substrate/Glints2/dict_0005_0242" 9195
"../../../Engine/Content/EngineMaterials/Substrate/Glints2/dict_0005_0245.uasset" 9196
"/Engine/EngineMaterials/Substrate/Glints2/dict_0005_0232" 9197
"/Engine/EngineMaterials/Substrate/Glints2/dict_0005_0239" 9198
"/Engine/EngineMaterials/Substrate/Glints2/dict_0005_0241" 9199
"/Engine/EngineMaterials/Substrate/Glints2/dict_0005_0238" 9200
"/Engine/EngineMaterials/Substrate/Glints2/dict_0005_0237" 9201
"/Engine/EngineMaterials/Substrate/Glints2/dict_0005_0236" 9202
"/Engine/EngineMaterials/Substrate/Glints2/dict_0005_0240" 9203
"/Engine/EngineMaterials/Substrate/Glints2/dict_0005_0235" 9204
"/Engine/EngineMaterials/Substrate/Glints2/dict_0005_0173" 9205
"../../../Engine/Content/EngineMaterials/Substrate/Glints2/dict_0005_0249.uasset" 9206
"/Engine/EngineMaterials/Substrate/Glints2/dict_0005_0243" 9207
"../../../Engine/Content/EngineMaterials/Substrate/Glints2/dict_0005_0247.uasset" 9208
"../../../Engine/Content/EngineMaterials/Substrate/Glints2/dict_0005_0251.uasset" 9209
"../../../Engine/Content/EngineMaterials/Substrate/Glints2/dict_0005_0248.uasset" 9210
"/Engine/EngineMaterials/Substrate/Glints2/dict_0005_0249" 9211
"../../../Engine/Content/EngineMaterials/Substrate/Glints2/dict_0005_0250.uasset" 9212
"/Engine/EngineMaterials/Substrate/Glints2/dict_0005_0247" 9213
"/Engine/EngineMaterials/Substrate/Glints2/dict_0005_0251" 9214
"../../../Engine/Content/EngineMaterials/Substrate/Glints2/dict_0005_0252.uasset" 9215
"/Engine/EngineMaterials/Substrate/Glints2/dict_0005_0246" 9216
"/Engine/EngineMaterials/Substrate/Glints2/dict_0005_0245" 9217
"/Engine/EngineMaterials/Substrate/Glints2/dict_0005_0250" 9218
"/Engine/EngineMaterials/Substrate/Glints2/dict_0005_0248" 9219
"../../../Engine/Content/EngineMaterials/Substrate/Glints2/dict_0005_0253.uasset" 9220
"/Engine/EngineMaterials/Substrate/Glints2/dict_0005_0252" 9221
"/Engine/EngineMaterials/Substrate/Glints2/dict_0005_0253" 9222
"../../../Engine/Content/EngineMaterials/Substrate/Glints2/dict_0005_0254.uasset" 9223
"../../../Engine/Content/EngineMaterials/Substrate/Glints2/dict_0005_0255.uasset" 9224
"../../../Engine/Content/EngineMaterials/Substrate/Glints2/dict_0006_0001.uasset" 9225
"../../../Engine/Content/EngineMaterials/Substrate/Glints2/dict_0005_0175.uasset" 9226
"../../../Engine/Content/EngineMaterials/Substrate/Glints2/dict_0006_0003.uasset" 9227
"../../../Engine/Content/EngineMaterials/Substrate/Glints2/dict_0006_0004.uasset" 9228
"../../../Engine/Content/EngineMaterials/Substrate/Glints2/dict_0006_0002.uasset" 9229
"../../../Engine/Content/EngineMaterials/Substrate/Glints2/dict_0006_0000.uasset" 9230
"../../../Engine/Content/EngineMaterials/Substrate/Glints2/dict_0006_0005.uasset" 9231
"../../../Engine/Content/EngineMaterials/Substrate/Glints2/dict_0006_0006.uasset" 9232
"../../../Engine/Content/EngineMaterials/Substrate/Glints2/dict_0006_0007.uasset" 9233
"../../../Engine/Content/EngineMaterials/Substrate/Glints2/dict_0006_0010.uasset" 9234
"/Engine/EngineMaterials/Substrate/Glints2/dict_0006_0002" 9235
"/Engine/EngineMaterials/Substrate/Glints2/dict_0006_0001" 9236
"/Engine/EngineMaterials/Substrate/Glints2/dict_0006_0000" 9237
"/Engine/EngineMaterials/Substrate/Glints2/dict_0005_0255" 9238
"/Engine/EngineMaterials/Substrate/Glints2/dict_0006_0010" 9239
"/Engine/EngineMaterials/Substrate/Glints2/dict_0006_0007" 9240
"/Engine/EngineMaterials/Substrate/Glints2/dict_0006_0006" 9241
"/Engine/EngineMaterials/Substrate/Glints2/dict_0006_0005" 9242
"../../../Engine/Content/EngineMaterials/Substrate/Glints2/dict_0006_0011.uasset" 9243
"../../../Engine/Content/EngineMaterials/Substrate/Glints2/dict_0006_0009.uasset" 9244
"/Engine/EngineMaterials/Substrate/Glints2/dict_0005_0254" 9245
"../../../Engine/Content/EngineMaterials/Substrate/Glints2/dict_0006_0013.uasset" 9246
"../../../Engine/Content/EngineMaterials/Substrate/Glints2/dict_0006_0012.uasset" 9247
"/Engine/EngineMaterials/Substrate/Glints2/dict_0005_0175" 9248
"../../../Engine/Content/EngineMaterials/Substrate/Glints2/dict_0006_0014.uasset" 9249
"/Engine/EngineMaterials/Substrate/Glints2/dict_0006_0004" 9250
"/Engine/EngineMaterials/Substrate/Glints2/dict_0006_0003" 9251
"/Engine/EngineMaterials/Substrate/Glints2/dict_0006_0014" 9252
"/Engine/EngineMaterials/Substrate/Glints2/dict_0006_0013" 9253
"/Engine/EngineMaterials/Substrate/Glints2/dict_0006_0012" 9254
"/Engine/EngineMaterials/Substrate/Glints2/dict_0006_0011" 9255
"../../../Engine/Content/EngineMaterials/Substrate/Glints2/dict_0006_0016.uasset" 9256
"../../../Engine/Content/EngineMaterials/Substrate/Glints2/dict_0006_0015.uasset" 9257
"/Engine/EngineMaterials/Substrate/Glints2/dict_0006_0009" 9258
"/Engine/EngineMaterials/Substrate/Glints2/dict_0006_0015" 9259
"/Engine/EngineMaterials/Substrate/Glints2/dict_0006_0016" 9260
"../../../Engine/Content/EngineMaterials/Substrate/Glints2/dict_0006_0017.uasset" 9261
"../../../Engine/Content/EngineMaterials/Substrate/Glints2/dict_0006_0020.uasset" 9262
"../../../Engine/Content/EngineMaterials/Substrate/Glints2/dict_0006_0018.uasset" 9263
"../../../Engine/Content/EngineMaterials/Substrate/Glints2/dict_0006_0019.uasset" 9264
"../../../Engine/Content/EngineMaterials/Substrate/Glints2/dict_0006_0022.uasset" 9265
"../../../Engine/Content/EngineMaterials/Substrate/Glints2/dict_0006_0021.uasset" 9266
"../../../Engine/Content/EngineMaterials/Substrate/Glints2/dict_0006_0023.uasset" 9267
"../../../Engine/Content/EngineMaterials/Substrate/Glints2/dict_0006_0025.uasset" 9268
"../../../Engine/Content/EngineMaterials/Substrate/Glints2/dict_0006_0024.uasset" 9269
"../../../Engine/Content/EngineMaterials/Substrate/Glints2/dict_0006_0026.uasset" 9270
"../../../Engine/Content/EngineMaterials/Substrate/Glints2/dict_0006_0029.uasset" 9271
"/Engine/EngineMaterials/Substrate/Glints2/dict_0006_0023" 9272
"../../../Engine/Content/EngineMaterials/Substrate/Glints2/dict_0006_0027.uasset" 9273
"/Engine/EngineMaterials/Substrate/Glints2/dict_0006_0020" 9274
"../../../Engine/Content/EngineMaterials/Substrate/Glints2/dict_0006_0028.uasset" 9275
"/Engine/EngineMaterials/Substrate/Glints2/dict_0006_0022" 9276
"/Engine/EngineMaterials/Substrate/Glints2/dict_0006_0019" 9277
"/Engine/EngineMaterials/Substrate/Glints2/dict_0006_0029" 9278
"../../../Engine/Content/EngineMaterials/Substrate/Glints2/dict_0006_0030.uasset" 9279
"../../../Engine/Content/EngineMaterials/Substrate/Glints2/dict_0006_0031.uasset" 9280
"/Engine/EngineMaterials/Substrate/Glints2/dict_0006_0024" 9281
"/Engine/EngineMaterials/Substrate/Glints2/dict_0006_0021" 9282
"/Engine/EngineMaterials/Substrate/Glints2/dict_0006_0018" 9283
"/Engine/EngineMaterials/Substrate/Glints2/dict_0006_0017" 9284
"/Engine/EngineMaterials/Substrate/Glints2/dict_0006_0026" 9285
"../../../Engine/Content/EngineMaterials/Substrate/Glints2/dict_0006_0033.uasset" 9286
"/Engine/EngineMaterials/Substrate/Glints2/dict_0006_0025" 9287
"../../../Engine/Content/EngineMaterials/Substrate/Glints2/dict_0006_0032.uasset" 9288
"/Engine/EngineMaterials/Substrate/Glints2/dict_0006_0033" 9289
"/Engine/EngineMaterials/Substrate/Glints2/dict_0006_0032" 9290
"/Engine/EngineMaterials/Substrate/Glints2/dict_0006_0031" 9291
"/Engine/EngineMaterials/Substrate/Glints2/dict_0006_0030" 9292
"/Engine/EngineMaterials/Substrate/Glints2/dict_0006_0028" 9293
"/Engine/EngineMaterials/Substrate/Glints2/dict_0006_0027" 9294
"../../../Engine/Content/EngineMaterials/Substrate/Glints2/dict_0006_0034.uasset" 9295
"../../../Engine/Content/EngineMaterials/Substrate/Glints2/dict_0006_0035.uasset" 9296
"../../../Engine/Content/EngineMaterials/Substrate/Glints2/dict_0006_0036.uasset" 9297
"../../../Engine/Content/EngineMaterials/Substrate/Glints2/dict_0006_0037.uasset" 9298
"../../../Engine/Content/EngineMaterials/Substrate/Glints2/dict_0006_0039.uasset" 9299
"../../../Engine/Content/EngineMaterials/Substrate/Glints2/dict_0006_0038.uasset" 9300
"../../../Engine/Content/EngineMaterials/Substrate/Glints2/dict_0006_0008.uasset" 9301
"../../../Engine/Content/EngineMaterials/Substrate/Glints2/dict_0006_0041.uasset" 9302
"../../../Engine/Content/EngineMaterials/Substrate/Glints2/dict_0006_0042.uasset" 9303
"../../../Engine/Content/EngineMaterials/Substrate/Glints2/dict_0006_0040.uasset" 9304
"../../../Engine/Content/EngineMaterials/Substrate/Glints2/dict_0006_0043.uasset" 9305
"../../../Engine/Content/EngineMaterials/Substrate/Glints2/dict_0006_0044.uasset" 9306
"../../../Engine/Content/EngineMaterials/Substrate/Glints2/dict_0006_0047.uasset" 9307
"../../../Engine/Content/EngineMaterials/Substrate/Glints2/dict_0006_0046.uasset" 9308
"/Engine/EngineMaterials/Substrate/Glints2/dict_0006_0043" 9309
"/Engine/EngineMaterials/Substrate/Glints2/dict_0006_0041" 9310
"../../../Engine/Content/EngineMaterials/Substrate/Glints2/dict_0006_0045.uasset" 9311
"/Engine/EngineMaterials/Substrate/Glints2/dict_0006_0040" 9312
"../../../Engine/Content/EngineMaterials/Substrate/Glints2/dict_0006_0049.uasset" 9313
"/Engine/EngineMaterials/Substrate/Glints2/dict_0006_0039" 9314
"/Engine/EngineMaterials/Substrate/Glints2/dict_0006_0036" 9315
"/Engine/EngineMaterials/Substrate/Glints2/dict_0006_0035" 9316
"/Engine/EngineMaterials/Substrate/Glints2/dict_0006_0034" 9317
"/Engine/EngineMaterials/Substrate/Glints2/dict_0006_0038" 9318
"/Engine/EngineMaterials/Substrate/Glints2/dict_0006_0037" 9319
"../../../Engine/Content/EngineMaterials/Substrate/Glints2/dict_0006_0050.uasset" 9320
"/Engine/EngineMaterials/Substrate/Glints2/dict_0006_0008" 9321
"../../../Engine/Content/EngineMaterials/Substrate/Glints2/dict_0006_0051.uasset" 9322
"/Engine/EngineMaterials/Substrate/Glints2/dict_0006_0047" 9323
"/Engine/EngineMaterials/Substrate/Glints2/dict_0006_0046" 9324
"../../../Engine/Content/EngineMaterials/Substrate/Glints2/dict_0006_0053.uasset" 9325
"/Engine/EngineMaterials/Substrate/Glints2/dict_0006_0042" 9326
"/Engine/EngineMaterials/Substrate/Glints2/dict_0006_0044" 9327
"/Engine/EngineMaterials/Substrate/Glints2/dict_0006_0053" 9328
"../../../Engine/Content/EngineMaterials/Substrate/Glints2/dict_0006_0055.uasset" 9329
"/Engine/EngineMaterials/Substrate/Glints2/dict_0006_0051" 9330
"../../../Engine/Content/EngineMaterials/Substrate/Glints2/dict_0006_0054.uasset" 9331
"/Engine/EngineMaterials/Substrate/Glints2/dict_0006_0050" 9332
"/Engine/EngineMaterials/Substrate/Glints2/dict_0006_0049" 9333
"../../../Engine/Content/EngineMaterials/Substrate/Glints2/dict_0006_0052.uasset" 9334
"/Engine/EngineMaterials/Substrate/Glints2/dict_0006_0045" 9335
"/Engine/EngineMaterials/Substrate/Glints2/dict_0006_0054" 9336
"/Engine/EngineMaterials/Substrate/Glints2/dict_0006_0052" 9337
"../../../Engine/Content/EngineMaterials/Substrate/Glints2/dict_0006_0056.uasset" 9338
"/Engine/EngineMaterials/Substrate/Glints2/dict_0006_0055" 9339
"/Engine/EngineMaterials/Substrate/Glints2/dict_0006_0056" 9340
"../../../Engine/Content/EngineMaterials/Substrate/Glints2/dict_0006_0057.uasset" 9341
"/Engine/EngineMaterials/Substrate/Glints2/dict_0006_0057" 9342
"../../../Engine/Content/EngineMaterials/Substrate/Glints2/dict_0006_0059.uasset" 9343
"../../../Engine/Content/EngineMaterials/Substrate/Glints2/dict_0006_0060.uasset" 9344
"../../../Engine/Content/EngineMaterials/Substrate/Glints2/dict_0006_0061.uasset" 9345
"../../../Engine/Content/EngineMaterials/Substrate/Glints2/dict_0006_0058.uasset" 9346
"../../../Engine/Content/EngineMaterials/Substrate/Glints2/dict_0006_0062.uasset" 9347
"../../../Engine/Content/EngineMaterials/Substrate/Glints2/dict_0006_0063.uasset" 9348
"../../../Engine/Content/EngineMaterials/Substrate/Glints2/dict_0006_0065.uasset" 9349
"../../../Engine/Content/EngineMaterials/Substrate/Glints2/dict_0006_0066.uasset" 9350
"../../../Engine/Content/EngineMaterials/Substrate/Glints2/dict_0006_0064.uasset" 9351
"../../../Engine/Content/EngineMaterials/Substrate/Glints2/dict_0006_0067.uasset" 9352
"../../../Engine/Content/EngineMaterials/Substrate/Glints2/dict_0006_0069.uasset" 9353
"/Engine/EngineMaterials/Substrate/Glints2/dict_0006_0060" 9354
"../../../Engine/Content/EngineMaterials/Substrate/Glints2/dict_0006_0068.uasset" 9355
"/Engine/EngineMaterials/Substrate/Glints2/dict_0006_0067" 9356
"/Engine/EngineMaterials/Substrate/Glints2/dict_0006_0059" 9357
"/Engine/EngineMaterials/Substrate/Glints2/dict_0006_0066" 9358
"../../../Engine/Content/EngineMaterials/Substrate/Glints2/dict_0006_0070.uasset" 9359
"/Engine/EngineMaterials/Substrate/Glints2/dict_0006_0065" 9360
"/Engine/EngineMaterials/Substrate/Glints2/dict_0006_0058" 9361
"../../../Engine/Content/EngineMaterials/Substrate/Glints2/dict_0006_0071.uasset" 9362
"/Engine/EngineMaterials/Substrate/Glints2/dict_0006_0064" 9363
"/Engine/EngineMaterials/Substrate/Glints2/dict_0006_0063" 9364
"../../../Engine/Content/EngineMaterials/Substrate/Glints2/dict_0006_0072.uasset" 9365
"/Engine/EngineMaterials/Substrate/Glints2/dict_0006_0062" 9366
"/Engine/EngineMaterials/Substrate/Glints2/dict_0006_0061" 9367
"/Engine/EngineMaterials/Substrate/Glints2/dict_0006_0072" 9368
"/Engine/EngineMaterials/Substrate/Glints2/dict_0006_0071" 9369
"/Engine/EngineMaterials/Substrate/Glints2/dict_0006_0070" 9370
"../../../Engine/Content/EngineMaterials/Substrate/Glints2/dict_0006_0074.uasset" 9371
"/Engine/EngineMaterials/Substrate/Glints2/dict_0006_0069" 9372
"../../../Engine/Content/EngineMaterials/Substrate/Glints2/dict_0006_0075.uasset" 9373
"/Engine/EngineMaterials/Substrate/Glints2/dict_0006_0068" 9374
"/Engine/EngineMaterials/Substrate/Glints2/dict_0006_0074" 9375
"/Engine/EngineMaterials/Substrate/Glints2/dict_0006_0075" 9376
"../../../Engine/Content/EngineMaterials/Substrate/Glints2/dict_0006_0073.uasset" 9377
"../../../Engine/Content/EngineMaterials/Substrate/Glints2/dict_0006_0078.uasset" 9378
"../../../Engine/Content/EngineMaterials/Substrate/Glints2/dict_0006_0077.uasset" 9379
"../../../Engine/Content/EngineMaterials/Substrate/Glints2/dict_0006_0080.uasset" 9380
"../../../Engine/Content/EngineMaterials/Substrate/Glints2/dict_0006_0082.uasset" 9381
"../../../Engine/Content/EngineMaterials/Substrate/Glints2/dict_0006_0079.uasset" 9382
"../../../Engine/Content/EngineMaterials/Substrate/Glints2/dict_0006_0083.uasset" 9383
"../../../Engine/Content/EngineMaterials/Substrate/Glints2/dict_0006_0076.uasset" 9384
"../../../Engine/Content/EngineMaterials/Substrate/Glints2/dict_0006_0084.uasset" 9385
"../../../Engine/Content/EngineMaterials/Substrate/Glints2/dict_0006_0081.uasset" 9386
"../../../Engine/Content/EngineMaterials/Substrate/Glints2/dict_0006_0085.uasset" 9387
"../../../Engine/Content/EngineMaterials/Substrate/Glints2/dict_0006_0086.uasset" 9388
"/Engine/EngineMaterials/Substrate/Glints2/dict_0006_0073" 9389
"/Engine/EngineMaterials/Substrate/Glints2/dict_0006_0082" 9390
"/Engine/EngineMaterials/Substrate/Glints2/dict_0006_0079" 9391
"/Engine/EngineMaterials/Substrate/Glints2/dict_0006_0081" 9392
"/Engine/EngineMaterials/Substrate/Glints2/dict_0006_0078" 9393
"/Engine/EngineMaterials/Substrate/Glints2/dict_0006_0084" 9394
"/Engine/EngineMaterials/Substrate/Glints2/dict_0006_0077" 9395
"/Engine/EngineMaterials/Substrate/Glints2/dict_0006_0083" 9396
"/Engine/EngineMaterials/Substrate/Glints2/dict_0006_0076" 9397
"../../../Engine/Content/EngineMaterials/Substrate/Glints2/dict_0006_0087.uasset" 9398
"/Engine/EngineMaterials/Substrate/Glints2/dict_0006_0080" 9399
"/Engine/EngineMaterials/Substrate/Glints2/dict_0006_0086" 9400
"/Engine/EngineMaterials/Substrate/Glints2/dict_0006_0085" 9401
"/Engine/EngineMaterials/Substrate/Glints2/dict_0006_0087" 9402
"../../../Engine/Content/EngineMaterials/Substrate/Glints2/dict_0006_0091.uasset" 9403
"/Engine/EngineMaterials/Substrate/Glints2/dict_0006_0091" 9404
"../../../Engine/Content/EngineMaterials/Substrate/Glints2/dict_0006_0088.uasset" 9405
"../../../Engine/Content/EngineMaterials/Substrate/Glints2/dict_0006_0089.uasset" 9406
"/Engine/EngineMaterials/Substrate/Glints2/dict_0006_0088" 9407
"../../../Engine/Content/EngineMaterials/Substrate/Glints2/dict_0006_0090.uasset" 9408
"/Engine/EngineMaterials/Substrate/Glints2/dict_0006_0090" 9409
"../../../Engine/Content/EngineMaterials/Substrate/Glints2/dict_0006_0092.uasset" 9410
"/Engine/EngineMaterials/Substrate/Glints2/dict_0006_0089" 9411
"../../../Engine/Content/EngineMaterials/Substrate/Glints2/dict_0006_0093.uasset" 9412
"/Engine/EngineMaterials/Substrate/Glints2/dict_0006_0093" 9413
"../../../Engine/Content/EngineMaterials/Substrate/Glints2/dict_0006_0094.uasset" 9414
"/Engine/EngineMaterials/Substrate/Glints2/dict_0006_0092" 9415
"/Engine/EngineMaterials/Substrate/Glints2/dict_0006_0094" 9416
"../../../Engine/Content/EngineMaterials/Substrate/Glints2/dict_0005_0181.uasset" 9417
"../../../Engine/Content/EngineMaterials/Substrate/Glints2/dict_0006_0095.uasset" 9418
"../../../Engine/Content/EngineMaterials/Substrate/Glints2/dict_0006_0098.uasset" 9419
"../../../Engine/Content/EngineMaterials/Substrate/Glints2/dict_0006_0096.uasset" 9420
"../../../Engine/Content/EngineMaterials/Substrate/Glints2/dict_0006_0099.uasset" 9421
"../../../Engine/Content/EngineMaterials/Substrate/Glints2/dict_0006_0097.uasset" 9422
"../../../Engine/Content/EngineMaterials/Substrate/Glints2/dict_0006_0101.uasset" 9423
"../../../Engine/Content/EngineMaterials/Substrate/Glints2/dict_0006_0102.uasset" 9424
"../../../Engine/Content/EngineMaterials/Substrate/Glints2/dict_0006_0100.uasset" 9425
"/Engine/EngineMaterials/Substrate/Glints2/dict_0006_0101" 9426
"/Engine/EngineMaterials/Substrate/Glints2/dict_0006_0099" 9427
"/Engine/EngineMaterials/Substrate/Glints2/dict_0006_0098" 9428
"../../../Engine/Content/EngineMaterials/Substrate/Glints2/dict_0006_0104.uasset" 9429
"../../../Engine/Content/EngineMaterials/Substrate/Glints2/dict_0006_0106.uasset" 9430
"/Engine/EngineMaterials/Substrate/Glints2/dict_0006_0097" 9431
"../../../Engine/Content/EngineMaterials/Substrate/Glints2/dict_0006_0105.uasset" 9432
"/Engine/EngineMaterials/Substrate/Glints2/dict_0006_0096" 9433
"../../../Engine/Content/EngineMaterials/Substrate/Glints2/dict_0006_0108.uasset" 9434
"/Engine/EngineMaterials/Substrate/Glints2/dict_0006_0095" 9435
"../../../Engine/Content/EngineMaterials/Substrate/Glints2/dict_0006_0109.uasset" 9436
"/Engine/EngineMaterials/Substrate/Glints2/dict_0005_0181" 9437
"../../../Engine/Content/EngineMaterials/Substrate/Glints2/dict_0006_0110.uasset" 9438
"/Engine/EngineMaterials/Substrate/Glints2/dict_0006_0100" 9439
"../../../Engine/Content/EngineMaterials/Substrate/Glints2/dict_0006_0111.uasset" 9440
"/Engine/EngineMaterials/Substrate/Glints2/dict_0006_0102" 9441
"/Engine/EngineMaterials/Substrate/Glints2/dict_0006_0111" 9442
"/Engine/EngineMaterials/Substrate/Glints2/dict_0006_0110" 9443
"/Engine/EngineMaterials/Substrate/Glints2/dict_0006_0109" 9444
"/Engine/EngineMaterials/Substrate/Glints2/dict_0006_0108" 9445
"/Engine/EngineMaterials/Substrate/Glints2/dict_0006_0106" 9446
"/Engine/EngineMaterials/Substrate/Glints2/dict_0006_0105" 9447
"/Engine/EngineMaterials/Substrate/Glints2/dict_0006_0104" 9448
"../../../Engine/Content/EngineMaterials/Substrate/Glints2/dict_0006_0107.uasset" 9449
"/Engine/EngineMaterials/Substrate/Glints2/dict_0006_0107" 9450
"../../../Engine/Content/EngineMaterials/Substrate/Glints2/dict_0006_0112.uasset" 9451
"../../../Engine/Content/EngineMaterials/Substrate/Glints2/dict_0006_0114.uasset" 9452
"../../../Engine/Content/EngineMaterials/Substrate/Glints2/dict_0006_0113.uasset" 9453
"../../../Engine/Content/EngineMaterials/Substrate/Glints2/dict_0006_0116.uasset" 9454
"../../../Engine/Content/EngineMaterials/Substrate/Glints2/dict_0006_0117.uasset" 9455
"../../../Engine/Content/EngineMaterials/Substrate/Glints2/dict_0006_0118.uasset" 9456
"../../../Engine/Content/EngineMaterials/Substrate/Glints2/dict_0006_0119.uasset" 9457
"../../../Engine/Content/EngineMaterials/Substrate/Glints2/dict_0006_0115.uasset" 9458
"../../../Engine/Content/EngineMaterials/Substrate/Glints2/dict_0006_0121.uasset" 9459
"../../../Engine/Content/EngineMaterials/Substrate/Glints2/dict_0005_0090.uasset" 9460
"../../../Engine/Content/EngineMaterials/Substrate/Glints2/dict_0006_0120.uasset" 9461
"../../../Engine/Content/EngineMaterials/Substrate/Glints2/dict_0006_0122.uasset" 9462
"../../../Engine/Content/EngineMaterials/Substrate/Glints2/dict_0006_0123.uasset" 9463
"/Engine/EngineMaterials/Substrate/Glints2/dict_0006_0113" 9464
"../../../Engine/Content/EngineMaterials/Substrate/Glints2/dict_0006_0124.uasset" 9465
"../../../Engine/Content/EngineMaterials/Substrate/Glints2/dict_0006_0125.uasset" 9466
"/Engine/EngineMaterials/Substrate/Glints2/dict_0006_0112" 9467
"/Engine/EngineMaterials/Substrate/Glints2/dict_0006_0121" 9468
"/Engine/EngineMaterials/Substrate/Glints2/dict_0006_0120" 9469
"/Engine/EngineMaterials/Substrate/Glints2/dict_0006_0119" 9470
"/Engine/EngineMaterials/Substrate/Glints2/dict_0006_0115" 9471
"/Engine/EngineMaterials/Substrate/Glints2/dict_0006_0118" 9472
"/Engine/EngineMaterials/Substrate/Glints2/dict_0006_0117" 9473
"/Engine/EngineMaterials/Substrate/Glints2/dict_0005_0090" 9474
"/Engine/EngineMaterials/Substrate/Glints2/dict_0006_0116" 9475
"/Engine/EngineMaterials/Substrate/Glints2/dict_0006_0114" 9476
"../../../Engine/Content/EngineMaterials/Substrate/Glints2/dict_0006_0130.uasset" 9477
"../../../Engine/Content/EngineMaterials/Substrate/Glints2/dict_0006_0126.uasset" 9478
"/Engine/EngineMaterials/Substrate/Glints2/dict_0006_0123" 9479
"../../../Engine/Content/EngineMaterials/Substrate/Glints2/dict_0006_0127.uasset" 9480
"../../../Engine/Content/EngineMaterials/Substrate/Glints2/dict_0006_0132.uasset" 9481
"../../../Engine/Content/EngineMaterials/Substrate/Glints2/dict_0006_0131.uasset" 9482
"../../../Engine/Content/EngineMaterials/Substrate/Glints2/dict_0006_0128.uasset" 9483
"/Engine/EngineMaterials/Substrate/Glints2/dict_0006_0122" 9484
"/Engine/EngineMaterials/Substrate/Glints2/dict_0006_0130" 9485
"/Engine/EngineMaterials/Substrate/Glints2/dict_0006_0128" 9486
"/Engine/EngineMaterials/Substrate/Glints2/dict_0006_0127" 9487
"/Engine/EngineMaterials/Substrate/Glints2/dict_0006_0126" 9488
"/Engine/EngineMaterials/Substrate/Glints2/dict_0006_0125" 9489
"../../../Engine/Content/EngineMaterials/Substrate/Glints2/dict_0006_0133.uasset" 9490
"/Engine/EngineMaterials/Substrate/Glints2/dict_0006_0132" 9491
"/Engine/EngineMaterials/Substrate/Glints2/dict_0006_0124" 9492
"/Engine/EngineMaterials/Substrate/Glints2/dict_0006_0131" 9493
"/Engine/EngineMaterials/Substrate/Glints2/dict_0006_0133" 9494
"../../../Engine/Content/EngineMaterials/Substrate/Glints2/dict_0006_0134.uasset" 9495
"../../../Engine/Content/EngineMaterials/Substrate/Glints2/dict_0004_0219.uasset" 9496
"../../../Engine/Content/EngineMaterials/Substrate/Glints2/dict_0006_0137.uasset" 9497
"../../../Engine/Content/EngineMaterials/Substrate/Glints2/dict_0006_0135.uasset" 9498
"../../../Engine/Content/EngineMaterials/Substrate/Glints2/dict_0006_0138.uasset" 9499
"../../../Engine/Content/EngineMaterials/Substrate/Glints2/dict_0006_0136.uasset" 9500
"../../../Engine/Content/EngineMaterials/Substrate/Glints2/dict_0006_0139.uasset" 9501
"../../../Engine/Content/EngineMaterials/Substrate/Glints2/dict_0006_0140.uasset" 9502
"../../../Engine/Content/EngineMaterials/Substrate/Glints2/dict_0006_0141.uasset" 9503
"../../../Engine/Content/EngineMaterials/Substrate/Glints2/dict_0006_0143.uasset" 9504
"../../../Engine/Content/EngineMaterials/Substrate/Glints2/dict_0006_0145.uasset" 9505
"/Engine/EngineMaterials/Substrate/Glints2/dict_0006_0137" 9506
"/Engine/EngineMaterials/Substrate/Glints2/dict_0006_0136" 9507
"../../../Engine/Content/EngineMaterials/Substrate/Glints2/dict_0006_0147.uasset" 9508
"/Engine/EngineMaterials/Substrate/Glints2/dict_0006_0135" 9509
"../../../Engine/Content/EngineMaterials/Substrate/Glints2/dict_0006_0148.uasset" 9510
"/Engine/EngineMaterials/Substrate/Glints2/dict_0006_0145" 9511
"/Engine/EngineMaterials/Substrate/Glints2/dict_0006_0134" 9512
"/Engine/EngineMaterials/Substrate/Glints2/dict_0006_0138" 9513
"/Engine/EngineMaterials/Substrate/Glints2/dict_0004_0219" 9514
"/Engine/EngineMaterials/Substrate/Glints2/dict_0006_0143" 9515
"/Engine/EngineMaterials/Substrate/Glints2/dict_0006_0141" 9516
"/Engine/EngineMaterials/Substrate/Glints2/dict_0006_0140" 9517
"/Engine/EngineMaterials/Substrate/Glints2/dict_0006_0139" 9518
"/Engine/EngineMaterials/Substrate/Glints2/dict_0006_0148" 9519
"/Engine/EngineMaterials/Substrate/Glints2/dict_0006_0147" 9520
"../../../Engine/Content/EngineMaterials/Substrate/Glints2/dict_0006_0146.uasset" 9521
"../../../Engine/Content/EngineMaterials/Substrate/Glints2/dict_0006_0144.uasset" 9522
"../../../Engine/Content/EngineMaterials/Substrate/Glints2/dict_0006_0149.uasset" 9523
"../../../Engine/Content/EngineMaterials/Substrate/Glints2/dict_0006_0150.uasset" 9524
"../../../Engine/Content/EngineMaterials/Substrate/Glints2/dict_0006_0151.uasset" 9525
"../../../Engine/Content/EngineMaterials/Substrate/Glints2/dict_0006_0153.uasset" 9526
"../../../Engine/Content/EngineMaterials/Substrate/Glints2/dict_0006_0152.uasset" 9527
"../../../Engine/Content/EngineMaterials/Substrate/Glints2/dict_0005_0244.uasset" 9528
"../../../Engine/Content/EngineMaterials/Substrate/Glints2/dict_0006_0155.uasset" 9529
"../../../Engine/Content/EngineMaterials/Substrate/Glints2/dict_0006_0154.uasset" 9530
"../../../Engine/Content/EngineMaterials/Substrate/Glints2/dict_0006_0158.uasset" 9531
"../../../Engine/Content/EngineMaterials/Substrate/Glints2/dict_0006_0157.uasset" 9532
"../../../Engine/Content/EngineMaterials/Substrate/Glints2/dict_0006_0156.uasset" 9533
"../../../Engine/Content/EngineMaterials/Substrate/Glints2/dict_0006_0160.uasset" 9534
"../../../Engine/Content/EngineMaterials/Substrate/Glints2/dict_0006_0159.uasset" 9535
"/Engine/EngineMaterials/Substrate/Glints2/dict_0006_0151" 9536
"/Engine/EngineMaterials/Substrate/Glints2/dict_0006_0150" 9537
"/Engine/EngineMaterials/Substrate/Glints2/dict_0006_0158" 9538
"/Engine/EngineMaterials/Substrate/Glints2/dict_0006_0157" 9539
"/Engine/EngineMaterials/Substrate/Glints2/dict_0006_0156" 9540
"/Engine/EngineMaterials/Substrate/Glints2/dict_0006_0155" 9541
"/Engine/EngineMaterials/Substrate/Glints2/dict_0006_0149" 9542
"/Engine/EngineMaterials/Substrate/Glints2/dict_0006_0146" 9543
"/Engine/EngineMaterials/Substrate/Glints2/dict_0006_0144" 9544
"/Engine/EngineMaterials/Substrate/Glints2/dict_0006_0160" 9545
"/Engine/EngineMaterials/Substrate/Glints2/dict_0006_0154" 9546
"/Engine/EngineMaterials/Substrate/Glints2/dict_0006_0153" 9547
"../../../Engine/Content/EngineMaterials/Substrate/Glints2/dict_0006_0164.uasset" 9548
"/Engine/EngineMaterials/Substrate/Glints2/dict_0006_0152" 9549
"/Engine/EngineMaterials/Substrate/Glints2/dict_0005_0244" 9550
"../../../Engine/Content/EngineMaterials/Substrate/Glints2/dict_0006_0165.uasset" 9551
"../../../Engine/Content/EngineMaterials/Substrate/Glints2/dict_0006_0166.uasset" 9552
"/Engine/EngineMaterials/Substrate/Glints2/dict_0006_0159" 9553
"/Engine/EngineMaterials/Substrate/Glints2/dict_0006_0165" 9554
"../../../Engine/Content/EngineMaterials/Substrate/Glints2/dict_0006_0167.uasset" 9555
"/Engine/EngineMaterials/Substrate/Glints2/dict_0006_0164" 9556
"/Engine/EngineMaterials/Substrate/Glints2/dict_0006_0167" 9557
"/Engine/EngineMaterials/Substrate/Glints2/dict_0006_0166" 9558
"../../../Engine/Content/EngineMaterials/Substrate/Glints2/dict_0006_0168.uasset" 9559
"/Engine/EngineMaterials/Substrate/Glints2/dict_0006_0168" 9560
"../../../Engine/Content/EngineMaterials/Substrate/Glints2/dict_0006_0163.uasset" 9561
"../../../Engine/Content/EngineMaterials/Substrate/Glints2/dict_0006_0162.uasset" 9562
"../../../Engine/Content/EngineMaterials/Substrate/Glints2/dict_0006_0169.uasset" 9563
"../../../Engine/Content/EngineMaterials/Substrate/Glints2/dict_0006_0170.uasset" 9564
"../../../Engine/Content/EngineMaterials/Substrate/Glints2/dict_0006_0172.uasset" 9565
"../../../Engine/Content/EngineMaterials/Substrate/Glints2/dict_0006_0171.uasset" 9566
"../../../Engine/Content/EngineMaterials/Substrate/Glints2/dict_0006_0173.uasset" 9567
"../../../Engine/Content/EngineMaterials/Substrate/Glints2/dict_0006_0175.uasset" 9568
"../../../Engine/Content/EngineMaterials/Substrate/Glints2/dict_0006_0174.uasset" 9569
"/Engine/EngineMaterials/Substrate/Glints2/dict_0006_0171" 9570
"../../../Engine/Content/EngineMaterials/Substrate/Glints2/dict_0006_0176.uasset" 9571
"/Engine/EngineMaterials/Substrate/Glints2/dict_0006_0170" 9572
"/Engine/EngineMaterials/Substrate/Glints2/dict_0006_0169" 9573
"/Engine/EngineMaterials/Substrate/Glints2/dict_0006_0173" 9574
"../../../Engine/Content/EngineMaterials/Substrate/Glints2/dict_0006_0177.uasset" 9575
"/Engine/EngineMaterials/Substrate/Glints2/dict_0006_0172" 9576
"../../../Engine/Content/EngineMaterials/Substrate/Glints2/dict_0006_0178.uasset" 9577
"/Engine/EngineMaterials/Substrate/Glints2/dict_0006_0175" 9578
"/Engine/EngineMaterials/Substrate/Glints2/dict_0006_0163" 9579
"/Engine/EngineMaterials/Substrate/Glints2/dict_0006_0162" 9580
"/Engine/EngineMaterials/Substrate/Glints2/dict_0006_0174" 9581
"/Engine/EngineMaterials/Substrate/Glints2/dict_0006_0178" 9582
"../../../Engine/Content/EngineMaterials/Substrate/Glints2/dict_0006_0180.uasset" 9583
"/Engine/EngineMaterials/Substrate/Glints2/dict_0006_0177" 9584
"../../../Engine/Content/EngineMaterials/Substrate/Glints2/dict_0006_0179.uasset" 9585
"/Engine/EngineMaterials/Substrate/Glints2/dict_0006_0176" 9586
"/Engine/EngineMaterials/Substrate/Glints2/dict_0006_0180" 9587
"/Engine/EngineMaterials/Substrate/Glints2/dict_0006_0179" 9588
"../../../Engine/Content/EngineMaterials/Substrate/Glints2/dict_0006_0181.uasset" 9589
"../../../Engine/Content/EngineMaterials/Substrate/Glints2/dict_0006_0182.uasset" 9590
"../../../Engine/Content/EngineMaterials/Substrate/Glints2/dict_0006_0183.uasset" 9591
"../../../Engine/Content/EngineMaterials/Substrate/Glints2/dict_0006_0184.uasset" 9592
"../../../Engine/Content/EngineMaterials/Substrate/Glints2/dict_0006_0185.uasset" 9593
"../../../Engine/Content/EngineMaterials/Substrate/Glints2/dict_0006_0187.uasset" 9594
"../../../Engine/Content/EngineMaterials/Substrate/Glints2/dict_0006_0189.uasset" 9595
"../../../Engine/Content/EngineMaterials/Substrate/Glints2/dict_0006_0186.uasset" 9596
"../../../Engine/Content/EngineMaterials/Substrate/Glints2/dict_0006_0190.uasset" 9597
"../../../Engine/Content/EngineMaterials/Substrate/Glints2/dict_0006_0188.uasset" 9598
"../../../Engine/Content/EngineMaterials/Substrate/Glints2/dict_0006_0191.uasset" 9599
"../../../Engine/Content/EngineMaterials/Substrate/Glints2/dict_0006_0192.uasset" 9600
"/Engine/EngineMaterials/Substrate/Glints2/dict_0006_0190" 9601
"/Engine/EngineMaterials/Substrate/Glints2/dict_0006_0187" 9602
"/Engine/EngineMaterials/Substrate/Glints2/dict_0006_0186" 9603
"/Engine/EngineMaterials/Substrate/Glints2/dict_0006_0185" 9604
"/Engine/EngineMaterials/Substrate/Glints2/dict_0006_0184" 9605
"/Engine/EngineMaterials/Substrate/Glints2/dict_0006_0183" 9606
"/Engine/EngineMaterials/Substrate/Glints2/dict_0006_0182" 9607
"/Engine/EngineMaterials/Substrate/Glints2/dict_0006_0181" 9608
"/Engine/EngineMaterials/Substrate/Glints2/dict_0006_0192" 9609
"../../../Engine/Content/EngineMaterials/Substrate/Glints2/dict_0006_0194.uasset" 9610
"/Engine/EngineMaterials/Substrate/Glints2/dict_0006_0191" 9611
"/Engine/EngineMaterials/Substrate/Glints2/dict_0006_0189" 9612
"../../../Engine/Content/EngineMaterials/Substrate/Glints2/dict_0006_0193.uasset" 9613
"/Engine/EngineMaterials/Substrate/Glints2/dict_0006_0188" 9614
"../../../Engine/Content/EngineMaterials/Substrate/Glints2/dict_0006_0195.uasset" 9615
"/Engine/EngineMaterials/Substrate/Glints2/dict_0006_0193" 9616
"/Engine/EngineMaterials/Substrate/Glints2/dict_0006_0195" 9617
"/Engine/EngineMaterials/Substrate/Glints2/dict_0006_0194" 9618
"../../../Engine/Content/EngineMaterials/Substrate/Glints2/dict_0006_0198.uasset" 9619
"../../../Engine/Content/EngineMaterials/Substrate/Glints2/dict_0006_0196.uasset" 9620
"../../../Engine/Content/EngineMaterials/Substrate/Glints2/dict_0006_0199.uasset" 9621
"../../../Engine/Content/EngineMaterials/Substrate/Glints2/dict_0006_0197.uasset" 9622
"../../../Engine/Content/EngineMaterials/Substrate/Glints2/dict_0006_0202.uasset" 9623
"../../../Engine/Content/EngineMaterials/Substrate/Glints2/dict_0006_0201.uasset" 9624
"../../../Engine/Content/EngineMaterials/Substrate/Glints2/dict_0006_0203.uasset" 9625
"../../../Engine/Content/EngineMaterials/Substrate/Glints2/dict_0006_0204.uasset" 9626
"../../../Engine/Content/EngineMaterials/Substrate/Glints2/dict_0006_0205.uasset" 9627
"../../../Engine/Content/EngineMaterials/Substrate/Glints2/dict_0006_0206.uasset" 9628
"../../../Engine/Content/EngineMaterials/Substrate/Glints2/dict_0006_0200.uasset" 9629
"/Engine/EngineMaterials/Substrate/Glints2/dict_0006_0202" 9630
"/Engine/EngineMaterials/Substrate/Glints2/dict_0006_0201" 9631
"/Engine/EngineMaterials/Substrate/Glints2/dict_0006_0200" 9632
"/Engine/EngineMaterials/Substrate/Glints2/dict_0006_0199" 9633
"/Engine/EngineMaterials/Substrate/Glints2/dict_0006_0198" 9634
"/Engine/EngineMaterials/Substrate/Glints2/dict_0006_0206" 9635
"/Engine/EngineMaterials/Substrate/Glints2/dict_0006_0205" 9636
"/Engine/EngineMaterials/Substrate/Glints2/dict_0006_0204" 9637
"/Engine/EngineMaterials/Substrate/Glints2/dict_0006_0203" 9638
"/Engine/EngineMaterials/Substrate/Glints2/dict_0006_0197" 9639
"/Engine/EngineMaterials/Substrate/Glints2/dict_0006_0196" 9640
"../../../Engine/Content/EngineMaterials/Substrate/Glints2/dict_0006_0207.uasset" 9641
"../../../Engine/Content/EngineMaterials/Substrate/Glints2/dict_0006_0211.uasset" 9642
"../../../Engine/Content/EngineMaterials/Substrate/Glints2/dict_0006_0208.uasset" 9643
"../../../Engine/Content/EngineMaterials/Substrate/Glints2/dict_0006_0213.uasset" 9644
"../../../Engine/Content/EngineMaterials/Substrate/Glints2/dict_0006_0212.uasset" 9645
"../../../Engine/Content/EngineMaterials/Substrate/Glints2/dict_0006_0210.uasset" 9646
"../../../Engine/Content/EngineMaterials/Substrate/Glints2/dict_0006_0209.uasset" 9647
"../../../Engine/Content/EngineMaterials/Substrate/Glints2/dict_0006_0129.uasset" 9648
"../../../Engine/Content/EngineMaterials/Substrate/Glints2/dict_0006_0217.uasset" 9649
"../../../Engine/Content/EngineMaterials/Substrate/Glints2/dict_0006_0214.uasset" 9650
"../../../Engine/Content/EngineMaterials/Substrate/Glints2/dict_0006_0103.uasset" 9651
"../../../Engine/Content/EngineMaterials/Substrate/Glints2/dict_0006_0215.uasset" 9652
"../../../Engine/Content/EngineMaterials/Substrate/Glints2/dict_0006_0216.uasset" 9653
"../../../Engine/Content/EngineMaterials/Substrate/Glints2/dict_0006_0218.uasset" 9654
"../../../Engine/Content/EngineMaterials/Substrate/Glints2/dict_0006_0220.uasset" 9655
"../../../Engine/Content/EngineMaterials/Substrate/Glints2/dict_0006_0219.uasset" 9656
"/Engine/EngineMaterials/Substrate/Glints2/dict_0006_0219" 9657
"../../../Engine/Content/EngineMaterials/Substrate/Glints2/dict_0006_0048.uasset" 9658
"/Engine/EngineMaterials/Substrate/Glints2/dict_0006_0218" 9659
"/Engine/EngineMaterials/Substrate/Glints2/dict_0006_0217" 9660
"/Engine/EngineMaterials/Substrate/Glints2/dict_0006_0129" 9661
"/Engine/EngineMaterials/Substrate/Glints2/dict_0006_0216" 9662
"/Engine/EngineMaterials/Substrate/Glints2/dict_0006_0215" 9663
"/Engine/EngineMaterials/Substrate/Glints2/dict_0006_0214" 9664
"/Engine/EngineMaterials/Substrate/Glints2/dict_0006_0213" 9665
"/Engine/EngineMaterials/Substrate/Glints2/dict_0006_0212" 9666
"/Engine/EngineMaterials/Substrate/Glints2/dict_0006_0207" 9667
"/Engine/EngineMaterials/Substrate/Glints2/dict_0006_0211" 9668
"/Engine/EngineMaterials/Substrate/Glints2/dict_0006_0210" 9669
"/Engine/EngineMaterials/Substrate/Glints2/dict_0006_0209" 9670
"../../../Engine/Content/EngineMaterials/Substrate/Glints2/dict_0006_0224.uasset" 9671
"/Engine/EngineMaterials/Substrate/Glints2/dict_0006_0208" 9672
"../../../Engine/Content/EngineMaterials/Substrate/Glints2/dict_0006_0229.uasset" 9673
"/Engine/EngineMaterials/Substrate/Glints2/dict_0006_0103" 9674
"../../../Engine/Content/EngineMaterials/Substrate/Glints2/dict_0006_0226.uasset" 9675
"../../../Engine/Content/EngineMaterials/Substrate/Glints2/dict_0006_0223.uasset" 9676
"../../../Engine/Content/EngineMaterials/Substrate/Glints2/dict_0006_0228.uasset" 9677
"/Engine/EngineMaterials/Substrate/Glints2/dict_0006_0220" 9678
"/Engine/EngineMaterials/Substrate/Glints2/dict_0006_0229" 9679
"../../../Engine/Content/EngineMaterials/Substrate/Glints2/dict_0006_0227.uasset" 9680
"/Engine/EngineMaterials/Substrate/Glints2/dict_0006_0228" 9681
"../../../Engine/Content/EngineMaterials/Substrate/Glints2/dict_0006_0230.uasset" 9682
"/Engine/EngineMaterials/Substrate/Glints2/dict_0006_0226" 9683
"/Engine/EngineMaterials/Substrate/Glints2/dict_0006_0048" 9684
"/Engine/EngineMaterials/Substrate/Glints2/dict_0006_0224" 9685
"/Engine/EngineMaterials/Substrate/Glints2/dict_0006_0223" 9686
"/Engine/EngineMaterials/Substrate/Glints2/dict_0006_0230" 9687
"/Engine/EngineMaterials/Substrate/Glints2/dict_0006_0227" 9688
"../../../Engine/Content/EngineMaterials/Substrate/Glints2/dict_0006_0232.uasset" 9689
"../../../Engine/Content/EngineMaterials/Substrate/Glints2/dict_0006_0222.uasset" 9690
"../../../Engine/Content/EngineMaterials/Substrate/Glints2/dict_0006_0233.uasset" 9691
"../../../Engine/Content/EngineMaterials/Substrate/Glints2/dict_0006_0142.uasset" 9692
"../../../Engine/Content/EngineMaterials/Substrate/Glints2/dict_0006_0235.uasset" 9693
"../../../Engine/Content/EngineMaterials/Substrate/Glints2/dict_0006_0234.uasset" 9694
"../../../Engine/Content/EngineMaterials/Substrate/Glints2/dict_0006_0236.uasset" 9695
"../../../Engine/Content/EngineMaterials/Substrate/Glints2/dict_0006_0237.uasset" 9696
"../../../Engine/Content/EngineMaterials/Substrate/Glints2/dict_0006_0161.uasset" 9697
"../../../Engine/Content/EngineMaterials/Substrate/Glints2/dict_0006_0238.uasset" 9698
"../../../Engine/Content/EngineMaterials/Substrate/Glints2/dict_0006_0240.uasset" 9699
"/Engine/EngineMaterials/Substrate/Glints2/dict_0006_0233" 9700
"../../../Engine/Content/EngineMaterials/Substrate/Glints2/dict_0006_0243.uasset" 9701
"/Engine/EngineMaterials/Substrate/Glints2/dict_0006_0232" 9702
"../../../Engine/Content/EngineMaterials/Substrate/Glints2/dict_0006_0242.uasset" 9703
"../../../Engine/Content/EngineMaterials/Substrate/Glints2/dict_0006_0245.uasset" 9704
"/Engine/EngineMaterials/Substrate/Glints2/dict_0006_0240" 9705
"../../../Engine/Content/EngineMaterials/Substrate/Glints2/dict_0006_0244.uasset" 9706
"/Engine/EngineMaterials/Substrate/Glints2/dict_0006_0222" 9707
"/Engine/EngineMaterials/Substrate/Glints2/dict_0006_0238" 9708
"/Engine/EngineMaterials/Substrate/Glints2/dict_0006_0237" 9709
"/Engine/EngineMaterials/Substrate/Glints2/dict_0006_0236" 9710
"/Engine/EngineMaterials/Substrate/Glints2/dict_0006_0142" 9711
"/Engine/EngineMaterials/Substrate/Glints2/dict_0006_0235" 9712
"/Engine/EngineMaterials/Substrate/Glints2/dict_0006_0234" 9713
"/Engine/EngineMaterials/Substrate/Glints2/dict_0006_0161" 9714
"/Engine/EngineMaterials/Substrate/Glints2/dict_0006_0245" 9715
"../../../Engine/Content/EngineMaterials/Substrate/Glints2/dict_0006_0225.uasset" 9716
"/Engine/EngineMaterials/Substrate/Glints2/dict_0006_0244" 9717
"/Engine/EngineMaterials/Substrate/Glints2/dict_0006_0243" 9718
"../../../Engine/Content/EngineMaterials/Substrate/Glints2/dict_0006_0231.uasset" 9719
"/Engine/EngineMaterials/Substrate/Glints2/dict_0006_0242" 9720
"../../../Engine/Content/EngineMaterials/Substrate/Glints2/dict_0006_0247.uasset" 9721
"/Engine/EngineMaterials/Substrate/Glints2/dict_0006_0247" 9722
"/Engine/EngineMaterials/Substrate/Glints2/dict_0006_0231" 9723
"../../../Engine/Content/EngineMaterials/Substrate/Glints2/dict_0006_0248.uasset" 9724
"/Engine/EngineMaterials/Substrate/Glints2/dict_0006_0225" 9725
"/Engine/EngineMaterials/Substrate/Glints2/dict_0006_0248" 9726
"../../../Engine/Content/EngineMaterials/Substrate/Glints2/dict_0006_0249.uasset" 9727
"../../../Engine/Content/EngineMaterials/Substrate/Glints2/dict_0006_0251.uasset" 9728
"../../../Engine/Content/EngineMaterials/Substrate/Glints2/dict_0006_0250.uasset" 9729
"../../../Engine/Content/EngineMaterials/Substrate/Glints2/dict_0006_0252.uasset" 9730
"../../../Engine/Content/EngineMaterials/Substrate/Glints2/dict_0006_0239.uasset" 9731
"../../../Engine/Content/EngineMaterials/Substrate/Glints2/dict_0006_0255.uasset" 9732
"../../../Engine/Content/EngineMaterials/Substrate/Glints2/dict_0007_0000.uasset" 9733
"../../../Engine/Content/EngineMaterials/Substrate/Glints2/dict_0007_0002.uasset" 9734
"../../../Engine/Content/EngineMaterials/Substrate/Glints2/dict_0007_0001.uasset" 9735
"../../../Engine/Content/EngineMaterials/Substrate/Glints2/dict_0007_0004.uasset" 9736
"../../../Engine/Content/EngineMaterials/Substrate/Glints2/dict_0007_0003.uasset" 9737
"/Engine/EngineMaterials/Substrate/Glints2/dict_0006_0249" 9738
"/Engine/EngineMaterials/Substrate/Glints2/dict_0007_0001" 9739
"/Engine/EngineMaterials/Substrate/Glints2/dict_0006_0255" 9740
"/Engine/EngineMaterials/Substrate/Glints2/dict_0006_0239" 9741
"/Engine/EngineMaterials/Substrate/Glints2/dict_0007_0000" 9742
"../../../Engine/Content/EngineMaterials/Substrate/Glints2/dict_0007_0006.uasset" 9743
"/Engine/EngineMaterials/Substrate/Glints2/dict_0006_0252" 9744
"/Engine/EngineMaterials/Substrate/Glints2/dict_0006_0251" 9745
"../../../Engine/Content/EngineMaterials/Substrate/Glints2/dict_0007_0005.uasset" 9746
"../../../Engine/Content/EngineMaterials/Substrate/Glints2/dict_0007_0007.uasset" 9747
"/Engine/EngineMaterials/Substrate/Glints2/dict_0006_0250" 9748
"../../../Engine/Content/EngineMaterials/Substrate/Glints2/dict_0007_0008.uasset" 9749
"/Engine/EngineMaterials/Substrate/Glints2/dict_0007_0004" 9750
"../../../Engine/Content/EngineMaterials/Substrate/Glints2/dict_0006_0253.uasset" 9751
"/Engine/EngineMaterials/Substrate/Glints2/dict_0007_0003" 9752
"/Engine/EngineMaterials/Substrate/Glints2/dict_0007_0002" 9753
"/Engine/EngineMaterials/Substrate/Glints2/dict_0007_0008" 9754
"../../../Engine/Content/EngineMaterials/Substrate/Glints2/dict_0007_0009.uasset" 9755
"/Engine/EngineMaterials/Substrate/Glints2/dict_0007_0007" 9756
"../../../Engine/Content/EngineMaterials/Substrate/Glints2/dict_0006_0241.uasset" 9757
"../../../Engine/Content/EngineMaterials/Substrate/Glints2/dict_0007_0010.uasset" 9758
"/Engine/EngineMaterials/Substrate/Glints2/dict_0006_0253" 9759
"/Engine/EngineMaterials/Substrate/Glints2/dict_0007_0006" 9760
"/Engine/EngineMaterials/Substrate/Glints2/dict_0006_0241" 9761
"/Engine/EngineMaterials/Substrate/Glints2/dict_0007_0010" 9762
"../../../Engine/Content/EngineMaterials/Substrate/Glints2/dict_0007_0011.uasset" 9763
"/Engine/EngineMaterials/Substrate/Glints2/dict_0007_0009" 9764
"/Engine/EngineMaterials/Substrate/Glints2/dict_0007_0005" 9765
"/Engine/EngineMaterials/Substrate/Glints2/dict_0007_0011" 9766
"../../../Engine/Content/EngineMaterials/Substrate/Glints2/dict_0007_0012.uasset" 9767
"../../../Engine/Content/EngineMaterials/Substrate/Glints2/dict_0007_0014.uasset" 9768
"../../../Engine/Content/EngineMaterials/Substrate/Glints2/dict_0007_0015.uasset" 9769
"../../../Engine/Content/EngineMaterials/Substrate/Glints2/dict_0007_0017.uasset" 9770
"../../../Engine/Content/EngineMaterials/Substrate/Glints2/dict_0007_0019.uasset" 9771
"../../../Engine/Content/EngineMaterials/Substrate/Glints2/dict_0007_0018.uasset" 9772
"../../../Engine/Content/EngineMaterials/Substrate/Glints2/dict_0007_0013.uasset" 9773
"../../../Engine/Content/EngineMaterials/Substrate/Glints2/dict_0007_0021.uasset" 9774
"../../../Engine/Content/EngineMaterials/Substrate/Glints2/dict_0006_0246.uasset" 9775
"../../../Engine/Content/EngineMaterials/Substrate/Glints2/dict_0007_0024.uasset" 9776
"../../../Engine/Content/EngineMaterials/Substrate/Glints2/dict_0007_0023.uasset" 9777
"../../../Engine/Content/EngineMaterials/Substrate/Glints2/dict_0007_0022.uasset" 9778
"../../../Engine/Content/EngineMaterials/Substrate/Glints2/dict_0007_0020.uasset" 9779
"/Engine/EngineMaterials/Substrate/Glints2/dict_0007_0020" 9780
"/Engine/EngineMaterials/Substrate/Glints2/dict_0007_0019" 9781
"../../../Engine/Content/EngineMaterials/Substrate/Glints2/dict_0007_0025.uasset" 9782
"/Engine/EngineMaterials/Substrate/Glints2/dict_0006_0246" 9783
"/Engine/EngineMaterials/Substrate/Glints2/dict_0007_0015" 9784
"../../../Engine/Content/EngineMaterials/Substrate/Glints2/dict_0007_0026.uasset" 9785
"/Engine/EngineMaterials/Substrate/Glints2/dict_0007_0014" 9786
"/Engine/EngineMaterials/Substrate/Glints2/dict_0007_0013" 9787
"/Engine/EngineMaterials/Substrate/Glints2/dict_0007_0012" 9788
"/Engine/EngineMaterials/Substrate/Glints2/dict_0007_0018" 9789
"../../../Engine/Content/EngineMaterials/Substrate/Glints2/dict_0007_0029.uasset" 9790
"/Engine/EngineMaterials/Substrate/Glints2/dict_0007_0017" 9791
"/Engine/EngineMaterials/Substrate/Glints2/dict_0007_0024" 9792
"/Engine/EngineMaterials/Substrate/Glints2/dict_0007_0023" 9793
"/Engine/EngineMaterials/Substrate/Glints2/dict_0007_0022" 9794
"/Engine/EngineMaterials/Substrate/Glints2/dict_0007_0021" 9795
"/Engine/EngineMaterials/Substrate/Glints2/dict_0007_0029" 9796
"/Engine/EngineMaterials/Substrate/Glints2/dict_0007_0026" 9797
"/Engine/EngineMaterials/Substrate/Glints2/dict_0007_0025" 9798
"../../../Engine/Content/EngineMaterials/Substrate/Glints2/dict_0007_0031.uasset" 9799
"../../../Engine/Content/EngineMaterials/Substrate/Glints2/dict_0007_0016.uasset" 9800
"/Engine/EngineMaterials/Substrate/Glints2/dict_0007_0031" 9801
"../../../Engine/Content/EngineMaterials/Substrate/Glints2/dict_0007_0032.uasset" 9802
"/Engine/EngineMaterials/Substrate/Glints2/dict_0007_0016" 9803
"/Engine/EngineMaterials/Substrate/Glints2/dict_0007_0032" 9804
"../../../Engine/Content/EngineMaterials/Substrate/Glints2/dict_0007_0035.uasset" 9805
"../../../Engine/Content/EngineMaterials/Substrate/Glints2/dict_0007_0030.uasset" 9806
"../../../Engine/Content/EngineMaterials/Substrate/Glints2/dict_0007_0033.uasset" 9807
"../../../Engine/Content/EngineMaterials/Substrate/Glints2/dict_0007_0034.uasset" 9808
"../../../Engine/Content/EngineMaterials/Substrate/Glints2/dict_0007_0027.uasset" 9809
"../../../Engine/Content/EngineMaterials/Substrate/Glints2/dict_0007_0036.uasset" 9810
"../../../Engine/Content/EngineMaterials/Substrate/Glints2/dict_0007_0028.uasset" 9811
"../../../Engine/Content/EngineMaterials/Substrate/Glints2/dict_0007_0037.uasset" 9812
"../../../Engine/Content/EngineMaterials/Substrate/Glints2/dict_0007_0038.uasset" 9813
"../../../Engine/Content/EngineMaterials/Substrate/Glints2/dict_0006_0221.uasset" 9814
"../../../Engine/Content/EngineMaterials/Substrate/Glints2/dict_0007_0040.uasset" 9815
"../../../Engine/Content/EngineMaterials/Substrate/Glints2/dict_0007_0041.uasset" 9816
"../../../Engine/Content/EngineMaterials/Substrate/Glints2/dict_0006_0254.uasset" 9817
"../../../Engine/Content/EngineMaterials/Substrate/Glints2/dict_0007_0039.uasset" 9818
"../../../Engine/Content/EngineMaterials/Substrate/Glints2/dict_0007_0045.uasset" 9819
"../../../Engine/Content/EngineMaterials/Substrate/Glints2/dict_0007_0042.uasset" 9820
"../../../Engine/Content/EngineMaterials/Substrate/Glints2/dict_0007_0043.uasset" 9821
"../../../Engine/Content/EngineMaterials/Substrate/Glints2/dict_0007_0044.uasset" 9822
"../../../Engine/Content/EngineMaterials/Substrate/Glints2/dict_0007_0048.uasset" 9823
"../../../Engine/Content/EngineMaterials/Substrate/Glints2/dict_0007_0046.uasset" 9824
"../../../Engine/Content/EngineMaterials/Substrate/Glints2/dict_0007_0051.uasset" 9825
"/Engine/EngineMaterials/Substrate/Glints2/dict_0007_0051" 9826
"/Engine/EngineMaterials/Substrate/Glints2/dict_0007_0048" 9827
"../../../Engine/Content/EngineMaterials/Substrate/Glints2/dict_0007_0052.uasset" 9828
"/Engine/EngineMaterials/Substrate/Glints2/dict_0007_0039" 9829
"/Engine/EngineMaterials/Substrate/Glints2/dict_0007_0040" 9830
"/Engine/EngineMaterials/Substrate/Glints2/dict_0007_0046" 9831
"/Engine/EngineMaterials/Substrate/Glints2/dict_0007_0030" 9832
"/Engine/EngineMaterials/Substrate/Glints2/dict_0007_0038" 9833
"/Engine/EngineMaterials/Substrate/Glints2/dict_0007_0037" 9834
"/Engine/EngineMaterials/Substrate/Glints2/dict_0006_0254" 9835
"../../../Engine/Content/EngineMaterials/Substrate/Glints2/dict_0007_0050.uasset" 9836
"/Engine/EngineMaterials/Substrate/Glints2/dict_0007_0028" 9837
"/Engine/EngineMaterials/Substrate/Glints2/dict_0007_0035" 9838
"/Engine/EngineMaterials/Substrate/Glints2/dict_0007_0027" 9839
"../../../Engine/Content/EngineMaterials/Substrate/Glints2/dict_0007_0049.uasset" 9840
"/Engine/EngineMaterials/Substrate/Glints2/dict_0007_0034" 9841
"/Engine/EngineMaterials/Substrate/Glints2/dict_0007_0033" 9842
"/Engine/EngineMaterials/Substrate/Glints2/dict_0007_0045" 9843
"../../../Engine/Content/EngineMaterials/Substrate/Glints2/dict_0007_0054.uasset" 9844
"/Engine/EngineMaterials/Substrate/Glints2/dict_0007_0036" 9845
"../../../Engine/Content/EngineMaterials/Substrate/Glints2/dict_0007_0059.uasset" 9846
"/Engine/EngineMaterials/Substrate/Glints2/dict_0007_0044" 9847
"/Engine/EngineMaterials/Substrate/Glints2/dict_0006_0221" 9848
"../../../Engine/Content/EngineMaterials/Substrate/Glints2/dict_0007_0056.uasset" 9849
"/Engine/EngineMaterials/Substrate/Glints2/dict_0007_0043" 9850
"/Engine/EngineMaterials/Substrate/Glints2/dict_0007_0042" 9851
"/Engine/EngineMaterials/Substrate/Glints2/dict_0007_0041" 9852
"../../../Engine/Content/EngineMaterials/Substrate/Glints2/dict_0007_0055.uasset" 9853
"/Engine/EngineMaterials/Substrate/Glints2/dict_0007_0052" 9854
"/Engine/EngineMaterials/Substrate/Glints2/dict_0007_0059" 9855
"/Engine/EngineMaterials/Substrate/Glints2/dict_0007_0050" 9856
"/Engine/EngineMaterials/Substrate/Glints2/dict_0007_0049" 9857
"/Engine/EngineMaterials/Substrate/Glints2/dict_0007_0056" 9858
"../../../Engine/Content/EngineMaterials/Substrate/Glints2/dict_0007_0047.uasset" 9859
"../../../Engine/Content/EngineMaterials/Substrate/Glints2/dict_0007_0057.uasset" 9860
"/Engine/EngineMaterials/Substrate/Glints2/dict_0007_0054" 9861
"/Engine/EngineMaterials/Substrate/Glints2/dict_0007_0057" 9862
"/Engine/EngineMaterials/Substrate/Glints2/dict_0007_0047" 9863
"/Engine/EngineMaterials/Substrate/Glints2/dict_0007_0055" 9864
"../../../Engine/Content/EngineMaterials/Substrate/Glints2/dict_0007_0058.uasset" 9865
"../../../Engine/Content/EngineMaterials/Substrate/Glints2/dict_0007_0060.uasset" 9866
"../../../Engine/Content/EngineMaterials/Substrate/Glints2/dict_0007_0062.uasset" 9867
"../../../Engine/Content/EngineMaterials/Substrate/Glints2/dict_0007_0067.uasset" 9868
"../../../Engine/Content/EngineMaterials/Substrate/Glints2/dict_0007_0070.uasset" 9869
"../../../Engine/Content/EngineMaterials/Substrate/Glints2/dict_0007_0061.uasset" 9870
"../../../Engine/Content/EngineMaterials/Substrate/Glints2/dict_0007_0069.uasset" 9871
"../../../Engine/Content/EngineMaterials/Substrate/Glints2/dict_0007_0063.uasset" 9872
"../../../Engine/Content/EngineMaterials/Substrate/Glints2/dict_0007_0065.uasset" 9873
"/Engine/EngineMaterials/Substrate/Glints2/dict_0007_0070" 9874
"/Engine/EngineMaterials/Substrate/Glints2/dict_0007_0069" 9875
"../../../Engine/Content/EngineMaterials/Substrate/Glints2/dict_0007_0072.uasset" 9876
"../../../Engine/Content/EngineMaterials/Substrate/Glints2/dict_0007_0074.uasset" 9877
"/Engine/EngineMaterials/Substrate/Glints2/dict_0007_0067" 9878
"/Engine/EngineMaterials/Substrate/Glints2/dict_0007_0058" 9879
"../../../Engine/Content/EngineMaterials/Substrate/Glints2/dict_0007_0071.uasset" 9880
"../../../Engine/Content/EngineMaterials/Substrate/Glints2/dict_0007_0073.uasset" 9881
"/Engine/EngineMaterials/Substrate/Glints2/dict_0007_0065" 9882
"/Engine/EngineMaterials/Substrate/Glints2/dict_0007_0063" 9883
"../../../Engine/Content/EngineMaterials/Substrate/Glints2/dict_0007_0064.uasset" 9884
"/Engine/EngineMaterials/Substrate/Glints2/dict_0007_0062" 9885
"/Engine/EngineMaterials/Substrate/Glints2/dict_0007_0061" 9886
"/Engine/EngineMaterials/Substrate/Glints2/dict_0007_0060" 9887
"/Engine/EngineMaterials/Substrate/Glints2/dict_0007_0074" 9888
"/Engine/EngineMaterials/Substrate/Glints2/dict_0007_0073" 9889
"../../../Engine/Content/EngineMaterials/Substrate/Glints2/dict_0007_0075.uasset" 9890
"/Engine/EngineMaterials/Substrate/Glints2/dict_0007_0072" 9891
"/Engine/EngineMaterials/Substrate/Glints2/dict_0007_0071" 9892
"/Engine/EngineMaterials/Substrate/Glints2/dict_0007_0064" 9893
"../../../Engine/Content/EngineMaterials/Substrate/Glints2/dict_0007_0077.uasset" 9894
"/Engine/EngineMaterials/Substrate/Glints2/dict_0007_0077" 9895
"/Engine/EngineMaterials/Substrate/Glints2/dict_0007_0075" 9896
"../../../Engine/Content/EngineMaterials/Substrate/Glints2/dict_0007_0080.uasset" 9897
"../../../Engine/Content/EngineMaterials/Substrate/Glints2/dict_0007_0081.uasset" 9898
"../../../Engine/Content/EngineMaterials/Substrate/Glints2/dict_0007_0053.uasset" 9899
"../../../Engine/Content/EngineMaterials/Substrate/Glints2/dict_0007_0082.uasset" 9900
"../../../Engine/Content/EngineMaterials/Substrate/Glints2/dict_0007_0079.uasset" 9901
"../../../Engine/Content/EngineMaterials/Substrate/Glints2/dict_0007_0066.uasset" 9902
"../../../Engine/Content/EngineMaterials/Substrate/Glints2/dict_0007_0085.uasset" 9903
"../../../Engine/Content/EngineMaterials/Substrate/Glints2/dict_0007_0086.uasset" 9904
"../../../Engine/Content/EngineMaterials/Substrate/Glints2/dict_0007_0083.uasset" 9905
"../../../Engine/Content/EngineMaterials/Substrate/Glints2/dict_0007_0076.uasset" 9906
"../../../Engine/Content/EngineMaterials/Substrate/Glints2/dict_0007_0087.uasset" 9907
"../../../Engine/Content/EngineMaterials/Substrate/Glints2/dict_0007_0088.uasset" 9908
"../../../Engine/Content/EngineMaterials/Substrate/Glints2/dict_0007_0084.uasset" 9909
"../../../Engine/Content/EngineMaterials/Substrate/Glints2/dict_0007_0090.uasset" 9910
"../../../Engine/Content/EngineMaterials/Substrate/Glints2/dict_0007_0078.uasset" 9911
"/Engine/EngineMaterials/Substrate/Glints2/dict_0007_0053" 9912
"/Engine/EngineMaterials/Substrate/Glints2/dict_0007_0086" 9913
"/Engine/EngineMaterials/Substrate/Glints2/dict_0007_0080" 9914
"/Engine/EngineMaterials/Substrate/Glints2/dict_0007_0085" 9915
"../../../Engine/Content/EngineMaterials/Substrate/Glints2/dict_0007_0092.uasset" 9916
"/Engine/EngineMaterials/Substrate/Glints2/dict_0007_0084" 9917
"/Engine/EngineMaterials/Substrate/Glints2/dict_0007_0083" 9918
"/Engine/EngineMaterials/Substrate/Glints2/dict_0007_0079" 9919
"../../../Engine/Content/EngineMaterials/Substrate/Glints2/dict_0007_0089.uasset" 9920
"/Engine/EngineMaterials/Substrate/Glints2/dict_0007_0078" 9921
"/Engine/EngineMaterials/Substrate/Glints2/dict_0007_0088" 9922
"/Engine/EngineMaterials/Substrate/Glints2/dict_0007_0076" 9923
"/Engine/EngineMaterials/Substrate/Glints2/dict_0007_0082" 9924
"/Engine/EngineMaterials/Substrate/Glints2/dict_0007_0066" 9925
"/Engine/EngineMaterials/Substrate/Glints2/dict_0007_0087" 9926
"../../../Engine/Content/EngineMaterials/Substrate/Glints2/dict_0007_0093.uasset" 9927
"../../../Engine/Content/EngineMaterials/Substrate/Glints2/dict_0007_0068.uasset" 9928
"../../../Engine/Content/EngineMaterials/Substrate/Glints2/dict_0007_0094.uasset" 9929
"/Engine/EngineMaterials/Substrate/Glints2/dict_0007_0081" 9930
"../../../Engine/Content/EngineMaterials/Substrate/Glints2/dict_0007_0097.uasset" 9931
"../../../Engine/Content/EngineMaterials/Substrate/Glints2/dict_0007_0100.uasset" 9932
"../../../Engine/Content/EngineMaterials/Substrate/Glints2/dict_0007_0098.uasset" 9933
"/Engine/EngineMaterials/Substrate/Glints2/dict_0007_0090" 9934
"../../../Engine/Content/EngineMaterials/Substrate/Glints2/dict_0007_0096.uasset" 9935
"/Engine/EngineMaterials/Substrate/Glints2/dict_0007_0089" 9936
"/Engine/EngineMaterials/Substrate/Glints2/dict_0007_0100" 9937
"/Engine/EngineMaterials/Substrate/Glints2/dict_0007_0098" 9938
"../../../Engine/Content/EngineMaterials/Substrate/Glints2/dict_0007_0101.uasset" 9939
"/Engine/EngineMaterials/Substrate/Glints2/dict_0007_0097" 9940
"/Engine/EngineMaterials/Substrate/Glints2/dict_0007_0068" 9941
"/Engine/EngineMaterials/Substrate/Glints2/dict_0007_0096" 9942
"/Engine/EngineMaterials/Substrate/Glints2/dict_0007_0094" 9943
"/Engine/EngineMaterials/Substrate/Glints2/dict_0007_0093" 9944
"/Engine/EngineMaterials/Substrate/Glints2/dict_0007_0092" 9945
"../../../Engine/Content/EngineMaterials/Substrate/Glints2/dict_0007_0091.uasset" 9946
"../../../Engine/Content/EngineMaterials/Substrate/Glints2/dict_0007_0095.uasset" 9947
"/Engine/EngineMaterials/Substrate/Glints2/dict_0007_0101" 9948
"/Engine/EngineMaterials/Substrate/Glints2/dict_0007_0095" 9949
"../../../Engine/Content/EngineMaterials/Substrate/Glints2/dict_0007_0102.uasset" 9950
"/Engine/EngineMaterials/Substrate/Glints2/dict_0007_0091" 9951
"../../../Engine/Content/EngineMaterials/Substrate/Glints2/dict_0007_0103.uasset" 9952
"../../../Engine/Content/EngineMaterials/Substrate/Glints2/dict_0007_0099.uasset" 9953
"/Engine/EngineMaterials/Substrate/Glints2/dict_0007_0103" 9954
"/Engine/EngineMaterials/Substrate/Glints2/dict_0007_0102" 9955
"/Engine/EngineMaterials/Substrate/Glints2/dict_0007_0099" 9956
"../../../Engine/Content/EngineMaterials/Substrate/Glints2/dict_0007_0104.uasset" 9957
"../../../Engine/Content/EngineMaterials/Substrate/Glints2/dict_0007_0108.uasset" 9958
"../../../Engine/Content/EngineMaterials/Substrate/Glints2/dict_0007_0109.uasset" 9959
"../../../Engine/Content/EngineMaterials/Substrate/Glints2/dict_0007_0105.uasset" 9960
"../../../Engine/Content/EngineMaterials/Substrate/Glints2/dict_0007_0106.uasset" 9961
"../../../Engine/Content/EngineMaterials/Substrate/Glints2/dict_0007_0107.uasset" 9962
"../../../Engine/Content/EngineMaterials/Substrate/Glints2/dict_0007_0110.uasset" 9963
"../../../Engine/Content/EngineMaterials/Substrate/Glints2/dict_0007_0113.uasset" 9964
"../../../Engine/Content/EngineMaterials/Substrate/Glints2/dict_0007_0114.uasset" 9965
"../../../Engine/Content/EngineMaterials/Substrate/Glints2/dict_0007_0111.uasset" 9966
"../../../Engine/Content/EngineMaterials/Substrate/Glints2/dict_0007_0112.uasset" 9967
"../../../Engine/Content/EngineMaterials/Substrate/Glints2/dict_0007_0118.uasset" 9968
"../../../Engine/Content/EngineMaterials/Substrate/Glints2/dict_0007_0115.uasset" 9969
"../../../Engine/Content/EngineMaterials/Substrate/Glints2/dict_0007_0116.uasset" 9970
"../../../Engine/Content/EngineMaterials/Substrate/Glints2/dict_0007_0119.uasset" 9971
"../../../Engine/Content/EngineMaterials/Substrate/Glints2/dict_0007_0117.uasset" 9972
"../../../Engine/Content/EngineMaterials/Substrate/Glints2/dict_0007_0120.uasset" 9973
"../../../Engine/Content/EngineMaterials/Substrate/Glints2/dict_0007_0122.uasset" 9974
"/Engine/EngineMaterials/Substrate/Glints2/dict_0007_0120" 9975
"/Engine/EngineMaterials/Substrate/Glints2/dict_0007_0119" 9976
"/Engine/EngineMaterials/Substrate/Glints2/dict_0007_0118" 9977
"/Engine/EngineMaterials/Substrate/Glints2/dict_0007_0117" 9978
"/Engine/EngineMaterials/Substrate/Glints2/dict_0007_0116" 9979
"../../../Engine/Content/EngineMaterials/Substrate/Glints2/dict_0007_0121.uasset" 9980
"/Engine/EngineMaterials/Substrate/Glints2/dict_0007_0115" 9981
"/Engine/EngineMaterials/Substrate/Glints2/dict_0007_0114" 9982
"/Engine/EngineMaterials/Substrate/Glints2/dict_0007_0113" 9983
"../../../Engine/Content/EngineMaterials/Substrate/Glints2/dict_0007_0126.uasset" 9984
"/Engine/EngineMaterials/Substrate/Glints2/dict_0007_0112" 9985
"/Engine/EngineMaterials/Substrate/Glints2/dict_0007_0105" 9986
"/Engine/EngineMaterials/Substrate/Glints2/dict_0007_0111" 9987
"../../../Engine/Content/EngineMaterials/Substrate/Glints2/dict_0007_0128.uasset" 9988
"/Engine/EngineMaterials/Substrate/Glints2/dict_0007_0104" 9989
"../../../Engine/Content/EngineMaterials/Substrate/Glints2/dict_0007_0131.uasset" 9990
"/Engine/EngineMaterials/Substrate/Glints2/dict_0007_0110" 9991
"/Engine/EngineMaterials/Substrate/Glints2/dict_0007_0109" 9992
"/Engine/EngineMaterials/Substrate/Glints2/dict_0007_0108" 9993
"../../../Engine/Content/EngineMaterials/Substrate/Glints2/dict_0007_0124.uasset" 9994
"../../../Engine/Content/EngineMaterials/Substrate/Glints2/dict_0007_0130.uasset" 9995
"/Engine/EngineMaterials/Substrate/Glints2/dict_0007_0107" 9996
"/Engine/EngineMaterials/Substrate/Glints2/dict_0007_0122" 9997
"../../../Engine/Content/EngineMaterials/Substrate/Glints2/dict_0007_0134.uasset" 9998
"/Engine/EngineMaterials/Substrate/Glints2/dict_0007_0106" 9999
"../../../Engine/Content/EngineMaterials/Substrate/Glints2/dict_0007_0127.uasset" 10000
"/Engine/EngineMaterials/Substrate/Glints2/dict_0007_0134" 10001
"../../../Engine/Content/EngineMaterials/Substrate/Glints2/dict_0007_0133.uasset" 10002
"/Engine/EngineMaterials/Substrate/Glints2/dict_0007_0128" 10003
"../../../Engine/Content/EngineMaterials/Substrate/Glints2/dict_0007_0129.uasset" 10004
"/Engine/EngineMaterials/Substrate/Glints2/dict_0007_0127" 10005
"/Engine/EngineMaterials/Substrate/Glints2/dict_0007_0126" 10006
"/Engine/EngineMaterials/Substrate/Glints2/dict_0007_0124" 10007
"/Engine/EngineMaterials/Substrate/Glints2/dict_0007_0131" 10008
"/Engine/EngineMaterials/Substrate/Glints2/dict_0007_0121" 10009
"/Engine/EngineMaterials/Substrate/Glints2/dict_0007_0130" 10010
"/Engine/EngineMaterials/Substrate/Glints2/dict_0007_0129" 10011
"/Engine/EngineMaterials/Substrate/Glints2/dict_0007_0133" 10012
"../../../Engine/Content/EngineMaterials/Substrate/Glints2/dict_0007_0125.uasset" 10013
"../../../Engine/Content/EngineMaterials/Substrate/Glints2/dict_0007_0132.uasset" 10014
"../../../Engine/Content/EngineMaterials/Substrate/Glints2/dict_0007_0138.uasset" 10015
"../../../Engine/Content/EngineMaterials/Substrate/Glints2/dict_0007_0139.uasset" 10016
"../../../Engine/Content/EngineMaterials/Substrate/Glints2/dict_0007_0135.uasset" 10017
"../../../Engine/Content/EngineMaterials/Substrate/Glints2/dict_0007_0137.uasset" 10018
"../../../Engine/Content/EngineMaterials/Substrate/Glints2/dict_0007_0141.uasset" 10019
"../../../Engine/Content/EngineMaterials/Substrate/Glints2/dict_0007_0136.uasset" 10020
"../../../Engine/Content/EngineMaterials/Substrate/Glints2/dict_0007_0140.uasset" 10021
"../../../Engine/Content/EngineMaterials/Substrate/Glints2/dict_0007_0144.uasset" 10022
"/Engine/EngineMaterials/Substrate/Glints2/dict_0007_0144" 10023
"../../../Engine/Content/EngineMaterials/Substrate/Glints2/dict_0007_0145.uasset" 10024
"../../../Engine/Content/EngineMaterials/Substrate/Glints2/dict_0007_0148.uasset" 10025
"../../../Engine/Content/EngineMaterials/Substrate/Glints2/dict_0007_0147.uasset" 10026
"../../../Engine/Content/EngineMaterials/Substrate/Glints2/dict_0007_0149.uasset" 10027
"../../../Engine/Content/EngineMaterials/Substrate/Glints2/dict_0007_0146.uasset" 10028
"/Engine/EngineMaterials/Substrate/Glints2/dict_0007_0141" 10029
"../../../Engine/Content/EngineMaterials/Substrate/Glints2/dict_0007_0143.uasset" 10030
"/Engine/EngineMaterials/Substrate/Glints2/dict_0007_0135" 10031
"../../../Engine/Content/EngineMaterials/Substrate/Glints2/dict_0007_0152.uasset" 10032
"/Engine/EngineMaterials/Substrate/Glints2/dict_0007_0132" 10033
"/Engine/EngineMaterials/Substrate/Glints2/dict_0007_0125" 10034
"../../../Engine/Content/EngineMaterials/Substrate/Glints2/dict_0007_0153.uasset" 10035
"/Engine/EngineMaterials/Substrate/Glints2/dict_0007_0140" 10036
"/Engine/EngineMaterials/Substrate/Glints2/dict_0007_0139" 10037
"../../../Engine/Content/EngineMaterials/Substrate/Glints2/dict_0007_0150.uasset" 10038
"/Engine/EngineMaterials/Substrate/Glints2/dict_0007_0138" 10039
"/Engine/EngineMaterials/Substrate/Glints2/dict_0007_0137" 10040
"/Engine/EngineMaterials/Substrate/Glints2/dict_0007_0136" 10041
"/Engine/EngineMaterials/Substrate/Glints2/dict_0007_0153" 10042
"/Engine/EngineMaterials/Substrate/Glints2/dict_0007_0152" 10043
"/Engine/EngineMaterials/Substrate/Glints2/dict_0007_0150" 10044
"/Engine/EngineMaterials/Substrate/Glints2/dict_0007_0149" 10045
"/Engine/EngineMaterials/Substrate/Glints2/dict_0007_0148" 10046
"/Engine/EngineMaterials/Substrate/Glints2/dict_0007_0147" 10047
"/Engine/EngineMaterials/Substrate/Glints2/dict_0007_0146" 10048
"/Engine/EngineMaterials/Substrate/Glints2/dict_0007_0145" 10049
"../../../Engine/Content/EngineMaterials/Substrate/Glints2/dict_0007_0155.uasset" 10050
"/Engine/EngineMaterials/Substrate/Glints2/dict_0007_0143" 10051
"../../../Engine/Content/EngineMaterials/Substrate/Glints2/dict_0007_0158.uasset" 10052
"../../../Engine/Content/EngineMaterials/Substrate/Glints2/dict_0007_0156.uasset" 10053
"../../../Engine/Content/EngineMaterials/Substrate/Glints2/dict_0007_0151.uasset" 10054
"/Engine/EngineMaterials/Substrate/Glints2/dict_0007_0151" 10055
"../../../Engine/Content/EngineMaterials/Substrate/Glints2/dict_0007_0160.uasset" 10056
"../../../Engine/Content/EngineMaterials/Substrate/Glints2/dict_0007_0154.uasset" 10057
"/Engine/EngineMaterials/Substrate/Glints2/dict_0007_0158" 10058
"../../../Engine/Content/EngineMaterials/Substrate/Glints2/dict_0007_0161.uasset" 10059
"/Engine/EngineMaterials/Substrate/Glints2/dict_0007_0156" 10060
"../../../Engine/Content/EngineMaterials/Substrate/Glints2/dict_0007_0157.uasset" 10061
"/Engine/EngineMaterials/Substrate/Glints2/dict_0007_0155" 10062
"/Engine/EngineMaterials/Substrate/Glints2/dict_0007_0161" 10063
"../../../Engine/Content/EngineMaterials/Substrate/Glints2/dict_0007_0162.uasset" 10064
"/Engine/EngineMaterials/Substrate/Glints2/dict_0007_0160" 10065
"/Engine/EngineMaterials/Substrate/Glints2/dict_0007_0157" 10066
"/Engine/EngineMaterials/Substrate/Glints2/dict_0007_0154" 10067
"/Engine/EngineMaterials/Substrate/Glints2/dict_0007_0162" 10068
"../../../Engine/Content/EngineMaterials/Substrate/Glints2/dict_0007_0159.uasset" 10069
"../../../Engine/Content/EngineMaterials/Substrate/Glints2/dict_0007_0164.uasset" 10070
"../../../Engine/Content/EngineMaterials/Substrate/Glints2/dict_0007_0165.uasset" 10071
"../../../Engine/Content/EngineMaterials/Substrate/Glints2/dict_0007_0163.uasset" 10072
"../../../Engine/Content/EngineMaterials/Substrate/Glints2/dict_0007_0166.uasset" 10073
"../../../Engine/Content/EngineMaterials/Substrate/Glints2/dict_0007_0170.uasset" 10074
"../../../Engine/Content/EngineMaterials/Substrate/Glints2/dict_0007_0168.uasset" 10075
"../../../Engine/Content/EngineMaterials/Substrate/Glints2/dict_0007_0167.uasset" 10076
"../../../Engine/Content/EngineMaterials/Substrate/Glints2/dict_0007_0171.uasset" 10077
"../../../Engine/Content/EngineMaterials/Substrate/Glints2/dict_0007_0169.uasset" 10078
"../../../Engine/Content/EngineMaterials/Substrate/Glints2/dict_0007_0123.uasset" 10079
"../../../Engine/Content/EngineMaterials/Substrate/Glints2/dict_0007_0172.uasset" 10080
"../../../Engine/Content/EngineMaterials/Substrate/Glints2/dict_0007_0175.uasset" 10081
"../../../Engine/Content/EngineMaterials/Substrate/Glints2/dict_0007_0178.uasset" 10082
"../../../Engine/Content/EngineMaterials/Substrate/Glints2/dict_0007_0177.uasset" 10083
"/Engine/EngineMaterials/Substrate/Glints2/dict_0007_0163" 10084
"/Engine/EngineMaterials/Substrate/Glints2/dict_0007_0175" 10085
"/Engine/EngineMaterials/Substrate/Glints2/dict_0007_0172" 10086
"../../../Engine/Content/EngineMaterials/Substrate/Glints2/dict_0007_0181.uasset" 10087
"/Engine/EngineMaterials/Substrate/Glints2/dict_0007_0171" 10088
"/Engine/EngineMaterials/Substrate/Glints2/dict_0007_0170" 10089
"/Engine/EngineMaterials/Substrate/Glints2/dict_0007_0159" 10090
"/Engine/EngineMaterials/Substrate/Glints2/dict_0007_0169" 10091
"/Engine/EngineMaterials/Substrate/Glints2/dict_0007_0168" 10092
"/Engine/EngineMaterials/Substrate/Glints2/dict_0007_0167" 10093
"../../../Engine/Content/EngineMaterials/Substrate/Glints2/dict_0007_0179.uasset" 10094
"/Engine/EngineMaterials/Substrate/Glints2/dict_0007_0123" 10095
"/Engine/EngineMaterials/Substrate/Glints2/dict_0007_0166" 10096
"../../../Engine/Content/EngineMaterials/Substrate/Glints2/dict_0007_0174.uasset" 10097
"../../../Engine/Content/EngineMaterials/Substrate/Glints2/dict_0007_0173.uasset" 10098
"/Engine/EngineMaterials/Substrate/Glints2/dict_0007_0165" 10099
"../../../Engine/Content/EngineMaterials/Substrate/Glints2/dict_0007_0180.uasset" 10100
"/Engine/EngineMaterials/Substrate/Glints2/dict_0007_0164" 10101
"/Engine/EngineMaterials/Substrate/Glints2/dict_0007_0181" 10102
"/Engine/EngineMaterials/Substrate/Glints2/dict_0007_0180" 10103
"/Engine/EngineMaterials/Substrate/Glints2/dict_0007_0179" 10104
"/Engine/EngineMaterials/Substrate/Glints2/dict_0007_0178" 10105
"/Engine/EngineMaterials/Substrate/Glints2/dict_0007_0177" 10106
"../../../Engine/Content/EngineMaterials/Substrate/Glints2/dict_0007_0185.uasset" 10107
"/Engine/EngineMaterials/Substrate/Glints2/dict_0007_0173" 10108
"../../../Engine/Content/EngineMaterials/Substrate/Glints2/dict_0007_0176.uasset" 10109
"../../../Engine/Content/EngineMaterials/Substrate/Glints2/dict_0007_0186.uasset" 10110
"../../../Engine/Content/EngineMaterials/Substrate/Glints2/dict_0007_0182.uasset" 10111
"/Engine/EngineMaterials/Substrate/Glints2/dict_0007_0174" 10112
"/Engine/EngineMaterials/Substrate/Glints2/dict_0007_0182" 10113
"../../../Engine/Content/EngineMaterials/Substrate/Glints2/dict_0007_0188.uasset" 10114
"../../../Engine/Content/EngineMaterials/Substrate/Glints2/dict_0007_0187.uasset" 10115
"/Engine/EngineMaterials/Substrate/Glints2/dict_0007_0186" 10116
"/Engine/EngineMaterials/Substrate/Glints2/dict_0007_0176" 10117
"/Engine/EngineMaterials/Substrate/Glints2/dict_0007_0185" 10118
"../../../Engine/Content/EngineMaterials/Substrate/Glints2/dict_0007_0184.uasset" 10119
"/Engine/EngineMaterials/Substrate/Glints2/dict_0007_0188" 10120
"/Engine/EngineMaterials/Substrate/Glints2/dict_0007_0184" 10121
"/Engine/EngineMaterials/Substrate/Glints2/dict_0007_0187" 10122
"../../../Engine/Content/EngineMaterials/Substrate/Glints2/dict_0007_0142.uasset" 10123
"../../../Engine/Content/EngineMaterials/Substrate/Glints2/dict_0007_0190.uasset" 10124
"../../../Engine/Content/EngineMaterials/Substrate/Glints2/dict_0007_0191.uasset" 10125
"../../../Engine/Content/EngineMaterials/Substrate/Glints2/dict_0007_0183.uasset" 10126
"../../../Engine/Content/EngineMaterials/Substrate/Glints2/dict_0007_0194.uasset" 10127
"../../../Engine/Content/EngineMaterials/Substrate/Glints2/dict_0007_0193.uasset" 10128
"../../../Engine/Content/EngineMaterials/Substrate/Glints2/dict_0007_0195.uasset" 10129
"../../../Engine/Content/EngineMaterials/Substrate/Glints2/dict_0007_0189.uasset" 10130
"../../../Engine/Content/EngineMaterials/Substrate/Glints2/dict_0007_0197.uasset" 10131
"../../../Engine/Content/EngineMaterials/Substrate/Glints2/dict_0007_0192.uasset" 10132
"../../../Engine/Content/EngineMaterials/Substrate/Glints2/dict_0007_0198.uasset" 10133
"../../../Engine/Content/EngineMaterials/Substrate/Glints2/dict_0007_0199.uasset" 10134
"../../../Engine/Content/EngineMaterials/Substrate/Glints2/dict_0007_0196.uasset" 10135
"../../../Engine/Content/EngineMaterials/Substrate/Glints2/dict_0007_0200.uasset" 10136
"../../../Engine/Content/EngineMaterials/Substrate/Glints2/dict_0007_0201.uasset" 10137
"../../../Engine/Content/EngineMaterials/Substrate/Glints2/dict_0007_0202.uasset" 10138
"../../../Engine/Content/EngineMaterials/Substrate/Glints2/dict_0007_0204.uasset" 10139
"../../../Engine/Content/EngineMaterials/Substrate/Glints2/dict_0007_0205.uasset" 10140
"../../../Engine/Content/EngineMaterials/Substrate/Glints2/dict_0007_0206.uasset" 10141
"/Engine/EngineMaterials/Substrate/Glints2/dict_0007_0204" 10142
"/Engine/EngineMaterials/Substrate/Glints2/dict_0007_0206" 10143
"../../../Engine/Content/EngineMaterials/Substrate/Glints2/dict_0007_0210.uasset" 10144
"../../../Engine/Content/EngineMaterials/Substrate/Glints2/dict_0007_0208.uasset" 10145
"/Engine/EngineMaterials/Substrate/Glints2/dict_0007_0205" 10146
"../../../Engine/Content/EngineMaterials/Substrate/Glints2/dict_0007_0207.uasset" 10147
"/Engine/EngineMaterials/Substrate/Glints2/dict_0007_0142" 10148
"/Engine/EngineMaterials/Substrate/Glints2/dict_0007_0202" 10149
"/Engine/EngineMaterials/Substrate/Glints2/dict_0007_0201" 10150
"/Engine/EngineMaterials/Substrate/Glints2/dict_0007_0190" 10151
"../../../Engine/Content/EngineMaterials/Substrate/Glints2/dict_0007_0211.uasset" 10152
"/Engine/EngineMaterials/Substrate/Glints2/dict_0007_0200" 10153
"/Engine/EngineMaterials/Substrate/Glints2/dict_0007_0189" 10154
"/Engine/EngineMaterials/Substrate/Glints2/dict_0007_0199" 10155
"/Engine/EngineMaterials/Substrate/Glints2/dict_0007_0198" 10156
"../../../Engine/Content/EngineMaterials/Substrate/Glints2/dict_0007_0213.uasset" 10157
"/Engine/EngineMaterials/Substrate/Glints2/dict_0007_0197" 10158
"../../../Engine/Content/EngineMaterials/Substrate/Glints2/dict_0007_0214.uasset" 10159
"/Engine/EngineMaterials/Substrate/Glints2/dict_0007_0196" 10160
"/Engine/EngineMaterials/Substrate/Glints2/dict_0007_0195" 10161
"/Engine/EngineMaterials/Substrate/Glints2/dict_0007_0194" 10162
"/Engine/EngineMaterials/Substrate/Glints2/dict_0007_0191" 10163
"../../../Engine/Content/EngineMaterials/Substrate/Glints2/dict_0007_0216.uasset" 10164
"../../../Engine/Content/EngineMaterials/Substrate/Glints2/dict_0007_0217.uasset" 10165
"/Engine/EngineMaterials/Substrate/Glints2/dict_0007_0193" 10166
"../../../Engine/Content/EngineMaterials/Substrate/Glints2/dict_0007_0218.uasset" 10167
"/Engine/EngineMaterials/Substrate/Glints2/dict_0007_0183" 10168
"/Engine/EngineMaterials/Substrate/Glints2/dict_0007_0192" 10169
"/Engine/EngineMaterials/Substrate/Glints2/dict_0007_0211" 10170
"../../../Engine/Content/EngineMaterials/Substrate/Glints2/dict_0007_0203.uasset" 10171
"/Engine/EngineMaterials/Substrate/Glints2/dict_0007_0214" 10172
"/Engine/EngineMaterials/Substrate/Glints2/dict_0007_0210" 10173
"/Engine/EngineMaterials/Substrate/Glints2/dict_0007_0208" 10174
"/Engine/EngineMaterials/Substrate/Glints2/dict_0007_0207" 10175
"/Engine/EngineMaterials/Substrate/Glints2/dict_0007_0213" 10176
"/Engine/EngineMaterials/Substrate/Glints2/dict_0007_0218" 10177
"/Engine/EngineMaterials/Substrate/Glints2/dict_0007_0217" 10178
"../../../Engine/Content/EngineMaterials/Substrate/Glints2/dict_0007_0212.uasset" 10179
"/Engine/EngineMaterials/Substrate/Glints2/dict_0007_0216" 10180
"/Engine/EngineMaterials/Substrate/Glints2/dict_0007_0203" 10181
"/Engine/EngineMaterials/Substrate/Glints2/dict_0007_0212" 10182
"../../../Engine/Content/EngineMaterials/Substrate/Glints2/dict_0007_0219.uasset" 10183
"../../../Engine/Content/EngineMaterials/Substrate/Glints2/dict_0007_0222.uasset" 10184
"../../../Engine/Content/EngineMaterials/Substrate/Glints2/dict_0007_0225.uasset" 10185
"../../../Engine/Content/EngineMaterials/Substrate/Glints2/dict_0007_0224.uasset" 10186
"../../../Engine/Content/EngineMaterials/Substrate/Glints2/dict_0007_0220.uasset" 10187
"../../../Engine/Content/EngineMaterials/Substrate/Glints2/dict_0007_0215.uasset" 10188
"../../../Engine/Content/EngineMaterials/Substrate/Glints2/dict_0007_0226.uasset" 10189
"../../../Engine/Content/EngineMaterials/Substrate/Glints2/dict_0007_0209.uasset" 10190
"../../../Engine/Content/EngineMaterials/Substrate/Glints2/dict_0007_0227.uasset" 10191
"../../../Engine/Content/EngineMaterials/Substrate/Glints2/dict_0007_0223.uasset" 10192
"../../../Engine/Content/EngineMaterials/Substrate/Glints2/dict_0007_0229.uasset" 10193
"../../../Engine/Content/EngineMaterials/Substrate/Glints2/dict_0007_0221.uasset" 10194
"../../../Engine/Content/EngineMaterials/Substrate/Glints2/dict_0007_0231.uasset" 10195
"../../../Engine/Content/EngineMaterials/Substrate/Glints2/dict_0007_0233.uasset" 10196
"/Engine/EngineMaterials/Substrate/Glints2/dict_0007_0215" 10197
"../../../Engine/Content/EngineMaterials/Substrate/Glints2/dict_0007_0232.uasset" 10198
"../../../Engine/Content/EngineMaterials/Substrate/Glints2/dict_0007_0234.uasset" 10199
"../../../Engine/Content/EngineMaterials/Substrate/Glints2/dict_0007_0230.uasset" 10200
"/Engine/EngineMaterials/Substrate/Glints2/dict_0007_0209" 10201
"/Engine/EngineMaterials/Substrate/Glints2/dict_0007_0233" 10202
"/Engine/EngineMaterials/Substrate/Glints2/dict_0007_0231" 10203
"../../../Engine/Content/EngineMaterials/Substrate/Glints2/dict_0007_0236.uasset" 10204
"/Engine/EngineMaterials/Substrate/Glints2/dict_0007_0229" 10205
"../../../Engine/Content/EngineMaterials/Substrate/Glints2/dict_0007_0235.uasset" 10206
"/Engine/EngineMaterials/Substrate/Glints2/dict_0007_0227" 10207
"/Engine/EngineMaterials/Substrate/Glints2/dict_0007_0226" 10208
"/Engine/EngineMaterials/Substrate/Glints2/dict_0007_0225" 10209
"/Engine/EngineMaterials/Substrate/Glints2/dict_0007_0224" 10210
"/Engine/EngineMaterials/Substrate/Glints2/dict_0007_0223" 10211
"/Engine/EngineMaterials/Substrate/Glints2/dict_0007_0222" 10212
"/Engine/EngineMaterials/Substrate/Glints2/dict_0007_0221" 10213
"/Engine/EngineMaterials/Substrate/Glints2/dict_0007_0220" 10214
"/Engine/EngineMaterials/Substrate/Glints2/dict_0007_0219" 10215
"../../../Engine/Content/EngineMaterials/Substrate/Glints2/dict_0007_0241.uasset" 10216
"/Engine/EngineMaterials/Substrate/Glints2/dict_0007_0241" 10217
"/Engine/EngineMaterials/Substrate/Glints2/dict_0007_0236" 10218
"../../../Engine/Content/EngineMaterials/Substrate/Glints2/dict_0007_0242.uasset" 10219
"../../../Engine/Content/EngineMaterials/Substrate/Glints2/dict_0007_0228.uasset" 10220
"/Engine/EngineMaterials/Substrate/Glints2/dict_0007_0235" 10221
"/Engine/EngineMaterials/Substrate/Glints2/dict_0007_0234" 10222
"../../../Engine/Content/EngineMaterials/Substrate/Glints2/dict_0007_0243.uasset" 10223
"/Engine/EngineMaterials/Substrate/Glints2/dict_0007_0232" 10224
"../../../Engine/Content/EngineMaterials/Substrate/Glints2/dict_0007_0246.uasset" 10225
"../../../Engine/Content/EngineMaterials/Substrate/Glints2/dict_0007_0239.uasset" 10226
"../../../Engine/Content/EngineMaterials/Substrate/Glints2/dict_0007_0245.uasset" 10227
"../../../Engine/Content/EngineMaterials/Substrate/Glints2/dict_0007_0244.uasset" 10228
"/Engine/EngineMaterials/Substrate/Glints2/dict_0007_0230" 10229
"/Engine/EngineMaterials/Substrate/Glints2/dict_0007_0246" 10230
"/Engine/EngineMaterials/Substrate/Glints2/dict_0007_0245" 10231
"../../../Engine/Content/EngineMaterials/Substrate/Glints2/dict_0007_0238.uasset" 10232
"/Engine/EngineMaterials/Substrate/Glints2/dict_0007_0244" 10233
"../../../Engine/Content/EngineMaterials/Substrate/Glints2/dict_0007_0240.uasset" 10234
"../../../Engine/Content/EngineMaterials/Substrate/Glints2/dict_0007_0237.uasset" 10235
"/Engine/EngineMaterials/Substrate/Glints2/dict_0007_0243" 10236
"/Engine/EngineMaterials/Substrate/Glints2/dict_0007_0242" 10237
"/Engine/EngineMaterials/Substrate/Glints2/dict_0007_0228" 10238
"/Engine/EngineMaterials/Substrate/Glints2/dict_0007_0239" 10239
"/Engine/EngineMaterials/Substrate/Glints2/dict_0007_0237" 10240
"/Engine/EngineMaterials/Substrate/Glints2/dict_0007_0240" 10241
"/Engine/EngineMaterials/Substrate/Glints2/dict_0007_0238" 10242
"../../../Engine/Content/EngineMaterials/Substrate/Glints2/dict_0007_0250.uasset" 10243
"../../../Engine/Content/EngineMaterials/Substrate/Glints2/dict_0007_0252.uasset" 10244
"../../../Engine/Content/EngineMaterials/Substrate/Glints2/dict_0007_0251.uasset" 10245
"../../../Engine/Content/EngineMaterials/PPM_DefaultCalibrationColor.uasset" 10246
"../../../Engine/Content/EngineMaterials/Substrate/Glints2/dict_0007_0247.uasset" 10247
"../../../Engine/Content/EngineMaterials/Substrate/Glints2/dict_0007_0253.uasset" 10248
"../../../Engine/Content/EngineMaterials/PPM_DefaultCalibrationGrayscale.uasset" 10249
"../../../Engine/Content/EngineMaterials/Substrate/Glints2/dict_0007_0248.uasset" 10250
"../../../Engine/Content/EngineMaterials/Substrate/Glints2/dict_0007_0255.uasset" 10251
"../../../Engine/Content/EngineMaterials/Substrate/Glints2/dict_0007_0249.uasset" 10252
"../../../Engine/Content/EngineMaterials/Substrate/Glints2/AGlintTex2dArray2.uasset" 10253
"../../../Engine/Content/EngineMaterials/Substrate/Glints2/dict_0007_0254.uasset" 10254
"../../../Engine/Content/EngineMaterials/Substrate/Volume/SubstrateSimpleVolumeLUT3D.uasset" 10255
"../../../Engine/Content/EngineMaterials/DefaultCalibrationColor.uasset" 10256
"../../../Engine/Content/EngineMaterials/DefaultCalibrationGrayscale.uasset" 10257
"../../../Engine/Content/Functions/MaterialLayerFunctions/MatLayerBlend_OverrideOpacity.uasset" 10258
"/Engine/EngineMaterials/PPM_DefaultCalibrationColor" 10259
"../../../Engine/Content/EngineMaterials/Substrate/Volume/SubstrateSimpleVolumeEnvLUT3D.uasset" 10260
"../../../Engine/Content/Functions/Engine_MaterialFunctions02/Utility/BlendAngleCorrectedNormals.uasset" 10261
"../../../Engine/Plugins/NNE/NNEDenoiser/Content/NNEDIM_ColorAlbedoNormal_Alpha.uasset" 10262
"/Engine/EngineMaterials/Substrate/Glints2/dict_0007_0248" 10263
"../../../Engine/Plugins/Interchange/Assets/Content/Functions/MX_Surface.uasset" 10264
"/Engine/Functions/MaterialLayerFunctions/MatLayerBlend_OverrideOpacity" 10265
"/Engine/EngineMaterials/PPM_DefaultCalibrationGrayscale" 10266
"/Engine/EngineMaterials/Substrate/Glints2/dict_0007_0247" 10267
"/Engine/EngineMaterials/Substrate/Glints2/AGlintTex2dArray2" 10268
"../../../Engine/Plugins/NNE/NNEDenoiser/Content/NNEDIM_HighQuality_Default.uasset" 10269
"../../../Engine/Plugins/Interchange/Assets/Content/Functions/MX_Displacement.uasset" 10270
"../../../Engine/Content/Functions/Engine_MaterialFunctions03/Procedurals/HeightToNormalSmooth.uasset" 10271
"../../../Engine/Plugins/NNE/NNEDenoiser/Content/NNEDIM_HighQuality_Alpha.uasset" 10272
"../../../Engine/Plugins/NNE/NNEDenoiser/Content/NNEDOM_Output_Default.uasset" 10273
"../../../Engine/Plugins/NNE/NNEDenoiser/Content/NNEDIM_ColorAlbedoNormal_Default.uasset" 10274
"../../../Engine/Content/EngineMaterials/Substrate/Volume/SubstrateSimpleVolumeEnvLUT2D.uasset" 10275
"../../../Engine/Plugins/NNE/NNEDenoiser/Content/NNEDTIM_ColorAlbedoNormal_Default.uasset" 10276
"../../../Engine/Plugins/NNE/NNEDenoiser/Content/NNEDTIM_ColorAlbedoNormal_Alpha.uasset" 10277
"../../../Engine/Plugins/NNE/NNEDenoiser/Content/NNEDOM_Output_Alpha.uasset" 10278
"../../../Engine/Plugins/NNE/NNEDenoiser/Content/NNEDTOM_Output_Alpha.uasset" 10279
"../../../Engine/Content/EngineMaterials/Substrate/Volume/SubstrateSimpleVolumeLUT2D.uasset" 10280
"/NNEDenoiser/NNEDTOM_Output_Alpha" 10281
"/NNEDenoiser/NNEDOM_Output_Default" 10282
"/NNEDenoiser/NNEDOM_Output_Alpha" 10283
"/NNEDenoiser/NNEDIM_HighQuality_Default" 10284
"/NNEDenoiser/NNEDIM_HighQuality_Alpha" 10285
"/NNEDenoiser/NNEDIM_ColorAlbedoNormal_Default" 10286
"/Engine/Functions/Engine_MaterialFunctions02/Utility/BlendAngleCorrectedNormals" 10287
"/Engine/Functions/Engine_MaterialFunctions03/Procedurals/HeightToNormalSmooth" 10288
"/InterchangeAssets/Functions/MX_Surface" 10289
"/Engine/EngineMaterials/Substrate/Volume/SubstrateSimpleVolumeEnvLUT3D" 10290
"/Engine/EngineMaterials/Substrate/Volume/SubstrateSimpleVolumeLUT3D" 10291
"/NNEDenoiser/NNEDIM_ColorAlbedoNormal_Alpha" 10292
"/NNEDenoiser/NNEDTIM_ColorAlbedoNormal_Default" 10293
"../../../Engine/Plugins/NNE/NNEDenoiser/Content/NNED_Oidn2-3_HighQuality_Alpha.uasset" 10294
"../../../Engine/Plugins/NNE/NNEDenoiser/Content/NNEDTOM_Output_Default.uasset" 10295
"../../../Engine/Plugins/NNE/NNEDenoiser/Content/NNED_Oidn2-3_HighQuality.uasset" 10296
"../../../Engine/Plugins/NNE/NNEDenoiser/Content/NNED_Oidn2-3_Fast_Alpha.uasset" 10297
"../../../Engine/Plugins/NNE/NNEDenoiser/Content/NNED_Oidn2-3_Fast.uasset" 10298
"../../../Engine/Plugins/NNE/NNEDenoiser/Content/NNED_Oidn2-3_Balanced_Alpha.uasset" 10299
"../../../Engine/Plugins/NNE/NNEDenoiser/Content/NNE_oidn2-3-0_rt_hdr_alb_nrm_small__dyn__fp16_opset11_ForwardAlpha.uasset" 10300
"../../../Engine/Plugins/NNE/NNEDenoiser/Content/NNE_oidn2-3-0_rt_hdr_calb_cnrm_large__dyn__fp16_opset11_DenoiseAlpha.uasset" 10301
"../../../Engine/Plugins/NNE/NNEDenoiser/Content/NNE_oidn2-3-0_rt_hdr_alb_nrm__dyn__fp16_opset11_ForwardAlpha.uasset" 10302
"../../../Engine/Plugins/NNE/NNEDenoiser/Content/NNE_oidn2-3-0_rt_hdr_calb_cnrm_large__dyn__fp16_opset11_ForwardAlpha.uasset" 10303
"../../../Engine/Plugins/NNE/NNEDenoiser/Content/NNE_oidn2-3-0_rt_hdr_alb_nrm__dyn__fp16_opset11_DenoiseAlpha.uasset" 10304
"/InterchangeAssets/Functions/MX_Displacement" 10305
"/NNEDenoiser/NNEDTIM_ColorAlbedoNormal_Alpha" 10306
"/NNEDenoiser/NNE_oidn2-3-0_rt_hdr_calb_cnrm_large__dyn__fp16_opset11_ForwardAlpha" 10307
"../../../Engine/Content/EditorResources/BSPVertex.uasset" 10308
"../../../Engine/Content/EngineResources/FilmGrains/Marcie_Grain_v3_128_M2_000.uasset" 10309
"../../../Engine/Content/EngineResources/Development/ZenLogo_64.uasset" 10310
"../../../Engine/Content/EngineDebugMaterials/DebugEditorMaterial.uasset" 10311
"../../../Engine/Content/EngineMaterials/FastBlueNoise_scalar_128x128x8.uasset" 10312
"../../../Engine/Content/EngineMaterials/LTC/Sheen_LTC.uasset" 10313
"../../../Engine/Content/EngineSounds/Master.uasset" 10314
"../../../Engine/Plugins/Interchange/Runtime/Content/Pipelines/DefaultAssetsPipeline.uasset" 10315
"../../../Engine/Plugins/Interchange/Runtime/Content/Pipelines/DefaultMaterialXPipeline.uasset" 10316
"../../../Engine/Plugins/Interchange/Runtime/Content/Pipelines/DefaultGLTFAssetsPipeline.uasset" 10317
"../../../Engine/Plugins/Interchange/Runtime/Content/Pipelines/DefaultGLTFPipeline.uasset" 10318
"../../../Engine/Plugins/Interchange/Runtime/Content/Pipelines/DefaultMaterialPipeline.uasset" 10319
"../../../Engine/Content/EngineMaterials/EnergyConservation/Sheen_Energy.uasset" 10320
"../../../Engine/Content/EngineMaterials/EnergyConservation/Diffuse_Energy.uasset" 10321
"../../../Engine/Plugins/NNE/NNEDenoiser/Content/NNED_Oidn2-3_Balanced.uasset" 10322
"../../../Engine/Plugins/NNE/NNEDenoiser/Content/NNEDT_Oidn2-3_Balanced.uasset" 10323
"../../../Engine/Content/EngineMaterials/DefaultBloomKernel.uasset" 10324
"../../../Engine/Plugins/NNE/NNEDenoiser/Content/NNEDT_Oidn2-3_Balanced_Alpha.uasset" 10325
"../../../Engine/Content/EngineMaterials/FastBlueNoise_scalar_128x128x64.uasset" 10326
"../../../Engine/Content/EngineMaterials/FastBlueNoise_vec2_128x128x64.uasset" 10327
"/NNEDenoiser/NNE_oidn2-3-0_rt_hdr_calb_cnrm_large__dyn__fp16_opset11_DenoiseAlpha" 10328
"../../../Engine/Plugins/NNE/NNEDenoiser/Content/NNE_oidn2-3-0_rt_hdr_alb_nrm_small__dyn__fp16_opset11_DenoiseAlpha.uasset" 10329
"/NNEDenoiser/NNE_oidn2-3-0_rt_hdr_alb_nrm__dyn__fp16_opset11_ForwardAlpha" 10330
"/NNEDenoiser/NNE_oidn2-3-0_rt_hdr_alb_nrm__dyn__fp16_opset11_DenoiseAlpha" 10331
"/NNEDenoiser/NNE_oidn2-3-0_rt_hdr_alb_nrm_small__dyn__fp16_opset11_ForwardAlpha" 10332
"/NNEDenoiser/NNED_Oidn2-3_HighQuality_Alpha" 10333
"/NNEDenoiser/NNED_Oidn2-3_HighQuality" 10334
"/NNEDenoiser/NNED_Oidn2-3_Fast_Alpha" 10335
"/NNEDenoiser/NNED_Oidn2-3_Fast" 10336
"/NNEDenoiser/NNED_Oidn2-3_Balanced_Alpha" 10337
"/NNEDenoiser/NNEDTOM_Output_Default" 10338
"../../../Engine/Plugins/Interchange/Runtime/Content/Pipelines/DefaultGLTFSceneAssetsPipeline.uasset" 10339
"../../../Engine/Plugins/Interchange/Runtime/Content/Pipelines/DefaultSceneLevelPipeline.uasset" 10340
"../../../Engine/Plugins/Interchange/Runtime/Content/Pipelines/DefaultSceneAssetsPipeline.uasset" 10341
"../../../Engine/Plugins/Interchange/Runtime/Content/Pipelines/DefaultTexturePipeline.uasset" 10342
"/Interchange/Pipelines/DefaultMaterialPipeline" 10343
"/Interchange/Pipelines/DefaultGLTFPipeline" 10344
"/Interchange/Pipelines/DefaultGLTFAssetsPipeline" 10345
"../../../Engine/Plugins/Interchange/Assets/Content/Functions/MX_SurfaceUnlit.uasset" 10346
"../../../Engine/Plugins/Interchange/Assets/Content/Functions/MX_TranslucentBSDF.uasset" 10347
"../../../Engine/Plugins/Interchange/Assets/Content/Functions/MX_DielectricBSDF.uasset" 10348
"../../../Engine/Plugins/Interchange/Assets/Content/Functions/MX_UsdPreviewSurface.uasset" 10349
"../../../Engine/Plugins/Interchange/Assets/Content/Functions/MX_BurleyDiffuseBSDF.uasset" 10350
"../../../Engine/Plugins/Interchange/Assets/Content/Functions/MX_OrenNayarBSDF.uasset" 10351
"../../../Engine/Plugins/Interchange/Assets/Content/Functions/MX_ConductorBSDF.uasset" 10352
"C:/Users/finle/Documents/GitHub/CI536_Integrated_Group_Project/CI536_Group_Project/Intermediate/ORTOptimizerPass_Optimized1F6985424FE8AE0F02F5B8BFE99B94EA.onnx" 10353
"C:/Users/finle/Documents/GitHub/CI536_Integrated_Group_Project/CI536_Group_Project/Intermediate/ORTOptimizerPass_Optimized86350A2140030627B984C08F149FA800.onnx" 10354
"C:/Users/finle/Documents/GitHub/CI536_Integrated_Group_Project/CI536_Group_Project/Intermediate/ORTOptimizerPass_OptimizedDEB6DD1C4CEC659D4599DFB5143B4F4F.onnx" 10355
"C:/Users/finle/Documents/GitHub/CI536_Integrated_Group_Project/CI536_Group_Project/Intermediate/ORTOptimizerPass_Optimized929A967E4AD37ABD47F978BB01643315.onnx" 10356
"C:/Users/finle/Documents/GitHub/CI536_Integrated_Group_Project/CI536_Group_Project/Intermediate/ORTOptimizerPass_OptimizedB749800D4C2E17B459D55F9C13F3A74F.onnx" 10357
"C:/Users/finle/Documents/GitHub/CI536_Integrated_Group_Project/CI536_Group_Project/Intermediate/ORTOptimizerPass_OptimizedAB0DA916409FB6F52AB8F782CB759A08.onnx" 10358
"C:/Users/finle/Documents/GitHub/CI536_Integrated_Group_Project/CI536_Group_Project/Intermediate/ORTOptimizerPass_Optimized4E01B4EB4639A2C8EBE4F2885F94F52A.onnx" 10359
"C:/Users/finle/Documents/GitHub/CI536_Integrated_Group_Project/CI536_Group_Project/Intermediate/ORTOptimizerPass_Optimized84061EE7457E52DF60F249A62BF6B218.onnx" 10360
"C:/Users/finle/Documents/GitHub/CI536_Integrated_Group_Project/CI536_Group_Project/Intermediate/ORTOptimizerPass_OptimizedC576316D49048F690E6F4FAFDF537C7D.onnx" 10361
"C:/Users/finle/Documents/GitHub/CI536_Integrated_Group_Project/CI536_Group_Project/Intermediate/ORTOptimizerPass_OptimizedA0D1A4834F20847147C37FBF6D8BBCA7.onnx" 10362
"/Interchange/Pipelines/DefaultMaterialXPipeline" 10363
"/Interchange/Pipelines/DefaultAssetsPipeline" 10364
"/Engine/EngineSounds/Master" 10365
"/Engine/EngineMaterials/EnergyConservation/Diffuse_Energy" 10366
"/Engine/EngineMaterials/EnergyConservation/Sheen_Energy" 10367
"/Engine/EngineMaterials/LTC/Sheen_LTC" 10368
"/Engine/EngineMaterials/FastBlueNoise_vec2_128x128x64" 10369
"/Engine/EngineMaterials/FastBlueNoise_scalar_128x128x8" 10370
"/NNEDenoiser/NNE_oidn2-3-0_rt_hdr_alb_nrm_small__dyn__fp16_opset11_DenoiseAlpha" 10371
"/Engine/EngineMaterials/FastBlueNoise_scalar_128x128x64" 10372
"/Engine/EngineDebugMaterials/DebugEditorMaterial" 10373
"/Engine/EngineResources/Development/ZenLogo_64" 10374
"/Engine/EngineResources/FilmGrains/Marcie_Grain_v3_128_M2_000" 10375
"/Engine/EngineMaterials/DefaultBloomKernel" 10376
"/NNEDenoiser/NNED_Oidn2-3_Balanced" 10377
"/NNEDenoiser/NNEDT_Oidn2-3_Balanced_Alpha" 10378
"C:/Users/finle/Documents/GitHub/CI536_Integrated_Group_Project/CI536_Group_Project/Intermediate/ORTOptimizerPass_OptimizedF982752346CDE1A9A709FBA8C1D9B313.onnx" 10379
"C:/Users/finle/Documents/GitHub/CI536_Integrated_Group_Project/CI536_Group_Project/Intermediate/ORTOptimizerPass_Optimized76E527D74D572C7071A17DBBD4BB1B2C.onnx" 10380
"/InterchangeAssets/Functions/MX_ConductorBSDF" 10381
"/InterchangeAssets/Functions/MX_DielectricBSDF" 10382
"/InterchangeAssets/Functions/MX_TranslucentBSDF" 10383
"/InterchangeAssets/Functions/MX_BurleyDiffuseBSDF" 10384
"/InterchangeAssets/Functions/MX_OrenNayarBSDF" 10385
"/InterchangeAssets/Functions/MX_UsdPreviewSurface" 10386
"/InterchangeAssets/Functions/MX_SurfaceUnlit" 10387
"/Interchange/Pipelines/DefaultGLTFSceneAssetsPipeline" 10388
"/Interchange/Pipelines/DefaultSceneLevelPipeline" 10389
"/Interchange/Pipelines/DefaultSceneAssetsPipeline" 10390
"../../../Engine/Plugins/Interchange/Assets/Content/Functions/MX_ConicalEDF.uasset" 10391
"../../../Engine/Plugins/Interchange/Assets/Content/Functions/MX_SubsurfaceBSDF.uasset" 10392
"../../../Engine/Plugins/Interchange/Assets/Content/Functions/MX_ThinFilmBSDF.uasset" 10393
"../../../Engine/Plugins/Interchange/Assets/Content/Functions/MX_UniformEDF.uasset" 10394
"../../../Engine/Plugins/Interchange/Assets/Content/Functions/MX_AbsorptionVDF.uasset" 10395
"../../../Engine/Plugins/Interchange/Assets/Content/Functions/MX_MeasuredEDF.uasset" 10396
"../../../Engine/Plugins/Interchange/Assets/Content/Functions/MX_GeneralizedSchlickBSDF.uasset" 10397
"/NNEDenoiser/NNEDT_Oidn2-3_Balanced" 10398
"/Engine/EditorResources/BSPVertex" 10399
"/Interchange/Pipelines/DefaultTexturePipeline" 10400
"/InterchangeAssets/Functions/MX_AbsorptionVDF" 10401
"/InterchangeAssets/Functions/MX_MeasuredEDF" 10402
"/InterchangeAssets/Functions/MX_ConicalEDF" 10403
"/InterchangeAssets/Functions/MX_UniformEDF" 10404
"/InterchangeAssets/Functions/MX_ThinFilmBSDF" 10405
"/InterchangeAssets/Functions/MX_SubsurfaceBSDF" 10406
"/InterchangeAssets/Functions/MX_GeneralizedSchlickBSDF" 10407
"../../../Engine/Plugins/Interchange/Assets/Content/Functions/MX_SheenBSDF.uasset" 10408
"/InterchangeAssets/Functions/MX_SheenBSDF" 10409
"../../../Engine/Plugins/Interchange/Assets/Content/Functions/MX_AnisotropicVDF.uasset" 10410
"/InterchangeAssets/Functions/MX_AnisotropicVDF" 10411
"../../../Engine/Plugins/Animation/ControlRig/Content/Controls/ControlRigGizmoMaterial.uasset" 10412
"/ControlRig/Controls/ControlRigGizmoMaterial" 10413
"C:/Users/finle/Documents/GitHub/CI536_Integrated_Group_Project/CI536_Group_Project/Saved/Cooked/Windows/CI536_Group_Project/Metadata/CookedSettings.txt" 10414
